label,hand,x0,y0,z0,x1,y1,z1,x2,y2,z2,x3,y3,z3,x4,y4,z4,x5,y5,z5,x6,y6,z6,x7,y7,z7,x8,y8,z8,x9,y9,z9,x10,y10,z10,x11,y11,z11,x12,y12,z12,x13,y13,z13,x14,y14,z14,x15,y15,z15,x16,y16,z16,x17,y17,z17,x18,y18,z18,x19,y19,z19,x20,y20,z20
open_palm,Right,0.7835124731063843,0.7962799072265625,-2.7980224803769715e-09,0.6845051050186157,0.7651855945587158,-0.04067397490143776,0.5955170392990112,0.6841174364089966,-0.06556347012519836,0.5353970527648926,0.6082249283790588,-0.09095317125320435,0.48347869515419006,0.5756128430366516,-0.11680375784635544,0.6534649729728699,0.4881250262260437,-0.032750967890024185,0.6190258264541626,0.3609992265701294,-0.061227574944496155,0.599413275718689,0.28177565336227417,-0.08430494368076324,0.5818401575088501,0.2073332667350769,-0.10102283954620361,0.712562084197998,0.4492641091346741,-0.036678068339824677,0.6956148743629456,0.29584288597106934,-0.06147928908467293,0.6822350025177002,0.20606669783592224,-0.08631429076194763,0.6709798574447632,0.12808114290237427,-0.10658613592386246,0.7714968919754028,0.4471879005432129,-0.046209484338760376,0.7747955322265625,0.31118863821029663,-0.06944118440151215,0.7704441547393799,0.2270154356956482,-0.09182006865739822,0.7622992396354675,0.15503686666488647,-0.10791455209255219,0.8327537775039673,0.4729095995426178,-0.06204548850655556,0.8570877313613892,0.360328733921051,-0.07943686842918396,0.8692876696586609,0.2918134927749634,-0.09269654005765915,0.8744280338287354,0.22746577858924866,-0.10329152643680573
open_palm,Right,0.7874400615692139,0.7720619440078735,-4.611141690702425e-09,0.690357506275177,0.7415499091148376,-0.04071800038218498,0.6011698246002197,0.6680984497070312,-0.0698915421962738,0.5353997349739075,0.5985236167907715,-0.09932651370763779,0.47814714908599854,0.562380850315094,-0.1290770024061203,0.656162440776825,0.47186559438705444,-0.04274967312812805,0.6195966601371765,0.34234046936035156,-0.07524966448545456,0.5998494625091553,0.26590919494628906,-0.09915594756603241,0.5831273198127747,0.19642767310142517,-0.11618425697088242,0.7143015265464783,0.43597930669784546,-0.048049259930849075,0.6967779397964478,0.28411293029785156,-0.07659004628658295,0.6851562261581421,0.19745999574661255,-0.10135214775800705,0.6757807731628418,0.12407055497169495,-0.1213269978761673,0.7725499272346497,0.4369620382785797,-0.058445852249860764,0.7729498147964478,0.29942309856414795,-0.0854785144329071,0.7686614990234375,0.21591255068778992,-0.10785450041294098,0.7600739598274231,0.14696577191352844,-0.12361572682857513,0.8324288129806519,0.4657069444656372,-0.0746665969491005,0.8572222590446472,0.3554099500179291,-0.09490739554166794,0.8691463470458984,0.28928083181381226,-0.10835021734237671,0.8730262517929077,0.22909849882125854,-0.11863423883914948
open_palm,Right,0.782707691192627,0.7430150508880615,-4.993330193769907e-09,0.686745822429657,0.7122492790222168,-0.041808370500802994,0.5991207957267761,0.640965461730957,-0.07178130745887756,0.5346423983573914,0.5745763182640076,-0.10176841914653778,0.47978103160858154,0.5424443483352661,-0.13188475370407104,0.6572427749633789,0.45308393239974976,-0.04455820098519325,0.6244729161262512,0.32753366231918335,-0.07728571444749832,0.6061079502105713,0.25334158539772034,-0.10156302899122238,0.5904157757759094,0.18593737483024597,-0.11885827034711838,0.7160369157791138,0.41951248049736023,-0.04935083165764809,0.6990877985954285,0.27075710892677307,-0.07846280932426453,0.6877152323722839,0.1824987232685089,-0.10430446267127991,0.6786944270133972,0.10886946320533752,-0.12519380450248718,0.7733986377716064,0.42115768790245056,-0.059131231158971786,0.7736502289772034,0.2852713167667389,-0.08637922257184982,0.7697107195854187,0.2016797959804535,-0.10958933085203171,0.7616215348243713,0.1340274214744568,-0.12598176300525665,0.8314042687416077,0.4488407075405121,-0.07466927170753479,0.8563385605812073,0.338348388671875,-0.09462467581033707,0.8697694540023804,0.27090442180633545,-0.10826446861028671,0.8749275207519531,0.21103107929229736,-0.11888687312602997
open_palm,Right,0.7780380845069885,0.7370491027832031,-4.757136018440633e-09,0.6824675798416138,0.7049447298049927,-0.03923582658171654,0.5965073704719543,0.630867600440979,-0.06808681041002274,0.5344753265380859,0.5634437799453735,-0.09750165045261383,0.4817333519458771,0.5317600965499878,-0.12734097242355347,0.6522268652915955,0.43841227889060974,-0.04311203211545944,0.6205253005027771,0.3130924701690674,-0.07645625621080399,0.6034320592880249,0.2389749437570572,-0.10098693519830704,0.5883106589317322,0.17297279834747314,-0.11843425780534744,0.7106362581253052,0.4062894880771637,-0.04956422746181488,0.6951391696929932,0.2579807639122009,-0.07952072471380234,0.6844168305397034,0.17253103852272034,-0.10575434565544128,0.6749042868614197,0.10068175196647644,-0.12686102092266083,0.7678166627883911,0.41090667247772217,-0.06089252978563309,0.7699933052062988,0.2777070999145508,-0.08923519402742386,0.7665130496025085,0.1952875554561615,-0.11323851346969604,0.7580317258834839,0.1276327669620514,-0.13010373711585999,0.8256571888923645,0.4421599209308624,-0.07772361487150192,0.8530651926994324,0.3356711268424988,-0.09888123720884323,0.8666121959686279,0.2703098654747009,-0.11336632817983627,0.8712990880012512,0.21092110872268677,-0.12454940378665924
open_palm,Right,0.7709872722625732,0.7258245944976807,-4.0505749865360485e-09,0.6768593788146973,0.6985375881195068,-0.039841651916503906,0.5936041474342346,0.6285409927368164,-0.06771507859230042,0.5337223410606384,0.5625910758972168,-0.09576215595006943,0.47995316982269287,0.5308499932289124,-0.12395951896905899,0.6505816578865051,0.4363102614879608,-0.040532249957323074,0.6199046969413757,0.3138929605484009,-0.07132431119680405,0.6033217310905457,0.24058504402637482,-0.09388242661952972,0.5880961418151855,0.1742304265499115,-0.10985658317804337,0.7083686590194702,0.40450575947761536,-0.04504501447081566,0.6933994889259338,0.2607267498970032,-0.07262162864208221,0.6825247406959534,0.17835432291030884,-0.09627736359834671,0.6720296740531921,0.10582900047302246,-0.11524145305156708,0.7648519277572632,0.4082210659980774,-0.05452846735715866,0.7680404782295227,0.2812921404838562,-0.0805855393409729,0.7647936344146729,0.20085835456848145,-0.1018371433019638,0.7556207180023193,0.13224002718925476,-0.11655694991350174,0.821700930595398,0.4381366968154907,-0.06969840079545975,0.847458004951477,0.3333970308303833,-0.08861131221055984,0.8597025275230408,0.2705187201499939,-0.10127407312393188,0.8626761436462402,0.21244508028030396,-0.11102458834648132
open_palm,Right,0.7685524225234985,0.7244722843170166,-4.191329061598026e-09,0.6751915216445923,0.6987527012825012,-0.04296256974339485,0.5918440818786621,0.6296248435974121,-0.072341687977314,0.5325556993484497,0.5628395080566406,-0.10151929408311844,0.47982239723205566,0.5283074378967285,-0.13108530640602112,0.6480183005332947,0.4332876205444336,-0.04321380704641342,0.6167075634002686,0.3109382390975952,-0.07535431534051895,0.5987814664840698,0.2383391112089157,-0.09944834560155869,0.5824185013771057,0.1723434031009674,-0.11651960760354996,0.705381453037262,0.40010592341423035,-0.04689047113060951,0.6903212666511536,0.256350040435791,-0.07586873322725296,0.678653359413147,0.174399733543396,-0.10150781273841858,0.6679183840751648,0.10350194573402405,-0.12185517698526382,0.7615885734558105,0.40285801887512207,-0.055855900049209595,0.7641724348068237,0.2745422124862671,-0.08356092125177383,0.7605070471763611,0.19496473670005798,-0.10722340643405914,0.7516371011734009,0.12799030542373657,-0.12356916815042496,0.818514347076416,0.4326532781124115,-0.07066993415355682,0.844256579875946,0.3281993865966797,-0.09130166471004486,0.8560165166854858,0.2659066915512085,-0.10572182387113571,0.8590129017829895,0.20845600962638855,-0.11671630293130875
open_palm,Right,0.7639592885971069,0.7301614284515381,-3.516200219877419e-09,0.6697218418121338,0.7053055763244629,-0.04208358749747276,0.5866827964782715,0.6345123648643494,-0.06979894638061523,0.5274913311004639,0.5669928789138794,-0.0972432792186737,0.4755350947380066,0.5340931415557861,-0.12478724122047424,0.6431177258491516,0.4420281648635864,-0.04052669554948807,0.6105027198791504,0.3207579553127289,-0.07053587585687637,0.5920383334159851,0.2464604526758194,-0.09320295602083206,0.5753013491630554,0.17754590511322021,-0.10943883657455444,0.700516402721405,0.40911009907722473,-0.04351158067584038,0.6847281455993652,0.2673968970775604,-0.07025732845067978,0.6729110479354858,0.18464183807373047,-0.09407375007867813,0.6620655059814453,0.1104997992515564,-0.11327935755252838,0.7567762136459351,0.4116779863834381,-0.05166458338499069,0.7600505948066711,0.2861558198928833,-0.0771382749080658,0.7569611072540283,0.20519006252288818,-0.09885584563016891,0.7486736178398132,0.1352607011795044,-0.11399892717599869,0.8131730556488037,0.43998852372169495,-0.06573165208101273,0.8391858339309692,0.3368223309516907,-0.08430300652980804,0.8521698117256165,0.27269524335861206,-0.09730973839759827,0.8565451502799988,0.2122434377670288,-0.10745144635438919
open_palm,Right,0.7633526921272278,0.7273671627044678,-4.3384740244789555e-09,0.6711753606796265,0.7015299797058105,-0.04120528697967529,0.5886974334716797,0.6313713788986206,-0.0704699456691742,0.5292785167694092,0.5657035112380981,-0.09967188537120819,0.47621893882751465,0.5330747961997986,-0.1292368471622467,0.6429495811462402,0.44004589319229126,-0.04460703954100609,0.61249178647995,0.31799250841140747,-0.07717090845108032,0.5951744318008423,0.24491029977798462,-0.10092740505933762,0.5794227719306946,0.17882674932479858,-0.11773600429296494,0.7001556754112244,0.4070885479450226,-0.04926453158259392,0.6850441694259644,0.26273059844970703,-0.07869302481412888,0.6733605861663818,0.17965418100357056,-0.10347460955381393,0.6625620126724243,0.10758543014526367,-0.12332649528980255,0.7565593719482422,0.4095851182937622,-0.05885529890656471,0.7574306726455688,0.27938663959503174,-0.08676301687955856,0.7529135346412659,0.19820332527160645,-0.10920925438404083,0.7436937093734741,0.13034504652023315,-0.12488114833831787,0.8139587044715881,0.4383317232131958,-0.07413142919540405,0.839853823184967,0.3325967490673065,-0.0948285460472107,0.8524312973022461,0.26776009798049927,-0.10840413719415665,0.8563260436058044,0.2084251046180725,-0.11888466775417328
open_palm,Right,0.7664430737495422,0.7268344759941101,-3.8030281146461675e-09,0.6730211973190308,0.7026585340499878,-0.04109984263777733,0.5897337794303894,0.6327933669090271,-0.06940813362598419,0.5300668478012085,0.5667816996574402,-0.09754940867424011,0.47712457180023193,0.5354397296905518,-0.12601527571678162,0.6434974670410156,0.43980467319488525,-0.042933713644742966,0.6133235096931458,0.31842827796936035,-0.07457973062992096,0.5957895517349243,0.24512863159179688,-0.09778909385204315,0.5796892642974854,0.17874076962471008,-0.11414928734302521,0.700585663318634,0.4062190353870392,-0.04705420508980751,0.6862961649894714,0.2625707983970642,-0.07536175847053528,0.6746070384979248,0.1796816885471344,-0.09946267306804657,0.6639195084571838,0.10831934213638306,-0.11880576610565186,0.7570109963417053,0.40862318873405457,-0.056167084723711014,0.7584202289581299,0.278179794549942,-0.08340085297822952,0.7539148330688477,0.19711840152740479,-0.10556624829769135,0.7449575066566467,0.12965652346611023,-0.12095426768064499,0.8144577741622925,0.4372643530368805,-0.0709884986281395,0.8409807682037354,0.33213624358177185,-0.09126961976289749,0.8534320592880249,0.26677635312080383,-0.10475929081439972,0.8572803735733032,0.20680522918701172,-0.11511698365211487
open_palm,Right,0.7644422054290771,0.7279787063598633,-3.8599012874840355e-09,0.6714639067649841,0.7010452747344971,-0.03955812752246857,0.5885250568389893,0.6313703656196594,-0.06730730831623077,0.5293183922767639,0.5636516809463501,-0.09512249380350113,0.47739124298095703,0.5284562706947327,-0.12315767258405685,0.6440258622169495,0.43898048996925354,-0.04090052470564842,0.6133202910423279,0.31573396921157837,-0.07155480235815048,0.5957913994789124,0.2423171103000641,-0.09384043514728546,0.5798244476318359,0.17615529894828796,-0.10968524217605591,0.7016425728797913,0.4058052599430084,-0.0454820841550827,0.6866984367370605,0.25960975885391235,-0.07281625270843506,0.6750826239585876,0.17495444416999817,-0.09621129184961319,0.6644784212112427,0.10270440578460693,-0.11512146145105362,0.7581904530525208,0.4088447093963623,-0.05493810027837753,0.7592133283615112,0.2768276333808899,-0.08129241317510605,0.7552506923675537,0.19497841596603394,-0.10268040001392365,0.7461973428726196,0.12672379612922668,-0.1176094114780426,0.8155003786087036,0.43880006670951843,-0.06996750086545944,0.8413655161857605,0.3342830538749695,-0.08973188698291779,0.8541752696037292,0.26920396089553833,-0.10267144441604614,0.8581236600875854,0.20986995100975037,-0.11252596974372864
open_palm,Right,0.765190839767456,0.7244963645935059,-4.0379961596670455e-09,0.6717049479484558,0.701688289642334,-0.042795393615961075,0.5882775187492371,0.6328330636024475,-0.07196374237537384,0.5287280678749084,0.566000759601593,-0.10074436664581299,0.47544926404953003,0.5330572724342346,-0.12988902628421783,0.6441484093666077,0.44036760926246643,-0.04479629546403885,0.6132898330688477,0.3197280168533325,-0.07723060995340347,0.5955429077148438,0.2454909235239029,-0.10102696716785431,0.5794311165809631,0.17720544338226318,-0.11787578463554382,0.7018594741821289,0.40648674964904785,-0.048549290746450424,0.6863686442375183,0.26329055428504944,-0.07783229649066925,0.6741653680801392,0.18015709519386292,-0.10251650959253311,0.6630481481552124,0.10729947686195374,-0.12228164821863174,0.7585553526878357,0.40886935591697693,-0.057480163872241974,0.7596112489700317,0.2793097496032715,-0.08579984307289124,0.7552133798599243,0.19833466410636902,-0.10854166001081467,0.7458995580673218,0.12928462028503418,-0.1242479458451271,0.8160531520843506,0.43802493810653687,-0.07222794741392136,0.8425242900848389,0.33327144384384155,-0.09363068640232086,0.8548451662063599,0.26787906885147095,-0.10779645293951035,0.8581341505050659,0.20686796307563782,-0.11856178939342499
open_palm,Right,0.7652546763420105,0.7252005338668823,-3.504856627145614e-09,0.6714256405830383,0.7004792094230652,-0.04080319404602051,0.5881131291389465,0.6322991251945496,-0.06896838545799255,0.5290607810020447,0.565787136554718,-0.09704308211803436,0.47700583934783936,0.5324834585189819,-0.12539632618427277,0.6437309384346008,0.44075801968574524,-0.0420425608754158,0.6134463548660278,0.319099485874176,-0.07320646196603775,0.5958993434906006,0.24485348165035248,-0.0960431918501854,0.5797009468078613,0.17672574520111084,-0.11225153505802155,0.7017972469329834,0.40664535760879517,-0.046274736523628235,0.6867347955703735,0.2618851065635681,-0.07408711314201355,0.6745110750198364,0.17765972018241882,-0.09787344932556152,0.6631917953491211,0.10481560230255127,-0.11709234118461609,0.7585343718528748,0.4089026153087616,-0.05548899620771408,0.7596834301948547,0.2773842215538025,-0.08250318467617035,0.755382776260376,0.19574445486068726,-0.10439794510602951,0.7461855411529541,0.12713363766670227,-0.11960912495851517,0.8158394694328308,0.43793606758117676,-0.07035306841135025,0.8421871066093445,0.33285534381866455,-0.09053995460271835,0.8550491333007812,0.26736903190612793,-0.10382813215255737,0.8589130640029907,0.20704254508018494,-0.11400208622217178
open_palm,Right,0.7668198943138123,0.7280534505844116,-3.5698279887697026e-09,0.6733517050743103,0.6980518102645874,-0.03624175488948822,0.590728223323822,0.6279486417770386,-0.062386687844991684,0.5324975252151489,0.5611040592193604,-0.0892983078956604,0.481927752494812,0.5289862751960754,-0.11655189841985703,0.6448144316673279,0.43362241983413696,-0.03699653223156929,0.6137516498565674,0.3108884394168854,-0.06686197966337204,0.5961394309997559,0.23770900070667267,-0.08879762887954712,0.5803390741348267,0.1715189814567566,-0.10441488772630692,0.7026042938232422,0.4000263512134552,-0.04316341504454613,0.6878376603126526,0.25433284044265747,-0.06938069313764572,0.6768708229064941,0.16964322328567505,-0.09204523265361786,0.666854739189148,0.09705802798271179,-0.11055918037891388,0.7591893672943115,0.403265118598938,-0.05406713858246803,0.7602753639221191,0.27062129974365234,-0.07933806627988815,0.7570265531539917,0.18903642892837524,-0.0999167338013649,0.7487727403640747,0.12103614211082458,-0.1145203709602356,0.8162408471107483,0.4342222809791565,-0.07037261873483658,0.8421962857246399,0.3302353620529175,-0.08921792358160019,0.8556768298149109,0.266056627035141,-0.10135161876678467,0.8607318997383118,0.20779573917388916,-0.11073921620845795
open_palm,Right,0.770965039730072,0.7263342142105103,-3.7106537842390708e-09,0.676939845085144,0.698650062084198,-0.037587057799100876,0.5952842235565186,0.6299641132354736,-0.06453247368335724,0.5389223098754883,0.5622900724411011,-0.09205533564090729,0.48791542649269104,0.5311117172241211,-0.12008212506771088,0.6489565372467041,0.4329153895378113,-0.03913692384958267,0.6176199316978455,0.3103443682193756,-0.07025326788425446,0.6003764867782593,0.2366511970758438,-0.09362105280160904,0.5851920247077942,0.16899630427360535,-0.11032889783382416,0.7067943811416626,0.3991753160953522,-0.04532130807638168,0.6917927861213684,0.2549956440925598,-0.0733882263302803,0.6812650561332703,0.16975367069244385,-0.09776278585195541,0.6723156571388245,0.095740407705307,-0.1174413412809372,0.763585090637207,0.40296727418899536,-0.05628244951367378,0.7640368342399597,0.271729975938797,-0.08312231302261353,0.76042240858078,0.19090673327445984,-0.10518921911716461,0.7526134252548218,0.12287497520446777,-0.12079679220914841,0.8215445876121521,0.43436115980148315,-0.07269618660211563,0.8471118211746216,0.3301228880882263,-0.09293010830879211,0.8599227666854858,0.26427167654037476,-0.10636413842439651,0.8647918701171875,0.2042049765586853,-0.11681020259857178
open_palm,Right,0.767874538898468,0.7279563546180725,-4.087848726186394e-09,0.6744253635406494,0.6991863250732422,-0.04088839143514633,0.5903480052947998,0.6275841593742371,-0.06977041065692902,0.5309097766876221,0.5597806572914124,-0.09887305647134781,0.4808137118816376,0.5272958278656006,-0.12845878303050995,0.6499724984169006,0.43096086382865906,-0.04411504045128822,0.6192964911460876,0.30740419030189514,-0.07740067690610886,0.6021420359611511,0.23377013206481934,-0.10194449126720428,0.5867695212364197,0.1673208475112915,-0.11923408508300781,0.7076895236968994,0.3986329138278961,-0.04929620772600174,0.6944225430488586,0.2522567808628082,-0.07960115373134613,0.6836411952972412,0.16961169242858887,-0.10513566434383392,0.6742813587188721,0.09828981757164001,-0.1253235936164856,0.7642571926116943,0.4026283323764801,-0.05954007804393768,0.7674232721328735,0.2710297703742981,-0.08792838454246521,0.7636556029319763,0.19161856174468994,-0.11069358140230179,0.7554705739021301,0.12464243173599243,-0.12649127840995789,0.8219156861305237,0.4337035119533539,-0.07555445283651352,0.8488932251930237,0.328491747379303,-0.09669778496026993,0.8613202571868896,0.2643970847129822,-0.11065700650215149,0.8655490875244141,0.20498037338256836,-0.12131556123495102
open_palm,Right,0.774517297744751,0.7217086553573608,-3.735558973261277e-09,0.679655134677887,0.694854736328125,-0.03934662044048309,0.5981163382530212,0.6298855543136597,-0.06733686476945877,0.5433692932128906,0.5599392652511597,-0.09565509855747223,0.4961774945259094,0.5217487215995789,-0.12437569350004196,0.6516857147216797,0.4315607249736786,-0.040978047996759415,0.621044397354126,0.3106618821620941,-0.07222357392311096,0.6038153171539307,0.23703089356422424,-0.09560085088014603,0.5885977149009705,0.16855710744857788,-0.11235859990119934,0.709336519241333,0.39612439274787903,-0.04654305428266525,0.6945077776908875,0.25328946113586426,-0.0748734399676323,0.6834235787391663,0.16788744926452637,-0.09954524040222168,0.6739645004272461,0.09280666708946228,-0.11955021321773529,0.7660107612609863,0.3985525965690613,-0.0569458045065403,0.7683699727058411,0.27028679847717285,-0.08407348394393921,0.7656300067901611,0.19051867723464966,-0.10655888170003891,0.7586310505867004,0.12231695652008057,-0.12245115637779236,0.8239713907241821,0.4292195439338684,-0.07285065948963165,0.85043865442276,0.3267698884010315,-0.09332776814699173,0.8636347055435181,0.2628454864025116,-0.107079416513443,0.8691669702529907,0.20366013050079346,-0.11777414381504059
open_palm,Right,0.780098557472229,0.7185883522033691,-3.4938774096104908e-09,0.6864665746688843,0.691659688949585,-0.046363621950149536,0.5993704795837402,0.6222251057624817,-0.07717768102884293,0.5363744497299194,0.5551260709762573,-0.1072114109992981,0.48427027463912964,0.5234583020210266,-0.1377638876438141,0.6603026986122131,0.43143564462661743,-0.04714145511388779,0.627248227596283,0.3113325238227844,-0.08062233775854111,0.6090998649597168,0.23606957495212555,-0.10641694068908691,0.5936326384544373,0.16582784056663513,-0.12488287687301636,0.7180503606796265,0.3974872827529907,-0.05002034455537796,0.7011668086051941,0.2571788430213928,-0.07980675995349884,0.6902128458023071,0.17198863625526428,-0.10710737854242325,0.6820704340934753,0.09702697396278381,-0.1291198432445526,0.7747281789779663,0.3989352583885193,-0.05840452015399933,0.773390531539917,0.2703073024749756,-0.0868767648935318,0.7689996957778931,0.19007915258407593,-0.11232917755842209,0.7616114020347595,0.12191939353942871,-0.1303943693637848,0.8335362672805786,0.4270419478416443,-0.07291299104690552,0.8575786352157593,0.3200567066669464,-0.09463653713464737,0.8706026673316956,0.2552368640899658,-0.110322967171669,0.8767872452735901,0.19683533906936646,-0.12259902060031891
open_palm,Right,0.7843718528747559,0.7164150476455688,-3.60438590085721e-09,0.6897592544555664,0.6904374361038208,-0.0456460565328598,0.604354739189148,0.6239337921142578,-0.07660145312547684,0.5463001728057861,0.551438570022583,-0.10681889951229095,0.4967227876186371,0.5067701935768127,-0.13748352229595184,0.663799524307251,0.43004193902015686,-0.04620999097824097,0.6335268020629883,0.3091466724872589,-0.0790143609046936,0.6168640851974487,0.2343689203262329,-0.10366649180650711,0.6023890376091003,0.16438019275665283,-0.12120869010686874,0.7230780720710754,0.3962799310684204,-0.0493270680308342,0.7073562145233154,0.2535153031349182,-0.07840070128440857,0.6974627375602722,0.1670483946800232,-0.10445164144039154,0.6897889971733093,0.09128516912460327,-0.1255445033311844,0.7805943489074707,0.3984967768192291,-0.057840414345264435,0.7793249487876892,0.26749300956726074,-0.08524604141712189,0.7765220403671265,0.1861942708492279,-0.10875847190618515,0.769458532333374,0.11579632759094238,-0.1256905496120453,0.8395020365715027,0.42761391401290894,-0.07241793721914291,0.8637239933013916,0.3199883699417114,-0.09313643723726273,0.8778719902038574,0.25291159749031067,-0.10755394399166107,0.8840495347976685,0.1911824643611908,-0.11893048882484436
open_palm,Right,0.784076452255249,0.726808488368988,-2.701503909463554e-09,0.6880221366882324,0.6969559192657471,-0.0403657965362072,0.6042681932449341,0.6258803009986877,-0.06813710182905197,0.5470418930053711,0.5551884770393372,-0.09624726325273514,0.49794161319732666,0.5189425349235535,-0.1248500868678093,0.663000762462616,0.4318021237850189,-0.03974604606628418,0.6318116784095764,0.30786895751953125,-0.07088176906108856,0.6153050661087036,0.2316666841506958,-0.09474960714578629,0.6009922623634338,0.16062355041503906,-0.11197998374700546,0.7219953536987305,0.39869290590286255,-0.0448218397796154,0.7068162560462952,0.2536318302154541,-0.07245349138975143,0.6967692971229553,0.16819500923156738,-0.09767872840166092,0.6884458065032959,0.09336137771606445,-0.11827516555786133,0.7791061401367188,0.4019797444343567,-0.05508560687303543,0.7804118990898132,0.27054017782211304,-0.08186697959899902,0.7781662940979004,0.18964135646820068,-0.10540696978569031,0.7714096903800964,0.12004655599594116,-0.12220973521471024,0.8368299603462219,0.4324743151664734,-0.07105608284473419,0.8642339110374451,0.32993435859680176,-0.09130776673555374,0.8794888854026794,0.2649732232093811,-0.10565879195928574,0.8865252733230591,0.20404842495918274,-0.11692831665277481
open_palm,Right,0.7816892862319946,0.7208529710769653,-3.7040202016669355e-09,0.6861818432807922,0.6901633143424988,-0.04124962165951729,0.600741446018219,0.6168147325515747,-0.06860087811946869,0.5407627820968628,0.5459682941436768,-0.09606631845235825,0.490177720785141,0.5105120539665222,-0.12371826171875,0.6623889803886414,0.42584094405174255,-0.03766008839011192,0.6299680471420288,0.30451422929763794,-0.06753624230623245,0.6136074662208557,0.22973352670669556,-0.09056628495454788,0.5995223522186279,0.1601848602294922,-0.10708092898130417,0.7205374836921692,0.39367926120758057,-0.04147845134139061,0.7043091058731079,0.2494051456451416,-0.0676431804895401,0.6945522427558899,0.16499364376068115,-0.09236300736665726,0.6864125728607178,0.09161382913589478,-0.11239481717348099,0.7771257162094116,0.3968668282032013,-0.05071364343166351,0.77939772605896,0.26676058769226074,-0.0758720338344574,0.7775342464447021,0.185520201921463,-0.09896253794431686,0.7709000110626221,0.1164526641368866,-0.11524961143732071,0.8346076011657715,0.4264601767063141,-0.06579986214637756,0.861280083656311,0.32129812240600586,-0.08426200598478317,0.8753051161766052,0.2583191990852356,-0.09785915166139603,0.8810905814170837,0.20024657249450684,-0.10850629955530167
open_palm,Right,0.7824791073799133,0.720106840133667,-3.0458686683942915e-09,0.6877191662788391,0.6935989856719971,-0.04278700798749924,0.6039341688156128,0.6254096031188965,-0.07236219197511673,0.5460213422775269,0.5560575723648071,-0.10159269720315933,0.49492186307907104,0.5222890377044678,-0.131330668926239,0.6634595394134521,0.43278011679649353,-0.0462331622838974,0.6328520178794861,0.3114391565322876,-0.07930301129817963,0.6163195371627808,0.23481065034866333,-0.10384567081928253,0.6018155217170715,0.1625300645828247,-0.12128793448209763,0.7224422693252563,0.3988279104232788,-0.050564415752887726,0.7073174118995667,0.2564154863357544,-0.07994046807289124,0.6973131895065308,0.17030856013298035,-0.10496249794960022,0.6889510750770569,0.09373149275779724,-0.12539811432361603,0.7796644568443298,0.4010530412197113,-0.0599723719060421,0.7802194952964783,0.2711147367954254,-0.08797819167375565,0.7776035070419312,0.18932870030403137,-0.11091624200344086,0.7705975770950317,0.11826568841934204,-0.12730291485786438,0.8375821709632874,0.4303450286388397,-0.07522056996822357,0.863739550113678,0.32616865634918213,-0.09625109285116196,0.8780485391616821,0.2606741786003113,-0.11038294434547424,0.8843300938606262,0.19965800642967224,-0.12150714546442032
open_palm,Right,0.7853766083717346,0.7181806564331055,-3.6819460813575233e-09,0.6910638809204102,0.6904264688491821,-0.04134261980652809,0.6076560616493225,0.6211494207382202,-0.07063239812850952,0.5498196482658386,0.5520095229148865,-0.10012952983379364,0.4986911416053772,0.5162600874900818,-0.13027483224868774,0.6643756628036499,0.4299456477165222,-0.04354148358106613,0.632377028465271,0.3097929358482361,-0.07658521831035614,0.6155627369880676,0.23399531841278076,-0.10182077437639236,0.6011440753936768,0.16254842281341553,-0.1199350506067276,0.7226921916007996,0.39509862661361694,-0.04905405640602112,0.7073391079902649,0.2515546977519989,-0.07887142896652222,0.6971712112426758,0.1655389368534088,-0.10545997321605682,0.6889233589172363,0.09093290567398071,-0.12693019211292267,0.7793653011322021,0.39731499552726746,-0.05964747443795204,0.7809532284736633,0.2669696509838104,-0.08805786818265915,0.7784348726272583,0.18633034825325012,-0.1122831255197525,0.7716041207313538,0.11810052394866943,-0.12946708500385284,0.836963415145874,0.42692801356315613,-0.07591613382101059,0.8637863397598267,0.3227011263370514,-0.0973038524389267,0.8787890672683716,0.25872811675071716,-0.1120041012763977,0.8858449459075928,0.19997313618659973,-0.12352053821086884
open_palm,Right,0.7855439782142639,0.7168945670127869,-3.171854556782705e-09,0.6905215382575989,0.6882704496383667,-0.042033132165670395,0.6063318252563477,0.6185107231140137,-0.07172185927629471,0.5485948324203491,0.5492078065872192,-0.10149078816175461,0.497942179441452,0.5139220952987671,-0.13188090920448303,0.6651678085327148,0.4293065071105957,-0.044700440019369125,0.6334884166717529,0.3081819713115692,-0.07796265929937363,0.6166141629219055,0.23218666017055511,-0.10331500321626663,0.6021278500556946,0.1604115068912506,-0.12152224779129028,0.7238427996635437,0.39588505029678345,-0.049850646406412125,0.7079066634178162,0.2536877393722534,-0.07971867173910141,0.6982808113098145,0.1673332154750824,-0.10633958131074905,0.6906538009643555,0.09122112393379211,-0.12791521847248077,0.7809868454933167,0.3980216085910797,-0.060093123465776443,0.7809875011444092,0.2688868045806885,-0.08819352835416794,0.7784697413444519,0.18798917531967163,-0.1124756783246994,0.7716861367225647,0.11837971210479736,-0.129876971244812,0.8395448923110962,0.42661115527153015,-0.07606474310159683,0.8654133677482605,0.32133764028549194,-0.09703459590673447,0.8799712657928467,0.2564823031425476,-0.11181117594242096,0.8865445256233215,0.19681820273399353,-0.12354917079210281
open_palm,Right,0.7845938205718994,0.723652184009552,-3.740727727574722e-09,0.6897717714309692,0.6931151747703552,-0.041432227939367294,0.605208158493042,0.6190071105957031,-0.07109569013118744,0.5456529855728149,0.5490286946296692,-0.10089729726314545,0.4924771189689636,0.5147971510887146,-0.1312439739704132,0.6643668413162231,0.42863067984580994,-0.045374855399131775,0.6327017545700073,0.30610817670822144,-0.07910674065351486,0.6161096096038818,0.23048463463783264,-0.10432516783475876,0.6016741394996643,0.16022005677223206,-0.12225880473852158,0.723262369632721,0.3959527611732483,-0.05071384832262993,0.7076641917228699,0.2529557943344116,-0.08091788738965988,0.697708010673523,0.16838395595550537,-0.10695961862802505,0.6892737150192261,0.09412536025047302,-0.12802372872829437,0.7809401154518127,0.3989466726779938,-0.06111275032162666,0.7821163535118103,0.2683296799659729,-0.0893385261297226,0.7796895503997803,0.18742090463638306,-0.11292337626218796,0.7726736068725586,0.1182631254196167,-0.1297728419303894,0.8397694826126099,0.4281408190727234,-0.07722543179988861,0.8668648600578308,0.32193100452423096,-0.09807425737380981,0.8819050788879395,0.2560684084892273,-0.11240258067846298,0.8888435363769531,0.19497424364089966,-0.12376697361469269
open_palm,Right,0.7804386615753174,0.7212448120117188,-4.333061909278513e-09,0.6848165392875671,0.6941602826118469,-0.04681676626205444,0.5983515381813049,0.6194206476211548,-0.07848292589187622,0.5377450585365295,0.5493585467338562,-0.10956765711307526,0.48418498039245605,0.5166178345680237,-0.14128316938877106,0.6585543751716614,0.4276869595050812,-0.04931405186653137,0.6270132660865784,0.3089377284049988,-0.08478641510009766,0.611545979976654,0.23310096561908722,-0.11190692335367203,0.5979605317115784,0.16202646493911743,-0.13109846413135529,0.7182651162147522,0.3945481777191162,-0.052804093807935715,0.7035086750984192,0.2527206540107727,-0.08482243120670319,0.6937989592552185,0.1688309609889984,-0.11354628950357437,0.6853173971176147,0.0953596830368042,-0.13648571074008942,0.7760530114173889,0.39772260189056396,-0.06189242750406265,0.7801371216773987,0.2698019742965698,-0.09163481742143631,0.778188943862915,0.18871623277664185,-0.11801252514123917,0.7713795900344849,0.11990401148796082,-0.13665764033794403,0.8344219923019409,0.42728254199028015,-0.07715381681919098,0.8625033497810364,0.32092463970184326,-0.09907370060682297,0.8766279816627502,0.25709113478660583,-0.11518896371126175,0.8824974298477173,0.19764751195907593,-0.12795361876487732
open_palm,Right,0.7828644514083862,0.7234952449798584,-2.839001256305096e-09,0.6868860721588135,0.6931219100952148,-0.041993360966444016,0.6020037531852722,0.6231027245521545,-0.07196439057588577,0.543928861618042,0.5527956485748291,-0.10202722996473312,0.4946866035461426,0.5149644613265991,-0.13264313340187073,0.6621065735816956,0.43101903796195984,-0.04531169682741165,0.6303131580352783,0.3072776794433594,-0.07893577963113785,0.6134898066520691,0.2297285795211792,-0.1043224111199379,0.5992446541786194,0.15656304359436035,-0.12263472378253937,0.7214546203613281,0.3978031873703003,-0.05069498345255852,0.7059893012046814,0.2526938319206238,-0.08075467497110367,0.6964774131774902,0.16498756408691406,-0.1071939766407013,0.688908576965332,0.08735322952270508,-0.12879471480846405,0.7789528965950012,0.4003599286079407,-0.06118219718337059,0.7791455388069153,0.267670601606369,-0.08961126208305359,0.7766635417938232,0.1853625774383545,-0.1138274297118187,0.7696911096572876,0.1136012077331543,-0.1313329041004181,0.8372316956520081,0.4300469160079956,-0.0774029791355133,0.8640663027763367,0.32436031103134155,-0.09898951649665833,0.8787523508071899,0.2576213777065277,-0.11401978880167007,0.8852470517158508,0.1950989067554474,-0.125944122672081
open_palm,Right,0.7830588221549988,0.725558876991272,-3.1776821174389625e-09,0.6875259280204773,0.6958903074264526,-0.04199899360537529,0.6027142405509949,0.6248908638954163,-0.0713282972574234,0.5448625683784485,0.5533761978149414,-0.10058639198541641,0.49550601840019226,0.5158417224884033,-0.13039812445640564,0.663497805595398,0.43199148774147034,-0.04495846852660179,0.6324290037155151,0.3083034157752991,-0.07794211059808731,0.6159504055976868,0.23082426190376282,-0.10271631926298141,0.6019120216369629,0.15828406810760498,-0.12044157087802887,0.7225590348243713,0.39804592728614807,-0.04976003244519234,0.7076637148857117,0.25269562005996704,-0.07936131954193115,0.6984014511108398,0.1660870611667633,-0.10507746785879135,0.6911783814430237,0.09078845381736755,-0.12596647441387177,0.7801802158355713,0.40017247200012207,-0.05964755639433861,0.7813839912414551,0.268665611743927,-0.08766160905361176,0.7793612480163574,0.18735253810882568,-0.11137907207012177,0.7729924917221069,0.11742553114891052,-0.1283070296049118,0.8392893075942993,0.42944639921188354,-0.07529772073030472,0.8669171333312988,0.32439154386520386,-0.09637701511383057,0.8819425702095032,0.25898581743240356,-0.11105755716562271,0.8886941075325012,0.19782790541648865,-0.12256582081317902
open_palm,Right,0.7852192521095276,0.7281533479690552,-3.1418461166055067e-09,0.6885635256767273,0.7015808820724487,-0.0471155159175396,0.6026496291160583,0.6297651529312134,-0.07862283289432526,0.5431089997291565,0.5580806732177734,-0.1092085987329483,0.4917263388633728,0.520684003829956,-0.14020495116710663,0.664297342300415,0.43567684292793274,-0.0493273101747036,0.6350204348564148,0.31189441680908203,-0.08329256623983383,0.6190035939216614,0.234572172164917,-0.10872593522071838,0.6048665046691895,0.16175439953804016,-0.12687082588672638,0.7240704894065857,0.40288615226745605,-0.051936645060777664,0.709399402141571,0.25827354192733765,-0.08246432989835739,0.6995527744293213,0.17222407460212708,-0.10915929824113846,0.6914832592010498,0.09574100375175476,-0.13071562349796295,0.7819705605506897,0.406339168548584,-0.060017168521881104,0.7836735844612122,0.2763057351112366,-0.08919014036655426,0.7822762131690979,0.19461271166801453,-0.11419937759637833,0.7764964699745178,0.1239691972732544,-0.13179732859134674,0.8405860066413879,0.43661484122276306,-0.07424721866846085,0.8676363825798035,0.3324168920516968,-0.0961441770195961,0.8830762505531311,0.26765570044517517,-0.11170950531959534,0.8903814554214478,0.2067030668258667,-0.12383684515953064
open_palm,Right,0.7868189215660095,0.7341097593307495,-3.1472573436275297e-09,0.6904131770133972,0.7031400203704834,-0.04031288996338844,0.6036669611930847,0.6281210780143738,-0.06885264813899994,0.5418897271156311,0.560307502746582,-0.0977463647723198,0.4887702465057373,0.5325782895088196,-0.1271054893732071,0.6623481512069702,0.4390992522239685,-0.043318599462509155,0.6297340989112854,0.3152059316635132,-0.07609470933675766,0.6136133074760437,0.23780134320259094,-0.10056696087121964,0.5998203754425049,0.16570749878883362,-0.11797827482223511,0.7215760946273804,0.4055940806865692,-0.04875098168849945,0.705112099647522,0.26012009382247925,-0.07751975208520889,0.6957197189331055,0.17408952116966248,-0.10250520706176758,0.6880611181259155,0.0988420844078064,-0.1229565218091011,0.7793448567390442,0.4081834852695465,-0.059227652847766876,0.7803743481636047,0.27676352858543396,-0.08635098487138748,0.7785272598266602,0.19464242458343506,-0.10924439132213593,0.7722490429878235,0.12477809190750122,-0.12560811638832092,0.8380608558654785,0.43720027804374695,-0.07546966522932053,0.8652431964874268,0.3328168988227844,-0.09519854933023453,0.8807862997055054,0.2681749761104584,-0.10879795253276825,0.8881798982620239,0.20807582139968872,-0.11963410675525665
open_palm,Right,0.7858920097351074,0.7322224378585815,-3.3050562286973673e-09,0.6899991631507874,0.700503945350647,-0.04040975496172905,0.6040457487106323,0.6289268732070923,-0.07041864842176437,0.5430368781089783,0.5618088841438293,-0.10071901232004166,0.49083423614501953,0.5282800793647766,-0.13158133625984192,0.6617349982261658,0.4391513466835022,-0.04683494195342064,0.6290988922119141,0.3145799934864044,-0.08107714354991913,0.6121174097061157,0.23757925629615784,-0.10664881020784378,0.5975915789604187,0.16567406058311462,-0.12488487362861633,0.7210878133773804,0.40599745512008667,-0.05265278369188309,0.7061804533004761,0.2588437497615814,-0.08331809192895889,0.6965531706809998,0.17204022407531738,-0.1094951406121254,0.6884486079216003,0.09796583652496338,-0.13077116012573242,0.7787275910377502,0.40837863087654114,-0.06321621686220169,0.7802603840827942,0.2754334807395935,-0.09159212559461594,0.7779568433761597,0.19387894868850708,-0.11509951204061508,0.77073073387146,0.12557604908943176,-0.13195283710956573,0.8370456695556641,0.43740302324295044,-0.07934938371181488,0.8639737367630005,0.33099913597106934,-0.1002805233001709,0.8789840936660767,0.2654756009578705,-0.11449363082647324,0.8854207396507263,0.2055264115333557,-0.12575727701187134
open_palm,Right,0.7857822775840759,0.7324494123458862,-3.1875655448487805e-09,0.6900032162666321,0.700006365776062,-0.039595186710357666,0.6045337319374084,0.6286380290985107,-0.0691404715180397,0.5449522733688354,0.5610190033912659,-0.0992041826248169,0.49399930238723755,0.5285997986793518,-0.12991051375865936,0.662376880645752,0.4367988705635071,-0.04553992673754692,0.6298191547393799,0.3121919631958008,-0.07958346605300903,0.612775444984436,0.2357407510280609,-0.1051318570971489,0.5983067750930786,0.16489863395690918,-0.12337750196456909,0.7217408418655396,0.4035428762435913,-0.0519539937376976,0.7064906358718872,0.2571060061454773,-0.08253688365221024,0.6971088647842407,0.17008495330810547,-0.10888952016830444,0.689539909362793,0.09558087587356567,-0.13028569519519806,0.7794764041900635,0.4060503840446472,-0.06309903413057327,0.7803964614868164,0.27279895544052124,-0.09142157435417175,0.7780605554580688,0.19098854064941406,-0.11501659452915192,0.7711023092269897,0.12250646948814392,-0.1320207566022873,0.8383009433746338,0.43532171845436096,-0.07980313152074814,0.8651493787765503,0.3286031186580658,-0.10086330026388168,0.8797053098678589,0.2622299790382385,-0.1152036115527153,0.885784387588501,0.2016402781009674,-0.1265801191329956
open_palm,Right,0.7881501913070679,0.7296762466430664,-2.8525046769090068e-09,0.6914466619491577,0.6968356966972351,-0.03935474157333374,0.6044259667396545,0.6247563362121582,-0.06770147383213043,0.5427587032318115,0.556783139705658,-0.09640555828809738,0.49048328399658203,0.5240050554275513,-0.1254114806652069,0.663807213306427,0.4376712441444397,-0.04191362485289574,0.6318578124046326,0.31395867466926575,-0.07363211363554001,0.6152490377426147,0.23710662126541138,-0.09721426665782928,0.6009820699691772,0.16503924131393433,-0.11405277997255325,0.7230021953582764,0.40404212474823,-0.047294702380895615,0.7077836990356445,0.25791415572166443,-0.0747797042131424,0.6986462473869324,0.1706830859184265,-0.09877800196409225,0.6912669539451599,0.09501668810844421,-0.11865141987800598,0.780522882938385,0.4058486521244049,-0.05758052319288254,0.7810558080673218,0.2734876871109009,-0.0833769217133522,0.7791386246681213,0.19193747639656067,-0.10514255613088608,0.7726271152496338,0.12237110733985901,-0.12089315801858902,0.8389368057250977,0.43410003185272217,-0.07353082299232483,0.8650992512702942,0.32892537117004395,-0.09236747026443481,0.8802474141120911,0.26411086320877075,-0.10526549071073532,0.8871637582778931,0.20432767271995544,-0.11554985493421555
open_palm,Right,0.7862022519111633,0.7287147045135498,-2.9293001357899584e-09,0.6903886198997498,0.6957892179489136,-0.04008699208498001,0.6043644547462463,0.6245657205581665,-0.06993432343006134,0.5443539619445801,0.5563904047012329,-0.10011028498411179,0.49383217096328735,0.5211486220359802,-0.13090479373931885,0.6644489169120789,0.43594613671302795,-0.046609699726104736,0.6323966383934021,0.3120929002761841,-0.08069834113121033,0.6150498986244202,0.2357809990644455,-0.10594237595796585,0.5998997092247009,0.16507941484451294,-0.12396348267793655,0.7238571643829346,0.4033651053905487,-0.052812110632658005,0.7088266015052795,0.25685322284698486,-0.0833251029253006,0.6990721225738525,0.1698002815246582,-0.10928796976804733,0.6910017132759094,0.09523811936378479,-0.1304555982351303,0.7812668085098267,0.40618211030960083,-0.06374716013669968,0.7819817066192627,0.2727063298225403,-0.09209251403808594,0.7796401381492615,0.19043812155723572,-0.11545068770647049,0.7724716067314148,0.12058451771736145,-0.13232828676700592,0.8394883275032043,0.4357180595397949,-0.08022018522024155,0.8662939667701721,0.32963258028030396,-0.10136082023382187,0.8810402750968933,0.2635987401008606,-0.11560656875371933,0.8872612118721008,0.20272383093833923,-0.12688738107681274
open_palm,Right,0.7871739864349365,0.7272968292236328,-3.1934292987756407e-09,0.6920979619026184,0.6959388256072998,-0.040112800896167755,0.6075879335403442,0.6251382231712341,-0.06945232301950455,0.5487523674964905,0.5568204522132874,-0.09907901287078857,0.497962087392807,0.5250987410545349,-0.1292521357536316,0.6651049852371216,0.4347974359989166,-0.04529601335525513,0.6328185796737671,0.3124195337295532,-0.07895924896001816,0.6161942481994629,0.23532313108444214,-0.10404035449028015,0.6021962761878967,0.1628953218460083,-0.1219639927148819,0.7243537306785583,0.4011525511741638,-0.05138782039284706,0.7097386121749878,0.2558593153953552,-0.08128316700458527,0.7009388208389282,0.1679689586162567,-0.10690335929393768,0.6938084959983826,0.0915883481502533,-0.12787838280200958,0.781996488571167,0.4038214385509491,-0.06231990084052086,0.7832417488098145,0.27143776416778564,-0.09016085416078568,0.7810600399971008,0.18962043523788452,-0.11324494332075119,0.7742770910263062,0.1197318434715271,-0.12996001541614532,0.8405656814575195,0.43363156914711,-0.07888855785131454,0.8675219416618347,0.32804566621780396,-0.0996810793876648,0.8821773529052734,0.262326180934906,-0.11381404101848602,0.8886728286743164,0.20177733898162842,-0.12506648898124695
open_palm,Right,0.7871273159980774,0.724669337272644,-3.19830428807677e-09,0.6915107369422913,0.6972372531890869,-0.04371257126331329,0.6066357493400574,0.627220094203949,-0.07413142174482346,0.5466763973236084,0.5606114268302917,-0.10409298539161682,0.4932815134525299,0.5312736630439758,-0.1344483345746994,0.6638393402099609,0.43665507435798645,-0.04726498946547508,0.6330949664115906,0.3137877583503723,-0.08077778667211533,0.6172284483909607,0.2361714243888855,-0.10577720403671265,0.603256106376648,0.16325363516807556,-0.12356043606996536,0.7235511541366577,0.4025942087173462,-0.05113297328352928,0.7087777256965637,0.25693178176879883,-0.08066228032112122,0.6996279358863831,0.16953232884407043,-0.10634920746088028,0.6916923522949219,0.09319719672203064,-0.12735609710216522,0.7814739346504211,0.4048326015472412,-0.060116346925497055,0.7825132012367249,0.2734107971191406,-0.08798418194055557,0.7805972695350647,0.19144406914710999,-0.11169978231191635,0.7736797332763672,0.1215851902961731,-0.12861716747283936,0.8398516178131104,0.4339428246021271,-0.0749855563044548,0.8668661713600159,0.3286493420600891,-0.09548938274383545,0.8826385140419006,0.26362526416778564,-0.10986902564764023,0.8898673057556152,0.20351773500442505,-0.12127038836479187
open_palm,Right,0.7837716937065125,0.7291170358657837,-3.6440817030580774e-09,0.6882911324501038,0.6977788209915161,-0.04158402234315872,0.6014561057090759,0.6211601495742798,-0.07145053148269653,0.5396391153335571,0.5520344972610474,-0.10161847621202469,0.4867982268333435,0.5215777158737183,-0.13228297233581543,0.6634623408317566,0.43480953574180603,-0.04598001763224602,0.6316050887107849,0.3122718334197998,-0.0806720033288002,0.6149656176567078,0.2353426218032837,-0.10641982406377792,0.6005648374557495,0.1635400950908661,-0.12467844039201736,0.7226468324661255,0.40213632583618164,-0.05181317403912544,0.7078551054000854,0.2566729784011841,-0.08257032185792923,0.6981295347213745,0.17065468430519104,-0.10880624502897263,0.6901416182518005,0.09595802426338196,-0.13014529645442963,0.7800097465515137,0.40570756793022156,-0.06286074966192245,0.7815235257148743,0.27390652894973755,-0.0917632207274437,0.7791754007339478,0.19139528274536133,-0.11559045314788818,0.7724623084068298,0.12116611003875732,-0.13256308436393738,0.8382360935211182,0.43547579646110535,-0.07972751557826996,0.8661853075027466,0.33046653866767883,-0.10107547789812088,0.8819364309310913,0.26411163806915283,-0.11555078625679016,0.8894162774085999,0.20192092657089233,-0.12698861956596375
open_palm,Right,0.7874740362167358,0.723763108253479,-3.186329200488558e-09,0.6912626624107361,0.6959007978439331,-0.04266074672341347,0.6059789061546326,0.6271458268165588,-0.07269736379384995,0.5468968152999878,0.5593730807304382,-0.10239315778017044,0.4950653314590454,0.52613765001297,-0.13271649181842804,0.6630917191505432,0.43701860308647156,-0.047790419310331345,0.6306667327880859,0.3149104118347168,-0.08150582760572433,0.6141720414161682,0.23672664165496826,-0.10677564144134521,0.6001235842704773,0.16257703304290771,-0.12473730742931366,0.7227082252502441,0.401466429233551,-0.05200977623462677,0.706916868686676,0.256533682346344,-0.08202424645423889,0.6976645588874817,0.16901421546936035,-0.10779155790805817,0.6901131868362427,0.09282571077346802,-0.128791943192482,0.7807769179344177,0.4021858870983124,-0.061095260083675385,0.781527578830719,0.27150923013687134,-0.08907002210617065,0.7794770002365112,0.18961423635482788,-0.11252985149621964,0.7728360891342163,0.1198759377002716,-0.12934736907482147,0.8397252559661865,0.4302932620048523,-0.07593659311532974,0.8660491704940796,0.32502084970474243,-0.09657096862792969,0.8810749650001526,0.2600509226322174,-0.1108425036072731,0.8878899812698364,0.20007726550102234,-0.122169628739357
open_palm,Right,0.7889964580535889,0.7372571229934692,-2.981639601884467e-09,0.6929546594619751,0.709539532661438,-0.04468769207596779,0.6075620651245117,0.6372769474983215,-0.07576104253530502,0.5492054224014282,0.5659646987915039,-0.10633616894483566,0.4978722929954529,0.5321468710899353,-0.13760250806808472,0.6670883893966675,0.4420986473560333,-0.05053389444947243,0.6366208791732788,0.31652340292930603,-0.08593259006738663,0.6197372078895569,0.23722800612449646,-0.11215938627719879,0.6050117611885071,0.16287770867347717,-0.13085301220417023,0.7269552946090698,0.40780696272850037,-0.05525035411119461,0.7125999927520752,0.26018404960632324,-0.08685905486345291,0.7025707960128784,0.1710498332977295,-0.11365539580583572,0.6944593787193298,0.09225371479988098,-0.13557307422161102,0.7853270173072815,0.41054290533065796,-0.06510945409536362,0.7855066657066345,0.2753816545009613,-0.09500430524349213,0.7824190855026245,0.19070419669151306,-0.11956934630870819,0.7755590677261353,0.11705300211906433,-0.1372944563627243,0.8447163105010986,0.4410507082939148,-0.08097083121538162,0.8704699277877808,0.3329305648803711,-0.10366811603307724,0.8854277729988098,0.2639681100845337,-0.11911392956972122,0.8929193019866943,0.19972315430641174,-0.1313767284154892
open_palm,Right,0.7826253175735474,0.7291315793991089,-4.806141706836797e-09,0.6874986886978149,0.6977763772010803,-0.04393467307090759,0.6009775400161743,0.6216959953308105,-0.07539036870002747,0.5396926403045654,0.5518347024917603,-0.10687030851840973,0.4865724444389343,0.5203438997268677,-0.13899272680282593,0.6609475016593933,0.4319949746131897,-0.049456432461738586,0.6287308931350708,0.3091852068901062,-0.08540493994951248,0.6127161383628845,0.2332419902086258,-0.11243622750043869,0.5991023778915405,0.16271796822547913,-0.13157829642295837,0.7201249599456787,0.39985281229019165,-0.054718825966119766,0.7049911618232727,0.2550275921821594,-0.08717011660337448,0.6950759291648865,0.1697140336036682,-0.11539570987224579,0.6868426203727722,0.0957682728767395,-0.13801808655261993,0.7776554822921753,0.4039151966571808,-0.06522133946418762,0.782795786857605,0.2736113667488098,-0.0949985682964325,0.7813218832015991,0.1916927993297577,-0.12027590721845627,0.7749577760696411,0.12299841642379761,-0.13819241523742676,0.8358475565910339,0.4346955716609955,-0.08166055381298065,0.8642674088478088,0.32699131965637207,-0.10362295061349869,0.8790056705474854,0.2632606625556946,-0.11892399191856384,0.8854281902313232,0.20477226376533508,-0.13097095489501953
open_palm,Right,0.7873724699020386,0.7297211289405823,-3.427025330182687e-09,0.6926745176315308,0.701949954032898,-0.04412255063652992,0.608412504196167,0.6322831511497498,-0.07430090010166168,0.5517523288726807,0.5578188300132751,-0.10391435027122498,0.5011871457099915,0.5167624354362488,-0.1341172754764557,0.6667664051055908,0.43519750237464905,-0.045870617032051086,0.6360002756118774,0.3100448250770569,-0.07847083359956741,0.6197797060012817,0.23305614292621613,-0.10279489308595657,0.6058439016342163,0.16189301013946533,-0.12014076858758926,0.7269248366355896,0.4004083275794983,-0.04972635954618454,0.7113751173019409,0.25409722328186035,-0.0784616619348526,0.7018946409225464,0.166447252035141,-0.1038820743560791,0.6943198442459106,0.09035718441009521,-0.12462302297353745,0.7857984304428101,0.4024224281311035,-0.058801330626010895,0.7844343185424805,0.26765918731689453,-0.08604857325553894,0.7814476490020752,0.18416327238082886,-0.10952332615852356,0.7740415930747986,0.11236879229545593,-0.12653325498104095,0.846013069152832,0.43236398696899414,-0.07380331307649612,0.8710442781448364,0.32252445816993713,-0.09443584084510803,0.8855955600738525,0.2536177635192871,-0.10886556655168533,0.8921652436256409,0.19071775674819946,-0.12029092758893967
open_palm,Right,0.7968840599060059,0.7259060144424438,-2.259566755924425e-09,0.6981825828552246,0.6952834129333496,-0.04339784383773804,0.6099157333374023,0.6229389905929565,-0.07123418152332306,0.5490590333938599,0.5489209294319153,-0.09948370605707169,0.5020439624786377,0.4989719092845917,-0.12866152822971344,0.6640271544456482,0.4416038691997528,-0.03447261452674866,0.6274334788322449,0.327077180147171,-0.06653091311454773,0.6075912117958069,0.2546355426311493,-0.0928254947066307,0.5893186330795288,0.18427428603172302,-0.11171556264162064,0.7189161777496338,0.39974939823150635,-0.03919973596930504,0.6988982558250427,0.249078169465065,-0.06782461702823639,0.6841976642608643,0.16460880637168884,-0.09788576513528824,0.6719175577163696,0.09185141324996948,-0.1218506321310997,0.7734792828559875,0.39347702264785767,-0.05009507015347481,0.7673014998435974,0.25416892766952515,-0.07805618643760681,0.7581910490989685,0.1719476878643036,-0.1063133105635643,0.7470807433128357,0.0989164412021637,-0.12650644779205322,0.8303369879722595,0.4165287911891937,-0.06679051369428635,0.852577805519104,0.30023032426834106,-0.08908957988023758,0.8659726977348328,0.2294207066297531,-0.1063305214047432,0.8733316659927368,0.162153959274292,-0.11995531618595123
open_palm,Right,0.15932676196098328,0.6676700115203857,2.0409369749785355e-09,0.18990324437618256,0.6727219820022583,0.012357625178992748,0.21214833855628967,0.6523405313491821,0.016994966194033623,0.22094465792179108,0.6204354166984558,0.02016892284154892,0.21746224164962769,0.5931525826454163,0.02389734424650669,0.21597044169902802,0.6051710247993469,0.003659783396869898,0.22678588330745697,0.5910747647285461,0.011758011765778065,0.21706180274486542,0.6031520962715149,0.019141407683491707,0.20828837156295776,0.610774576663971,0.022664207965135574,0.20567749440670013,0.5795474052429199,-0.0017825562972575426,0.21492406725883484,0.5722037553787231,0.007929696701467037,0.20718669891357422,0.5868274569511414,0.013903258368372917,0.19931741058826447,0.5981113910675049,0.015284727327525616,0.19251473248004913,0.561414361000061,-0.004479090217500925,0.20148783922195435,0.5535624623298645,0.0074797123670578,0.19514672458171844,0.5711751580238342,0.013255690224468708,0.18841129541397095,0.5863968729972839,0.013419033959507942,0.17793090641498566,0.5490060448646545,-0.0065088276751339436,0.1849484145641327,0.5399997234344482,0.003927996847778559,0.18103718757629395,0.5553141832351685,0.009581693448126316,0.17582249641418457,0.56964111328125,0.011354493908584118
open_palm,Right,0.15281391143798828,0.6315174102783203,-3.5527618624797697e-09,0.1812177300453186,0.6362834572792053,0.008081190288066864,0.2033103108406067,0.6156305074691772,0.011489766649901867,0.21401916444301605,0.5828480124473572,0.013508324511349201,0.21830880641937256,0.5535045862197876,0.01633886992931366,0.21482795476913452,0.5794410109519958,0.006004640832543373,0.21429267525672913,0.5535880327224731,0.013275330886244774,0.20185250043869019,0.5634562373161316,0.02023928612470627,0.19562654197216034,0.5767103433609009,0.02353813126683235,0.2047019749879837,0.5537177324295044,0.0010749869979918003,0.20206421613693237,0.5387552976608276,0.007097717374563217,0.19185830652713776,0.5504080057144165,0.011017154902219772,0.1865651160478592,0.5648844838142395,0.012463818304240704,0.19085031747817993,0.5342326164245605,-0.0022964917588979006,0.18856745958328247,0.5221296548843384,0.0043809800408780575,0.18000410497188568,0.5363575220108032,0.007615344133228064,0.17615903913974762,0.552649199962616,0.007847101427614689,0.17515161633491516,0.5207816958427429,-0.005091110710054636,0.17331598699092865,0.5084097981452942,0.0005779468338005245,0.16740839183330536,0.5225892066955566,0.0038289232179522514,0.1637539118528366,0.5384701490402222,0.005243227351456881
open_palm,Right,0.1556951403617859,0.6185194849967957,-1.577289077125954e-09,0.18479467928409576,0.6288532018661499,0.006667946930974722,0.20692205429077148,0.6081602573394775,0.01068386621773243,0.21536089479923248,0.5775409936904907,0.014238165691494942,0.2127280831336975,0.5525450706481934,0.018406860530376434,0.20934395492076874,0.5538791418075562,0.0037438031286001205,0.21861104667186737,0.5499024391174316,0.012177030555903912,0.20944902300834656,0.569182813167572,0.019108502194285393,0.20044785737991333,0.5813916921615601,0.022301213815808296,0.19835937023162842,0.5292820930480957,0.0016109507996588945,0.2068065106868744,0.5364990830421448,0.01137562096118927,0.20033235847949982,0.5544363260269165,0.015796059742569923,0.1929856836795807,0.5652181506156921,0.016341228038072586,0.1854468584060669,0.5137091875076294,0.0013567174319177866,0.19483837485313416,0.5208480954170227,0.01220696046948433,0.18965046107769012,0.538148820400238,0.015542544424533844,0.18338030576705933,0.5497170090675354,0.014612765982747078,0.17171834409236908,0.5042043328285217,0.0013830778189003468,0.18066346645355225,0.5065216422080994,0.010253824293613434,0.17729997634887695,0.521255373954773,0.013875552453100681,0.17134572565555573,0.5321573615074158,0.01466310489922762
open_palm,Left,0.15809938311576843,0.6363351345062256,3.757336108911602e-10,0.1655450463294983,0.6199275851249695,-0.0002787142002489418,0.18228411674499512,0.5888638496398926,-0.0016892016865313053,0.19970101118087769,0.5665417909622192,-0.0030462993308901787,0.21111255884170532,0.5546400547027588,-0.004343821667134762,0.1858503669500351,0.5389965176582336,-0.006483146920800209,0.20409967005252838,0.5434229969978333,-0.004205949604511261,0.20050644874572754,0.5661237239837646,-0.0015974155394360423,0.191402405500412,0.578094482421875,-0.0010490277782082558,0.190224751830101,0.5366000533103943,-0.008288984186947346,0.2057446539402008,0.5495496392250061,-0.004339299164712429,0.20214837789535522,0.5695188045501709,-0.0034589956048876047,0.19415009021759033,0.5801894068717957,-0.0054620737209916115,0.19356860220432281,0.5439309477806091,-0.008939296938478947,0.20849551260471344,0.5554120540618896,-0.00437835743650794,0.2040233612060547,0.5741125345230103,-0.0033637259621173143,0.1952773630619049,0.5840052366256714,-0.00553087517619133,0.1960861086845398,0.5567569136619568,-0.009837315417826176,0.20813816785812378,0.563683807849884,-0.00613081268966198,0.20350106060504913,0.5789952874183655,-0.004612486343830824,0.19487006962299347,0.5887512564659119,-0.005145352333784103
open_palm,Right,0.15891346335411072,0.6389206647872925,-1.769655755268218e-09,0.18739549815654755,0.6533494591712952,0.006384096574038267,0.21131683886051178,0.6343065500259399,0.010456348769366741,0.22287946939468384,0.6064707636833191,0.01441758032888174,0.2223263382911682,0.583869218826294,0.01885661482810974,0.21117252111434937,0.576637327671051,0.003440458793193102,0.22739268839359283,0.5804007649421692,0.012925961054861546,0.21984995901584625,0.5963249206542969,0.020603319630026817,0.20960314571857452,0.6055266857147217,0.024365510791540146,0.19890929758548737,0.5520326495170593,0.002386984881013632,0.2147490382194519,0.5644990801811218,0.013633891008794308,0.20923419296741486,0.581178605556488,0.019077768549323082,0.2021835297346115,0.5902370810508728,0.020376626402139664,0.18621627986431122,0.5363993644714355,0.003356154542416334,0.2021101415157318,0.5464244484901428,0.01504067424684763,0.19729043543338776,0.5645632743835449,0.018927263095974922,0.18912720680236816,0.5744221806526184,0.01861358992755413,0.17251752316951752,0.5258127450942993,0.00485850078985095,0.18426859378814697,0.5261542201042175,0.014163934625685215,0.18251687288284302,0.5407201647758484,0.01770162209868431,0.176967054605484,0.5511161684989929,0.01870180480182171
open_palm,Right,0.15859273076057434,0.6309415102005005,-2.6598119262644104e-09,0.18616658449172974,0.6439394950866699,0.004823608789592981,0.2094138264656067,0.6244449615478516,0.007266715168952942,0.2196456640958786,0.5938450694084167,0.009445864707231522,0.21740171313285828,0.5665863752365112,0.012219812721014023,0.21344734728336334,0.5727301836013794,0.0007648692117072642,0.2215835154056549,0.568131685256958,0.008114043623209,0.21241123974323273,0.5851711630821228,0.014628930948674679,0.20324799418449402,0.5984033346176147,0.017503155395388603,0.20202641189098358,0.5468942523002625,-0.001286231097765267,0.2095559984445572,0.5537406206130981,0.006605053786188364,0.20249532163143158,0.5708508491516113,0.010551120154559612,0.19517360627651215,0.5826765894889832,0.011041016317903996,0.18852224946022034,0.5297244191169739,-0.0015468293568119407,0.19746780395507812,0.5382866859436035,0.007370949722826481,0.19161999225616455,0.5557684302330017,0.010312753729522228,0.18445448577404022,0.5674204230308533,0.009453393518924713,0.17381000518798828,0.5188032984733582,-0.0015566156944260001,0.18207469582557678,0.5231443643569946,0.0061096614226698875,0.17858479917049408,0.5386949181556702,0.009147660806775093,0.17283253371715546,0.5493679642677307,0.009703170508146286
open_palm,Right,0.16118626296520233,0.6330738663673401,-1.874729926854002e-09,0.18818633258342743,0.6455599665641785,0.003966964781284332,0.21101781725883484,0.6247994899749756,0.006133992690593004,0.22105073928833008,0.5925912857055664,0.008146842010319233,0.22089457511901855,0.5664315819740295,0.010769478045403957,0.21210744976997375,0.5733476877212524,0.0006930106319487095,0.2217245101928711,0.5669870376586914,0.008103376254439354,0.2140539139509201,0.5845724940299988,0.014576940797269344,0.2052469700574875,0.5974389314651489,0.017415596172213554,0.2010657787322998,0.5480386018753052,-0.0008306388044729829,0.21027407050132751,0.553444504737854,0.007662421092391014,0.20430459082126617,0.5702796578407288,0.011504607275128365,0.1972205638885498,0.581453263759613,0.011775716207921505,0.1884932667016983,0.5312647223472595,-0.000653327617328614,0.19971925020217896,0.5382882952690125,0.00864674523472786,0.1945934146642685,0.5547622442245483,0.011539682745933533,0.18749770522117615,0.5658729076385498,0.010540653951466084,0.1751389354467392,0.5204219818115234,-0.0003179612394887954,0.186031311750412,0.5229582786560059,0.00739766750484705,0.18290093541145325,0.5377750992774963,0.010573429055511951,0.17682276666164398,0.5483693480491638,0.01115142460912466
open_palm,Left,0.16097398102283478,0.6342170238494873,-1.5062119329556367e-09,0.18413588404655457,0.6432918310165405,0.0017825932009145617,0.2053765505552292,0.6207892298698425,0.004670031368732452,0.215270534157753,0.5920615792274475,0.007573176175355911,0.21551217138767242,0.5716902613639832,0.010774930007755756,0.20687298476696014,0.5669870376586914,0.0028439960442483425,0.21574699878692627,0.5647866129875183,0.010240172035992146,0.2082149237394333,0.582338273525238,0.016039425507187843,0.19974544644355774,0.5930898785591125,0.018579909577965736,0.198261097073555,0.5473442077636719,0.0023705502972006798,0.2072005718946457,0.5542841553688049,0.010601663962006569,0.20203304290771484,0.5706021189689636,0.01325711514800787,0.19526565074920654,0.5816702842712402,0.012932012788951397,0.18801288306713104,0.536870002746582,0.00293695367872715,0.19839021563529968,0.544723391532898,0.010620813816785812,0.1940097212791443,0.5621843934059143,0.011558289639651775,0.1877841353416443,0.5731267333030701,0.009901146404445171,0.17677979171276093,0.5321903824806213,0.0034776129759848118,0.18639269471168518,0.5356326103210449,0.009050069376826286,0.18455393612384796,0.5503473877906799,0.010308779776096344,0.1799178123474121,0.5615173578262329,0.009998477064073086
open_palm,Right,0.16352730989456177,0.6374950408935547,-2.92177193550458e-09,0.18929024040699005,0.6475926637649536,0.007460298016667366,0.2099798023700714,0.6272445917129517,0.012605056166648865,0.21543021500110626,0.5962206125259399,0.01741809956729412,0.20792156457901,0.574204683303833,0.02301466278731823,0.2172158807516098,0.5826260447502136,0.005415875930339098,0.21726134419441223,0.5712828040122986,0.014607934281229973,0.20818562805652618,0.5870340466499329,0.02187546156346798,0.20145098865032196,0.6013537049293518,0.0254100039601326,0.20605547726154327,0.5559766888618469,0.003653526771813631,0.2057054042816162,0.5556745529174805,0.013379894196987152,0.19781574606895447,0.5713765621185303,0.017849771305918694,0.19144994020462036,0.5845671892166138,0.01888478547334671,0.192138671875,0.5373474955558777,0.003732372308149934,0.19275376200675964,0.5412915349006653,0.014706414192914963,0.18579940497875214,0.5587013959884644,0.017187999561429024,0.18033257126808167,0.5718579888343811,0.016009820625185966,0.17681074142456055,0.5246837139129639,0.004299792926758528,0.17797806859016418,0.5260558128356934,0.013750302605330944,0.17339472472667694,0.5412307381629944,0.016431475058197975,0.16927365958690643,0.5533832907676697,0.016605455428361893
open_palm,Right,0.16254198551177979,0.6288431286811829,-2.3772270818511743e-09,0.18757647275924683,0.6433681845664978,0.004185229539871216,0.2100563943386078,0.6248469948768616,0.007027759216725826,0.21881698071956635,0.5955407023429871,0.010103127919137478,0.21629706025123596,0.5727310180664062,0.013618812896311283,0.21188105642795563,0.5713807940483093,-0.0007331439992412925,0.21933111548423767,0.5674194693565369,0.006636479869484901,0.211067795753479,0.5855997800827026,0.013248229399323463,0.20237500965595245,0.5978668928146362,0.01627817004919052,0.20032089948654175,0.5461005568504333,-0.0017158153932541609,0.2066454440355301,0.5531649589538574,0.006196870002895594,0.20004375278949738,0.5703468322753906,0.010532072745263577,0.19299030303955078,0.5801237225532532,0.01140555553138256,0.18671776354312897,0.5297351479530334,-0.0008249619277194142,0.1948380470275879,0.5400592088699341,0.008188104256987572,0.18946391344070435,0.557411253452301,0.011261329054832458,0.18283098936080933,0.5677655935287476,0.010618501342833042,0.17202453315258026,0.5198050737380981,0.0003443649038672447,0.1808130145072937,0.5268465876579285,0.0077359639108181,0.17753854393959045,0.5429219007492065,0.01066339761018753,0.1718236356973648,0.5531310439109802,0.011297238990664482
open_palm,Left,0.16278275847434998,0.6326392292976379,1.0863777655245599e-09,0.15843594074249268,0.6003523468971252,0.0005581039586104453,0.16703374683856964,0.5646114349365234,0.002175305737182498,0.1822594255208969,0.5449020862579346,0.003576533868908882,0.19404789805412292,0.5407760739326477,0.004947054199874401,0.17553403973579407,0.5254701972007751,0.0019424502970650792,0.19027292728424072,0.5283732414245605,0.007455312646925449,0.18974456191062927,0.5505110025405884,0.010821421630680561,0.1839974969625473,0.5624474287033081,0.011683137156069279,0.18747560679912567,0.5333830118179321,0.0009374848450534046,0.201385959982872,0.5443624258041382,0.00841499213129282,0.19886378943920135,0.5643194913864136,0.009249957278370857,0.19242414832115173,0.5735793709754944,0.00712593225762248,0.19796651601791382,0.5491359233856201,0.0005830657319165766,0.21048010885715485,0.5594418048858643,0.007860265672206879,0.20647871494293213,0.5764912366867065,0.007476483471691608,0.19880874454975128,0.585433840751648,0.004261884372681379,0.20684802532196045,0.568992555141449,-9.228792623616755e-05,0.21702733635902405,0.5737995505332947,0.005122115835547447,0.21261247992515564,0.5867249965667725,0.005561287514865398,0.20509114861488342,0.5949115753173828,0.00425605708733201
open_palm,Left,0.16113950312137604,0.6307278871536255,1.7298099064255723e-10,0.1603180170059204,0.6006495952606201,0.0029875149484723806,0.17187775671482086,0.567776083946228,0.0049920715391635895,0.18901121616363525,0.5542194843292236,0.006250951439142227,0.20188510417938232,0.556784451007843,0.007552721071988344,0.18353775143623352,0.5319867134094238,0.005097987595945597,0.20147903263568878,0.5412401556968689,0.010523246601223946,0.1964576095342636,0.5612909197807312,0.013705877587199211,0.1872815042734146,0.5715633630752563,0.014531653374433517,0.19350957870483398,0.5379719138145447,0.0027549737133085728,0.2079612910747528,0.5524473190307617,0.010061330161988735,0.20226605236530304,0.5700297951698303,0.011216046288609505,0.19476690888404846,0.5783737897872925,0.009460851550102234,0.20149336755275726,0.5515363216400146,0.001124516362324357,0.21318207681179047,0.562839150428772,0.008239203132689,0.20703956484794617,0.5793591737747192,0.00791249517351389,0.19844822585582733,0.5870455503463745,0.004896155558526516,0.20716813206672668,0.5696638226509094,-0.0005941124400123954,0.21534264087677002,0.5761454701423645,0.00531226210296154,0.20952343940734863,0.5895107984542847,0.006064215674996376,0.20155715942382812,0.5967432856559753,0.004836174659430981
open_palm,Right,0.1624966710805893,0.6281348466873169,-1.875754884750336e-09,0.18299485743045807,0.6388283371925354,0.005976726766675711,0.2015773504972458,0.6188074946403503,0.012263310141861439,0.21049660444259644,0.5918827056884766,0.017809517681598663,0.21062299609184265,0.5746045708656311,0.023383118212223053,0.20541664958000183,0.5665351152420044,0.012097865343093872,0.21355099976062775,0.567171037197113,0.022320281714200974,0.20751774311065674,0.5838959813117981,0.02880801074206829,0.19936498999595642,0.5958631038665771,0.03172816336154938,0.19768133759498596,0.5463274121284485,0.010856535285711288,0.20519724488258362,0.5546289086341858,0.021888040006160736,0.2002072036266327,0.5714616179466248,0.024103455245494843,0.19397251307964325,0.5839526057243347,0.023558007553219795,0.1886780709028244,0.5340253114700317,0.010648221708834171,0.19712401926517487,0.5446022152900696,0.020671773701906204,0.19231046736240387,0.5626723170280457,0.02009628713130951,0.18599504232406616,0.5738853216171265,0.017350031062960625,0.17863164842128754,0.5272572040557861,0.010783562436699867,0.18612927198410034,0.5329443216323853,0.017667829990386963,0.18366867303848267,0.5482312440872192,0.017896367236971855,0.17918464541435242,0.5601628422737122,0.01684357412159443
open_palm,Right,0.16720181703567505,0.629170835018158,-2.4565327549908034e-09,0.18808093667030334,0.6414886116981506,0.011100349947810173,0.20476876199245453,0.6214298009872437,0.021463433280587196,0.2110539674758911,0.592689573764801,0.0307343490421772,0.20819340646266937,0.5738499760627747,0.04035260155797005,0.20924311876296997,0.57344651222229,0.021414779126644135,0.2134452760219574,0.5659978985786438,0.036697909235954285,0.2081936150789261,0.5778452754020691,0.046949129551649094,0.20192845165729523,0.5898110866546631,0.05241025239229202,0.19965453445911407,0.5521098971366882,0.020074917003512383,0.20398226380348206,0.5506604313850403,0.036062777042388916,0.19936302304267883,0.5622148513793945,0.04178273305296898,0.19438551366329193,0.5740435719490051,0.044017769396305084,0.18846608698368073,0.5386683940887451,0.020000072196125984,0.19438540935516357,0.5389135479927063,0.034006427973508835,0.1898583024740219,0.5518340468406677,0.03576459735631943,0.18505650758743286,0.5627152919769287,0.03482009842991829,0.17601408064365387,0.5303601622581482,0.02078070119023323,0.18200036883354187,0.5271889567375183,0.030418623238801956,0.18015824258327484,0.5390324592590332,0.03232141584157944,0.17726412415504456,0.5514596104621887,0.03271842747926712
open_palm,Left,0.16710595786571503,0.6260555386543274,-5.655343970900617e-10,0.16745521128177643,0.6073834300041199,0.0010985431727021933,0.17739175260066986,0.5779569149017334,0.004191475920379162,0.19011342525482178,0.558144748210907,0.007416575215756893,0.19927021861076355,0.5534787178039551,0.0105859050527215,0.18603430688381195,0.5399150252342224,0.004097072407603264,0.19508542120456696,0.5449827313423157,0.011295385658740997,0.1908930242061615,0.566659688949585,0.01573113538324833,0.1834380328655243,0.5803323984146118,0.017208345234394073,0.19320181012153625,0.5399401187896729,0.0038218172267079353,0.20032326877117157,0.5527864098548889,0.012523786164820194,0.19532451033592224,0.5713631510734558,0.013601617887616158,0.18881087005138397,0.581264078617096,0.011651922017335892,0.19903981685638428,0.5481293797492981,0.004323311150074005,0.20514383912086487,0.56144779920578,0.012621677480638027,0.1996714472770691,0.577621579170227,0.011440004222095013,0.1927061825990677,0.5866723656654358,0.007633349392563105,0.20344486832618713,0.5610679984092712,0.004712994676083326,0.20874878764152527,0.5707527995109558,0.01031168270856142,0.20362702012062073,0.5840061902999878,0.010013517923653126,0.19674694538116455,0.5924627184867859,0.00820279959589243
open_palm,Right,0.7424775958061218,0.6312721371650696,2.264405551954951e-09,0.6637012362480164,0.6095308661460876,-0.034074265509843826,0.6000710129737854,0.5563409924507141,-0.054405707865953445,0.559574544429779,0.49324846267700195,-0.07437653094530106,0.5245164632797241,0.45082902908325195,-0.09441313147544861,0.6654018759727478,0.39540645480155945,-0.02172233909368515,0.6464517712593079,0.29401952028274536,-0.037691742181777954,0.6360954642295837,0.23503990471363068,-0.05265418067574501,0.6272004842758179,0.18199414014816284,-0.06412433087825775,0.7147088050842285,0.3699643313884735,-0.021229272708296776,0.7146298289299011,0.25755465030670166,-0.03360292315483093,0.7115533947944641,0.19423620402812958,-0.05030608922243118,0.7095252871513367,0.14273114502429962,-0.06487947702407837,0.7628557085990906,0.37363699078559875,-0.024956002831459045,0.7719549536705017,0.2725767493247986,-0.03617749363183975,0.7743529677391052,0.2129811942577362,-0.05274290218949318,0.7732553482055664,0.16665665805339813,-0.06563334912061691,0.8103138208389282,0.3983904719352722,-0.03362942487001419,0.8358469605445862,0.31361591815948486,-0.041438449174165726,0.8479289412498474,0.26151275634765625,-0.05084448307752609,0.8544031977653503,0.21621301770210266,-0.059299591928720474
open_palm,Right,0.7477127313613892,0.6385632753372192,-4.494657424025661e-10,0.6620323657989502,0.6176754236221313,-0.033818360418081284,0.5928324460983276,0.5621724128723145,-0.05227254331111908,0.5488489866256714,0.49352484941482544,-0.07022751122713089,0.5128666758537292,0.4492824971675873,-0.08736968040466309,0.6633599996566772,0.39509716629981995,-0.01446565892547369,0.6476140022277832,0.29609426856040955,-0.02902837283909321,0.6377071142196655,0.23374703526496887,-0.041886404156684875,0.6279242038726807,0.1775471717119217,-0.05090990662574768,0.717491626739502,0.37080228328704834,-0.012426953762769699,0.7195402979850769,0.26030492782592773,-0.023768311366438866,0.7162816524505615,0.19369903206825256,-0.03834936022758484,0.7122390270233154,0.13990503549575806,-0.04984363168478012,0.7676563262939453,0.37751397490501404,-0.015129835344851017,0.7785159349441528,0.2793008089065552,-0.02724817395210266,0.7808951735496521,0.22069048881530762,-0.040933649986982346,0.7768041491508484,0.17232508957386017,-0.04960253834724426,0.8163803219795227,0.4052472412586212,-0.02292620576918125,0.842414379119873,0.32189780473709106,-0.030090589076280594,0.8532209396362305,0.2718680500984192,-0.03733450919389725,0.8551102876663208,0.22527976334095,-0.042746756225824356
open_palm,Right,0.7542986273765564,0.6448910236358643,-1.9018522312563846e-09,0.6652764678001404,0.6233350038528442,-0.020717646926641464,0.59676593542099,0.5710220336914062,-0.03124038502573967,0.5525965690612793,0.4986308813095093,-0.0443359836935997,0.5168536901473999,0.4418606162071228,-0.05577540770173073,0.665877103805542,0.39543265104293823,0.01864059455692768,0.6490185260772705,0.2936425805091858,0.015623101964592934,0.6388150453567505,0.23228314518928528,0.009821092709898949,0.629960834980011,0.17602625489234924,0.005404037889093161,0.7194186449050903,0.3666457235813141,0.01727088913321495,0.7191296815872192,0.25409507751464844,0.01942765899002552,0.716023862361908,0.18642564117908478,0.012858484871685505,0.7131856679916382,0.13230174779891968,0.006849381141364574,0.7696976661682129,0.369391530752182,0.010673834942281246,0.778753399848938,0.26933467388153076,0.010894143022596836,0.7828162312507629,0.21034501492977142,0.007023965008556843,0.781574010848999,0.16429945826530457,0.004431494511663914,0.8183364868164062,0.39225834608078003,-0.0010844703065231442,0.8435443043708801,0.3078802227973938,0.001690278179012239,0.8561548590660095,0.25535526871681213,0.002328879665583372,0.8604297637939453,0.2082628458738327,0.0028133548330515623
open_palm,Right,0.7550241351127625,0.6465705037117004,-7.819089264948786e-10,0.6661028265953064,0.6220158338546753,-0.0203537754714489,0.5985639095306396,0.5694000124931335,-0.03108033537864685,0.555132269859314,0.4985131025314331,-0.04378415644168854,0.5206226110458374,0.4473813772201538,-0.05498204007744789,0.6673301458358765,0.3989790678024292,0.0111466059461236,0.6523942351341248,0.29636693000793457,0.006060054991394281,0.643398106098175,0.23336632549762726,-0.00015337546938098967,0.6355333924293518,0.17507623136043549,-0.004817135166376829,0.7209495902061462,0.3715474307537079,0.009547225199639797,0.7219920754432678,0.25754761695861816,0.008936329744756222,0.719015896320343,0.1876886785030365,0.0021845167502760887,0.7160077691078186,0.12777969241142273,-0.0039758398197591305,0.7713090181350708,0.374977171421051,0.003402339993044734,0.7829329371452332,0.2734726667404175,0.0011556035606190562,0.7874314785003662,0.209609717130661,-0.0036011398769915104,0.7861214876174927,0.15473735332489014,-0.006700541358441114,0.8197695016860962,0.3993629813194275,-0.007460210006684065,0.8470838069915771,0.312721312046051,-0.006443411111831665,0.8598756194114685,0.2592390179634094,-0.006699381396174431,0.8641216158866882,0.20888708531856537,-0.006958887912333012
open_palm,Right,0.7535101175308228,0.6487089991569519,-5.91569460084429e-10,0.6651875972747803,0.6215731501579285,-0.02342706359922886,0.5971963405609131,0.5657628178596497,-0.0359942764043808,0.5536180138587952,0.4937977194786072,-0.05035411939024925,0.5201652646064758,0.44134318828582764,-0.06338082253932953,0.6683600544929504,0.3999050259590149,0.00762690557166934,0.6536728143692017,0.2972736954689026,0.0005992869846522808,0.6448578834533691,0.23362016677856445,-0.007140363100916147,0.6368627548217773,0.17432081699371338,-0.012852597050368786,0.7218736410140991,0.3739919066429138,0.00637259753420949,0.7235048413276672,0.2576044499874115,0.004008223302662373,0.7209404110908508,0.1877025067806244,-0.004483140539377928,0.718075692653656,0.1290723979473114,-0.011971086263656616,0.7718347311019897,0.3781062364578247,0.00021515267144422978,0.7836055159568787,0.2727071940898895,-0.00390689168125391,0.787471354007721,0.20700198411941528,-0.01095355860888958,0.7854928374290466,0.15110692381858826,-0.015698352828621864,0.8200489282608032,0.402934730052948,-0.010838586837053299,0.848606288433075,0.3153679370880127,-0.011446830816566944,0.862352192401886,0.2605661153793335,-0.013206731528043747,0.8673730492591858,0.2089737504720688,-0.0146727180108428
open_palm,Right,0.7563281059265137,0.6469151973724365,-1.323186449297964e-09,0.6676762700080872,0.6247804760932922,-0.0287618450820446,0.599819540977478,0.570216178894043,-0.044741127640008926,0.5562649369239807,0.4964333772659302,-0.06151413545012474,0.5207995176315308,0.4415639638900757,-0.0770878717303276,0.669862687587738,0.3987870514392853,-0.0018133452394977212,0.6549462080001831,0.2978471517562866,-0.013216441497206688,0.6463127136230469,0.2350483238697052,-0.02408859319984913,0.6379257440567017,0.17757105827331543,-0.03180421143770218,0.7239391207695007,0.3715360760688782,-0.0017418168717995286,0.7244526743888855,0.25757846236228943,-0.009541679173707962,0.7208340764045715,0.18565495312213898,-0.022410253062844276,0.7160800099372864,0.12654340267181396,-0.03276588395237923,0.7744666337966919,0.37655919790267944,-0.006654145196080208,0.7860519289970398,0.2728467285633087,-0.0161178819835186,0.7896181344985962,0.2061501443386078,-0.027559110894799232,0.7864975929260254,0.15130841732025146,-0.03479672595858574,0.8234419226646423,0.40317875146865845,-0.016547204926609993,0.8524014353752136,0.31529611349105835,-0.021345825865864754,0.8661012053489685,0.2603799104690552,-0.026285648345947266,0.8703503012657166,0.20989423990249634,-0.02995280921459198
open_palm,Right,0.758722722530365,0.6486543416976929,-9.44856637374869e-10,0.6703742742538452,0.6230531930923462,-0.02538694441318512,0.602319061756134,0.5673473477363586,-0.0397406704723835,0.5592851042747498,0.4955292344093323,-0.055554937571287155,0.5249273777008057,0.4432109296321869,-0.0703674703836441,0.670925498008728,0.3965264558792114,0.001692930469289422,0.6558270454406738,0.29451295733451843,-0.008392084389925003,0.6475865840911865,0.23058275878429413,-0.01880381815135479,0.6398053169250488,0.1716168224811554,-0.026341348886489868,0.7251750826835632,0.36974096298217773,0.00042915670201182365,0.7273337244987488,0.2542177140712738,-0.005998945329338312,0.7250365018844604,0.18360887467861176,-0.018263133242726326,0.7219016551971436,0.12625950574874878,-0.028315002098679543,0.7756474018096924,0.374116986989975,-0.005529564805328846,0.7878470420837402,0.2687240242958069,-0.013511782512068748,0.7915830016136169,0.20313815772533417,-0.024257807061076164,0.7891010046005249,0.15008625388145447,-0.031281549483537674,0.8242900371551514,0.39986518025398254,-0.016240619122982025,0.853553295135498,0.31118255853652954,-0.01982409693300724,0.8677447438240051,0.2565716505050659,-0.024024901911616325,0.8729841113090515,0.20753033459186554,-0.02729647420346737
open_palm,Right,0.762618362903595,0.6492971777915955,-6.090856152773938e-10,0.6720293760299683,0.6207271814346313,-0.014333520084619522,0.603631317615509,0.5641500353813171,-0.02198503352701664,0.5603690147399902,0.4896089434623718,-0.03260832652449608,0.5280337333679199,0.4342568814754486,-0.04166211932897568,0.6745768189430237,0.39426368474960327,0.01915098913013935,0.6587940454483032,0.2904043197631836,0.017261667177081108,0.6498328447341919,0.22676360607147217,0.01356270257383585,0.6421754956245422,0.16879969835281372,0.010688799433410168,0.7283580303192139,0.36693626642227173,0.0157943032681942,0.7287402749061584,0.2497260570526123,0.019056769087910652,0.7253831028938293,0.17969386279582977,0.015479099936783314,0.7219365835189819,0.12059372663497925,0.011585664004087448,0.7789744138717651,0.37073084712028503,0.00821638572961092,0.7900316715240479,0.2653793692588806,0.00967180822044611,0.7935677766799927,0.1982761174440384,0.00812618900090456,0.7914586663246155,0.14131340384483337,0.006986689288169146,0.8278796672821045,0.39557209610939026,-0.003741599153727293,0.8555450439453125,0.3075809180736542,0.0005392777966335416,0.8686855435371399,0.25329387187957764,0.003225764725357294,0.8734480738639832,0.20290574431419373,0.005053478293120861
open_palm,Right,0.7637641429901123,0.6478955745697021,-7.992495554276502e-10,0.6743739247322083,0.6217575669288635,-0.02518666721880436,0.60569828748703,0.5654781460762024,-0.03961830213665962,0.5621159076690674,0.4930011034011841,-0.05551261827349663,0.5274778604507446,0.4414323568344116,-0.0703478455543518,0.6762957572937012,0.395969420671463,0.0006368150934576988,0.6606177091598511,0.2930106520652771,-0.009658770635724068,0.6515212059020996,0.2293286919593811,-0.019788257777690887,0.6430378556251526,0.17113137245178223,-0.027150727808475494,0.7301587462425232,0.36888137459754944,-0.001000789925456047,0.730015218257904,0.2523458003997803,-0.007410672027617693,0.7257651090621948,0.1808328777551651,-0.019100427627563477,0.7208938002586365,0.121188223361969,-0.0289108008146286,0.7804309725761414,0.37299785017967224,-0.007279538083821535,0.7922293543815613,0.2671698331832886,-0.015076571144163609,0.7955687046051025,0.19906778633594513,-0.025387059897184372,0.792734682559967,0.1424221396446228,-0.032298922538757324,0.829147219657898,0.39883536100387573,-0.018317481502890587,0.8586331605911255,0.3087741732597351,-0.021686192601919174,0.8725727200508118,0.25324106216430664,-0.025598464533686638,0.8774130344390869,0.20261240005493164,-0.02881413884460926
open_palm,Right,0.8194828033447266,0.6594656705856323,-9.70035340941422e-09,0.7393537759780884,0.6118543744087219,-0.02028295397758484,0.6810485124588013,0.5423184633255005,-0.03368620201945305,0.6503046154975891,0.46811434626579285,-0.049784936010837555,0.6283932328224182,0.41106945276260376,-0.06534336507320404,0.7483265995979309,0.36473557353019714,-0.0038191513158380985,0.7272383570671082,0.2560766935348511,-0.017815759405493736,0.7104726433753967,0.19487369060516357,-0.02890857867896557,0.6940823197364807,0.1385859251022339,-0.03659823536872864,0.7998111248016357,0.3328728675842285,-0.009797908365726471,0.7966787219047546,0.19651669263839722,-0.022179238498210907,0.785085916519165,0.12443441152572632,-0.03406217694282532,0.7708234786987305,0.057393878698349,-0.04339485988020897,0.8488068580627441,0.33410850167274475,-0.01986437663435936,0.8675708174705505,0.2134416550397873,-0.02996162138879299,0.8694040179252625,0.13657203316688538,-0.039598677307367325,0.8645380139350891,0.06247720122337341,-0.046601567417383194,0.8958020210266113,0.3622838854789734,-0.034251175820827484,0.9301347136497498,0.25561076402664185,-0.038425710052251816,0.9510287046432495,0.18987175822257996,-0.04214475303888321,0.9629950523376465,0.12458118796348572,-0.045707959681749344
open_palm,Right,0.8079357147216797,0.6481837630271912,-6.122673923414368e-09,0.7332722544670105,0.6010919809341431,-0.02291899546980858,0.6757399439811707,0.5290948152542114,-0.040999725461006165,0.6409163475036621,0.46195507049560547,-0.06139006465673447,0.6113139986991882,0.42445671558380127,-0.08295271545648575,0.744070827960968,0.36302903294563293,-0.02129328064620495,0.7180607318878174,0.25549355149269104,-0.04514313116669655,0.7001991271972656,0.19120478630065918,-0.06438255310058594,0.6821504831314087,0.13545817136764526,-0.0776335671544075,0.7944031953811646,0.33477088809013367,-0.029612857848405838,0.789318323135376,0.19878071546554565,-0.052245914936065674,0.7759273052215576,0.12705302238464355,-0.07256000488996506,0.7619686722755432,0.06793895363807678,-0.08818375319242477,0.8433907628059387,0.33752501010894775,-0.04141095653176308,0.8601928949356079,0.21045859158039093,-0.060030270367860794,0.8597593903541565,0.13600653409957886,-0.07706660032272339,0.8538637161254883,0.07069692015647888,-0.08967458456754684,0.8918008804321289,0.36589744687080383,-0.0572032667696476,0.9281448125839233,0.26003921031951904,-0.07048732042312622,0.946720540523529,0.19118258357048035,-0.08085650205612183,0.957490086555481,0.1249825656414032,-0.08970803022384644
open_palm,Right,0.8160988688468933,0.6279285550117493,-2.4947313659318127e-10,0.7284378409385681,0.5907620191574097,-0.03214852884411812,0.652868390083313,0.5254873037338257,-0.05132981389760971,0.597416341304779,0.46505117416381836,-0.07106444984674454,0.5524853467941284,0.43175119161605835,-0.09053076803684235,0.7212791442871094,0.3705849349498749,-0.015756357461214066,0.6994010806083679,0.2557114362716675,-0.032720550894737244,0.6884059906005859,0.1840689480304718,-0.04843694344162941,0.6779643893241882,0.11525607109069824,-0.05989948660135269,0.7772513628005981,0.34720364212989807,-0.01638718508183956,0.7725340723991394,0.21610364317893982,-0.028261739760637283,0.768108606338501,0.14028173685073853,-0.044294603168964386,0.7653327584266663,0.0765596330165863,-0.05811309814453125,0.8314436674118042,0.35172826051712036,-0.021695375442504883,0.8409777879714966,0.2402680367231369,-0.032515086233615875,0.8413788676261902,0.17534519731998444,-0.04681560397148132,0.8378965854644775,0.11909368634223938,-0.05734728276729584,0.885365903377533,0.3791338801383972,-0.03221677988767624,0.9131773710250854,0.2904147803783417,-0.03911809250712395,0.9287971258163452,0.23882704973220825,-0.04642621800303459,0.9385431408882141,0.18848314881324768,-0.05284992232918739
open_palm,Right,0.8205468058586121,0.6293545365333557,2.5938497877353583e-11,0.7299906015396118,0.5864114761352539,-0.030661623924970627,0.6493903398513794,0.5240681171417236,-0.0502793975174427,0.5947864055633545,0.4523570239543915,-0.07039730250835419,0.5555366277694702,0.40251967310905457,-0.08957269042730331,0.7244898080825806,0.3721018135547638,-0.01700468920171261,0.7034836411476135,0.2561964988708496,-0.031428057700395584,0.6926534175872803,0.18619446456432343,-0.042818497866392136,0.6832870244979858,0.11932897567749023,-0.05135688930749893,0.7820397019386292,0.3504081964492798,-0.018461793661117554,0.7760192155838013,0.21803919970989227,-0.02757096476852894,0.7720621228218079,0.14126095175743103,-0.03856450319290161,0.7707327008247375,0.0767885148525238,-0.049183789640665054,0.8362669944763184,0.35713207721710205,-0.024211496114730835,0.8420358896255493,0.23859336972236633,-0.03307729959487915,0.8441957235336304,0.1702938973903656,-0.042696040123701096,0.8435625433921814,0.11280661821365356,-0.05038260295987129,0.8912656307220459,0.38469380140304565,-0.035104602575302124,0.9185000658035278,0.29036784172058105,-0.039800722151994705,0.933502197265625,0.23331831395626068,-0.04383155703544617,0.9414128065109253,0.17944325506687164,-0.047640904784202576
open_palm,Right,0.8283089995384216,0.6297782063484192,-3.8322753304065316e-10,0.7347447276115417,0.5881085395812988,-0.031733438372612,0.6531388163566589,0.5242533087730408,-0.05038359761238098,0.5977939367294312,0.4507185220718384,-0.06968377530574799,0.5567499995231628,0.39827960729599,-0.08772610127925873,0.7297689914703369,0.3634320795536041,-0.008370558731257915,0.7083668112754822,0.24718426167964935,-0.02054775319993496,0.698350727558136,0.17699341475963593,-0.03161105886101723,0.6895443797111511,0.10749506950378418,-0.03999479115009308,0.7880292534828186,0.34155601263046265,-0.008659464307129383,0.7811357378959656,0.21153302490711212,-0.015159137547016144,0.7782440185546875,0.13357102870941162,-0.02666228823363781,0.7775459885597229,0.06668087840080261,-0.037453342229127884,0.8427259922027588,0.3489932119846344,-0.014024537988007069,0.8475642800331116,0.23239998519420624,-0.021474212408065796,0.8505434989929199,0.16244317591190338,-0.03210033103823662,0.8502894043922424,0.10332450270652771,-0.04012320190668106,0.898098349571228,0.3770177662372589,-0.024807197973132133,0.9245468378067017,0.28299105167388916,-0.0281180739402771,0.9402273297309875,0.22887703776359558,-0.03194740042090416,0.9485327005386353,0.17898575961589813,-0.035422444343566895
open_palm,Right,0.8271024823188782,0.6291409730911255,-3.5586625313221987e-10,0.7333203554153442,0.5884244441986084,-0.035741012543439865,0.6508256793022156,0.524493932723999,-0.05904524028301239,0.5951871871948242,0.4499663710594177,-0.08198404312133789,0.5542616844177246,0.3971852958202362,-0.10384278744459152,0.7309464812278748,0.36665523052215576,-0.026460330933332443,0.7106121182441711,0.2473558485507965,-0.04466712847352028,0.6999466419219971,0.17514361441135406,-0.05854477733373642,0.6907486319541931,0.10437920689582825,-0.0687423124909401,0.7906667590141296,0.3462996482849121,-0.026506593450903893,0.7843946218490601,0.21348793804645538,-0.03975426033139229,0.7810392379760742,0.13366341590881348,-0.05339213088154793,0.7802208065986633,0.06407073140144348,-0.06597575545310974,0.8457496762275696,0.35515275597572327,-0.030909547582268715,0.8514619469642639,0.2386717051267624,-0.04334595799446106,0.8542628884315491,0.17172391712665558,-0.05494852364063263,0.8539093732833862,0.1142578125,-0.0637078806757927,0.9004923105239868,0.3834517300128937,-0.04072602093219757,0.9281299114227295,0.2905637323856354,-0.04775872081518173,0.944537341594696,0.23568233847618103,-0.05331293120980263,0.9531408548355103,0.18311278522014618,-0.05818532779812813
open_palm,Right,0.8267356157302856,0.629764974117279,-5.283213866391634e-10,0.7320002913475037,0.5882087349891663,-0.03660765290260315,0.6489750146865845,0.5224369764328003,-0.060328032821416855,0.5925682187080383,0.44676390290260315,-0.08376848697662354,0.5503829717636108,0.3931638300418854,-0.10618912428617477,0.7306041121482849,0.3652379810810089,-0.025808319449424744,0.710704505443573,0.24725797772407532,-0.04451853781938553,0.7003108859062195,0.17544253170490265,-0.05921635776758194,0.6911443471908569,0.10535967350006104,-0.07000960409641266,0.7903640866279602,0.34522444009780884,-0.025931430980563164,0.7847378253936768,0.2126077562570572,-0.03985624387860298,0.7814647555351257,0.13194134831428528,-0.05490158498287201,0.7805197238922119,0.06196296215057373,-0.06841041892766953,0.8455551266670227,0.3543313145637512,-0.03063352033495903,0.8521186709403992,0.23762071132659912,-0.04371664673089981,0.8552854657173157,0.16995321214199066,-0.056495632976293564,0.8551798462867737,0.11231714487075806,-0.06600309908390045,0.9007145762443542,0.38315725326538086,-0.04087546467781067,0.9285348057746887,0.2893785238265991,-0.04845530912280083,0.9451757073402405,0.23514047265052795,-0.054618820548057556,0.9541655778884888,0.18359316885471344,-0.05990532413125038
open_palm,Right,0.8273816108703613,0.6248229146003723,-6.757913117994008e-10,0.7318233251571655,0.5854312181472778,-0.03569194674491882,0.6483556032180786,0.5211660861968994,-0.058396533131599426,0.5907970666885376,0.446560263633728,-0.08078708499670029,0.5462723970413208,0.39602747559547424,-0.10200367867946625,0.7300511002540588,0.3645382821559906,-0.023860003799200058,0.7101279497146606,0.24714210629463196,-0.0414261519908905,0.7002266645431519,0.17450053989887238,-0.05520010367035866,0.6912115812301636,0.10409870743751526,-0.06527137756347656,0.7902536988258362,0.34440112113952637,-0.02382577769458294,0.7840545773506165,0.21152028441429138,-0.03645343706011772,0.7806708216667175,0.13014283776283264,-0.050508949905633926,0.7794666886329651,0.06029897928237915,-0.06330102682113647,0.8459259867668152,0.3533563017845154,-0.028289608657360077,0.8520735502243042,0.23699606955051422,-0.04044225439429283,0.8555837273597717,0.168236643075943,-0.052423812448978424,0.8556618690490723,0.11035162210464478,-0.06124180182814598,0.9014112949371338,0.3816055655479431,-0.0382399782538414,0.928408145904541,0.28775325417518616,-0.04487518221139908,0.9451853036880493,0.23348507285118103,-0.050317808985710144,0.9543502330780029,0.18259868025779724,-0.05503088980913162
open_palm,Right,0.8261637687683105,0.6289231181144714,-3.772044621097592e-10,0.7316480875015259,0.587007999420166,-0.03556183725595474,0.6488025188446045,0.521415650844574,-0.05896114930510521,0.5928066968917847,0.4464130997657776,-0.08221670240163803,0.5510751008987427,0.39328473806381226,-0.10459711402654648,0.7298781871795654,0.36242613196372986,-0.026255469769239426,0.7100811004638672,0.24362945556640625,-0.04497683420777321,0.6996320486068726,0.17110788822174072,-0.05938176438212395,0.6903756856918335,0.10064750909805298,-0.06999272853136063,0.7898613214492798,0.34272247552871704,-0.027075378224253654,0.7846052646636963,0.20840555429458618,-0.04078428074717522,0.7812992930412292,0.1280718445777893,-0.05517241731286049,0.7803624868392944,0.05858168005943298,-0.0683617815375328,0.8451899290084839,0.35242193937301636,-0.032344620674848557,0.8518096208572388,0.2338281124830246,-0.04538477957248688,0.8551510572433472,0.16514283418655396,-0.05787243694067001,0.8551402688026428,0.10623356699943542,-0.06733377277851105,0.9001015424728394,0.38202711939811707,-0.04304003342986107,0.9281924366950989,0.28872910141944885,-0.050812456756830215,0.9447611570358276,0.23369747400283813,-0.056999363005161285,0.9537246823310852,0.18093940615653992,-0.06236637383699417
open_palm,Right,0.8264979720115662,0.627383828163147,-2.7313354356017783e-10,0.7320006489753723,0.5867825746536255,-0.036443497985601425,0.6490983963012695,0.5210533142089844,-0.0600598119199276,0.593185305595398,0.44625627994537354,-0.08322633057832718,0.5508444309234619,0.39441603422164917,-0.10542947798967361,0.7302522659301758,0.36484381556510925,-0.027620960026979446,0.7102610468864441,0.24590392410755157,-0.04661586880683899,0.6998103260993958,0.17232263088226318,-0.061143603175878525,0.6906672120094299,0.10015755891799927,-0.07177335768938065,0.7902317047119141,0.34473198652267456,-0.027712006121873856,0.7847576141357422,0.21129950881004333,-0.04168540611863136,0.7814905643463135,0.12956807017326355,-0.055958181619644165,0.7806857228279114,0.057639509439468384,-0.06904088705778122,0.8454321026802063,0.3542071580886841,-0.032202254980802536,0.8517399430274963,0.2365655153989792,-0.045288581401109695,0.8550192713737488,0.16749383509159088,-0.05729726701974869,0.8550368547439575,0.10783576965332031,-0.06635137647390366,0.9000556468963623,0.38289228081703186,-0.04219767451286316,0.9276620149612427,0.289659321308136,-0.04964667186141014,0.9451503753662109,0.2343710958957672,-0.05536976456642151,0.9550092220306396,0.18100115656852722,-0.060435518622398376
open_palm,Right,0.8259902000427246,0.6426482796669006,4.269352926744574e-10,0.7332276701927185,0.5957343578338623,-0.029195455834269524,0.6526191830635071,0.5314843058586121,-0.04693804681301117,0.6149659156799316,0.4434652030467987,-0.06585569679737091,0.6228047013282776,0.38675397634506226,-0.08417247980833054,0.7314823865890503,0.3615543842315674,-0.016961107030510902,0.7119477391242981,0.23772388696670532,-0.03305434063076973,0.6982747912406921,0.1657795011997223,-0.04616605117917061,0.6873291730880737,0.09701851010322571,-0.05567067116498947,0.7910801768302917,0.3401916027069092,-0.019727958366274834,0.7844308018684387,0.20456866919994354,-0.03225909546017647,0.780531644821167,0.12231925129890442,-0.04663649946451187,0.7798896431922913,0.05341079831123352,-0.058946914970874786,0.8469810485839844,0.34835100173950195,-0.026666129007935524,0.8517847657203674,0.22814397513866425,-0.039186954498291016,0.8551152944564819,0.15447388589382172,-0.05209943652153015,0.8561877608299255,0.09414303302764893,-0.06120862811803818,0.9018566608428955,0.37804850935935974,-0.038451019674539566,0.9279189109802246,0.28389373421669006,-0.046141888946294785,0.9463636875152588,0.22586709260940552,-0.05212606489658356,0.9590014815330505,0.17446282505989075,-0.05699955299496651
open_palm,Right,0.8215687870979309,0.6418306231498718,-5.438705596993998e-10,0.7295613288879395,0.6008294224739075,-0.030516862869262695,0.6545559167861938,0.5375679731369019,-0.04952597618103027,0.6161656379699707,0.4530436396598816,-0.06945692747831345,0.6056460738182068,0.38645821809768677,-0.0887620747089386,0.7332497239112854,0.3618873357772827,-0.014857272617518902,0.7143163681030273,0.23999419808387756,-0.030939176678657532,0.6997823119163513,0.16932058334350586,-0.04492159187793732,0.6873788833618164,0.10044923424720764,-0.055336471647024155,0.7911442518234253,0.34101423621177673,-0.016645068302750587,0.7874839305877686,0.2045431286096573,-0.03051276132464409,0.7824780941009521,0.12247312068939209,-0.046887438744306564,0.7791139483451843,0.05070310831069946,-0.05998058617115021,0.8459627032279968,0.34908169507980347,-0.02278965897858143,0.8548827767372131,0.23333223164081573,-0.035724543035030365,0.856231689453125,0.16145403683185577,-0.049744244664907455,0.852480411529541,0.09778812527656555,-0.05922069773077965,0.901712954044342,0.3795514404773712,-0.033712491393089294,0.930228590965271,0.2829660475254059,-0.04190726950764656,0.9460263848304749,0.2287253737449646,-0.0486527681350708,0.953599750995636,0.17737512290477753,-0.05382157862186432
open_palm,Right,0.8232441544532776,0.6398589611053467,-8.913804694365979e-10,0.7301888465881348,0.6006160974502563,-0.03562983125448227,0.6555432081222534,0.5349910855293274,-0.05724380537867546,0.6173593401908875,0.4444688856601715,-0.07881060987710953,0.5992454290390015,0.36941149830818176,-0.09970688074827194,0.7317800521850586,0.35979029536247253,-0.02071596495807171,0.7126950621604919,0.2384035736322403,-0.03882572054862976,0.6996844410896301,0.1669481247663498,-0.05381479859352112,0.6878769397735596,0.09911426901817322,-0.06480678915977478,0.790201723575592,0.33829087018966675,-0.021011866629123688,0.7865409851074219,0.2054859846830368,-0.03775947913527489,0.7825102806091309,0.12416571378707886,-0.05610589683055878,0.7791865468025208,0.053843289613723755,-0.07036082446575165,0.8454944491386414,0.347541481256485,-0.025900645181536674,0.8557639718055725,0.2361331731081009,-0.04224057495594025,0.8582898378372192,0.16425536572933197,-0.058752890676259995,0.8550488948822021,0.10221889615058899,-0.06947565078735352,0.9022305607795715,0.37930071353912354,-0.035753678530454636,0.9321913123130798,0.283894419670105,-0.04641906917095184,0.947895348072052,0.22977834939956665,-0.05498475953936577,0.9546592831611633,0.17924608290195465,-0.06130676716566086
open_palm,Right,0.8194112181663513,0.6430855393409729,-1.03637409765156e-09,0.7276972532272339,0.5998877286911011,-0.03379065915942192,0.6532862186431885,0.5322563052177429,-0.055346738547086716,0.6175150871276855,0.4415079355239868,-0.07727795839309692,0.6085547208786011,0.36679789423942566,-0.09871033579111099,0.7312065362930298,0.35830292105674744,-0.022388579323887825,0.7142502665519714,0.23608531057834625,-0.0413157194852829,0.7010990381240845,0.165558859705925,-0.05650166794657707,0.6893007755279541,0.09867611527442932,-0.06758259236812592,0.7900395393371582,0.3383386731147766,-0.023934097960591316,0.787114143371582,0.20613284409046173,-0.04150967672467232,0.7833256125450134,0.1261415183544159,-0.059429608285427094,0.7803388833999634,0.05615672469139099,-0.073463074862957,0.8454018235206604,0.3480633497238159,-0.029827043414115906,0.8556984066963196,0.235935777425766,-0.04664294049143791,0.8592529892921448,0.16377821564674377,-0.06252627819776535,0.8571881055831909,0.10153371095657349,-0.07295302301645279,0.9008981585502625,0.3797874450683594,-0.04054064676165581,0.9313892722129822,0.2855651080608368,-0.051561374217271805,0.9485950469970703,0.2311924248933792,-0.059831488877534866,0.957058310508728,0.18046344816684723,-0.06597638875246048
open_palm,Right,0.8228744864463806,0.6621952652931213,1.1857687054472876e-09,0.7307624816894531,0.6222947239875793,-0.03811519593000412,0.6554584503173828,0.5562916994094849,-0.061958394944667816,0.6226652264595032,0.46465206146240234,-0.08560412377119064,0.6206390857696533,0.3912069499492645,-0.10898108780384064,0.729455828666687,0.3860323429107666,-0.029645774513483047,0.7126137018203735,0.265186607837677,-0.051296867430210114,0.7017834186553955,0.1935623288154602,-0.06847977638244629,0.6922884583473206,0.12518393993377686,-0.08088861405849457,0.790070652961731,0.3630366027355194,-0.029930386692285538,0.7887635231018066,0.23200416564941406,-0.049825143069028854,0.7870965003967285,0.15178759396076202,-0.06936212629079819,0.7854109406471252,0.08122584223747253,-0.08481316268444061,0.8466188311576843,0.37116625905036926,-0.03475925698876381,0.8588489294052124,0.2605196237564087,-0.05343909561634064,0.8647576570510864,0.1899852156639099,-0.07099814713001251,0.8643943071365356,0.12934359908103943,-0.08290722221136093,0.9028059244155884,0.40289294719696045,-0.04471117630600929,0.9334052205085754,0.3113046884536743,-0.05755593627691269,0.9512073993682861,0.2542394995689392,-0.06760262697935104,0.959740161895752,0.20018675923347473,-0.07540038228034973
open_palm,Right,0.8263001441955566,0.6580380201339722,-1.760844359210978e-09,0.7340779304504395,0.6195194721221924,-0.03949100524187088,0.6560693979263306,0.5514627695083618,-0.0650067925453186,0.6112813353538513,0.46431809663772583,-0.0898069441318512,0.5868863463401794,0.39032530784606934,-0.11412021517753601,0.7351304292678833,0.3829340636730194,-0.03305479884147644,0.7167708873748779,0.26257896423339844,-0.05616549402475357,0.7035272717475891,0.19222460687160492,-0.07368460297584534,0.6914389729499817,0.12507614493370056,-0.08612499386072159,0.794143795967102,0.3634040951728821,-0.03299323469400406,0.7904835939407349,0.22968347370624542,-0.05448265001177788,0.7861669659614563,0.15062418580055237,-0.07400159537792206,0.7831436395645142,0.07980272173881531,-0.08905933052301407,0.8494070768356323,0.37304964661598206,-0.03746442869305611,0.8590555191040039,0.258766233921051,-0.05698204040527344,0.8618863224983215,0.18860283493995667,-0.07338118553161621,0.8597857356071472,0.12646746635437012,-0.08416440337896347,0.9053008556365967,0.40424785017967224,-0.04716881364583969,0.9354743957519531,0.3080882430076599,-0.060233600437641144,0.9516211152076721,0.2541029751300812,-0.06922688335180283,0.9594330191612244,0.20186357200145721,-0.07587046176195145
open_palm,Right,0.8284596800804138,0.6635876893997192,-1.857317188935781e-09,0.7345760464668274,0.6238166093826294,-0.04339609667658806,0.6554559469223022,0.5521942973136902,-0.06993966549634933,0.6101142168045044,0.46124696731567383,-0.09526769071817398,0.5803197026252747,0.3891248106956482,-0.12006569653749466,0.7357962131500244,0.38185638189315796,-0.035117022693157196,0.7178499102592468,0.25978392362594604,-0.05916719138622284,0.7070048451423645,0.18847374618053436,-0.0776984840631485,0.6971017718315125,0.12101209163665771,-0.09099482744932175,0.7960566878318787,0.3619384765625,-0.03428788483142853,0.7932383418083191,0.228476420044899,-0.0566117987036705,0.7908730506896973,0.1480143666267395,-0.07802162319421768,0.79023277759552,0.07818609476089478,-0.0948411151766777,0.8516054153442383,0.37371626496315,-0.03846194967627525,0.861667275428772,0.2598680257797241,-0.05965682491660118,0.8653532862663269,0.1895889937877655,-0.0787920281291008,0.8651272654533386,0.13011085987091064,-0.09154391288757324,0.9073978066444397,0.4081612825393677,-0.04824749380350113,0.9368788003921509,0.31289857625961304,-0.06299494951963425,0.9532777070999146,0.25661736726760864,-0.07415954768657684,0.9623171091079712,0.20444297790527344,-0.08249867707490921
open_palm,Right,0.8266569375991821,0.6627666354179382,-1.75953474013113e-09,0.7325029373168945,0.6225624084472656,-0.04129258915781975,0.6533001065254211,0.5520033836364746,-0.06688223034143448,0.6073557138442993,0.46153947710990906,-0.09146349877119064,0.5762965083122253,0.39080923795700073,-0.11550509929656982,0.7344171404838562,0.3808688521385193,-0.03315729647874832,0.7165456414222717,0.2590593099594116,-0.056023553013801575,0.7058222889900208,0.18777599930763245,-0.07349202036857605,0.695907473564148,0.12033817172050476,-0.0859781801700592,0.7953813076019287,0.36098194122314453,-0.03278880566358566,0.7923868894577026,0.2286168485879898,-0.05369885638356209,0.7897433042526245,0.14819398522377014,-0.07373607158660889,0.788362443447113,0.07778456807136536,-0.08958226442337036,0.8517982959747314,0.3721826672554016,-0.037200771272182465,0.8617690205574036,0.2584530711174011,-0.05715947970747948,0.8652184009552002,0.18663768470287323,-0.07520914077758789,0.864063024520874,0.12506753206253052,-0.08721747994422913,0.9080033302307129,0.40602484345436096,-0.047013334929943085,0.9373270273208618,0.3097671866416931,-0.06040431931614876,0.9531113505363464,0.25429925322532654,-0.07050371915102005,0.9611293077468872,0.20315709710121155,-0.07808499783277512
open_palm,Right,0.784416139125824,0.8855461478233337,6.989035572502189e-09,0.6830611228942871,0.8285552263259888,-0.010680319741368294,0.5956478714942932,0.694744348526001,-0.03378499671816826,0.5291827917098999,0.580619752407074,-0.07241788506507874,0.4808485507965088,0.4678370952606201,-0.11561235785484314,0.6328797340393066,0.47898566722869873,0.0276870708912611,0.5717083811759949,0.3284187614917755,-0.02538098394870758,0.5048786401748657,0.3210144340991974,-0.07332150638103485,0.4490968585014343,0.3460868299007416,-0.10216665267944336,0.6878010034561157,0.44367361068725586,-0.00805264338850975,0.6057511568069458,0.28288403153419495,-0.08832993358373642,0.5362467169761658,0.34007182717323303,-0.15838545560836792,0.48964887857437134,0.43306514620780945,-0.19232673943042755,0.7548377513885498,0.4310016334056854,-0.05117860808968544,0.6863001585006714,0.2669215798377991,-0.1220795065164566,0.6216464638710022,0.32285985350608826,-0.1722739040851593,0.5818806290626526,0.4299682080745697,-0.19464023411273956,0.8318306803703308,0.43897703289985657,-0.09841475635766983,0.7919818162918091,0.2848871946334839,-0.14737077057361603,0.7325628995895386,0.2898423969745636,-0.177845761179924,0.6860206723213196,0.3502556383609772,-0.1953100860118866
open_palm,Right,0.15838155150413513,0.6439101099967957,3.1145833134793577e-10,0.1885715126991272,0.6525248885154724,0.007226177956908941,0.2114236056804657,0.632946789264679,0.009698837995529175,0.22160589694976807,0.6042893528938293,0.011554250493645668,0.22062934935092926,0.5792040824890137,0.014017729088664055,0.21114301681518555,0.5768308043479919,-0.0011310718255117536,0.22690486907958984,0.5755226612091064,0.005016912706196308,0.2180624157190323,0.5955713987350464,0.011232361197471619,0.20759811997413635,0.6048832535743713,0.014176481403410435,0.20038855075836182,0.5501971244812012,-0.0041831792332232,0.2157202959060669,0.5578626394271851,0.0030280696228146553,0.20946849882602692,0.5776468515396118,0.007486511487513781,0.20054346323013306,0.5877256393432617,0.008264590054750443,0.18820209801197052,0.5336201786994934,-0.0049529229290783405,0.20419549942016602,0.5402429103851318,0.004249576944857836,0.1988285928964615,0.5604710578918457,0.008648251183331013,0.1904953122138977,0.5725271105766296,0.00858547817915678,0.1754922866821289,0.5243597030639648,-0.00533020356670022,0.18853890895843506,0.5263099670410156,0.0030485144816339016,0.18558061122894287,0.5421148538589478,0.007443235255777836,0.17885328829288483,0.5528356432914734,0.008777745068073273
open_palm,Right,0.15825669467449188,0.6412809491157532,-2.2570978419622634e-09,0.1881011426448822,0.6497601866722107,0.007156204432249069,0.21101441979408264,0.6272744536399841,0.010824880562722683,0.22056707739830017,0.5960109233856201,0.013655630871653557,0.21876011788845062,0.5712802410125732,0.01731630600988865,0.21660630404949188,0.5770611763000488,0.005284168757498264,0.2240334451198578,0.568583071231842,0.014001725241541862,0.21526585519313812,0.586111307144165,0.021191729232668877,0.2067817896604538,0.5988678336143494,0.024493008852005005,0.20471280813217163,0.553889811038971,0.0021893836092203856,0.21055682003498077,0.5541249513626099,0.011284247040748596,0.20397648215293884,0.5709119439125061,0.015643784776329994,0.19721762835979462,0.5831928253173828,0.01657501980662346,0.19049391150474548,0.53882896900177,0.000910597387701273,0.19650927186012268,0.5394459366798401,0.010582518763840199,0.19160594046115875,0.5565232634544373,0.01395510509610176,0.185643270611763,0.5693961977958679,0.01361764781177044,0.17552265524864197,0.5294452905654907,3.689932054840028e-05,0.18102453649044037,0.5272427201271057,0.008660679683089256,0.177763894200325,0.5415332913398743,0.012331845238804817,0.1726953238248825,0.5529506206512451,0.013382320292294025
open_palm,Right,0.15805235505104065,0.6446704864501953,-6.591246437537279e-10,0.18660524487495422,0.6528444886207581,0.003502718172967434,0.21049872040748596,0.6296191811561584,0.00531654292717576,0.2217150330543518,0.5985135436058044,0.0070883287116885185,0.22188709676265717,0.572756290435791,0.009411545470356941,0.20876476168632507,0.5722110271453857,-0.0010143682593479753,0.2223915159702301,0.5741109251976013,0.0053154826164245605,0.21432311832904816,0.594127357006073,0.01094441581517458,0.20446030795574188,0.6044721603393555,0.013314452022314072,0.1983197033405304,0.5481966733932495,-0.0024615575093775988,0.2115994691848755,0.5611141324043274,0.005562133621424437,0.20621803402900696,0.5800158977508545,0.009060130454599857,0.1985297054052353,0.5901857018470764,0.008725942112505436,0.18675042688846588,0.5348069071769714,-0.002219701651483774,0.2016054093837738,0.5480732917785645,0.0068315123207867146,0.19650575518608093,0.5669580101966858,0.009663494303822517,0.18870650231838226,0.5770897269248962,0.00838557444512844,0.17489516735076904,0.5283186435699463,-0.001918121357448399,0.1880333423614502,0.536393940448761,0.00574785890057683,0.185139000415802,0.552735447883606,0.008856457658112049,0.17843842506408691,0.5629268288612366,0.009208283387124538
open_palm,Right,0.16040535271167755,0.649060845375061,-2.8071176494393058e-09,0.18875333666801453,0.6611971855163574,0.007053648121654987,0.21105223894119263,0.6415326595306396,0.010922051034867764,0.21971453726291656,0.6110953092575073,0.014254007488489151,0.2189827263355255,0.5910931825637817,0.018271856009960175,0.21827363967895508,0.5899403691291809,0.003184195375069976,0.22357842326164246,0.5801017880439758,0.011731253936886787,0.21340057253837585,0.5955893397331238,0.019094210118055344,0.20494119822978973,0.607498824596405,0.022526739165186882,0.20655684173107147,0.563992440700531,0.0005064388387836516,0.21061557531356812,0.5636539459228516,0.00898122601211071,0.20251399278640747,0.5791553854942322,0.013755652122199535,0.19558574259281158,0.5906829237937927,0.01513050589710474,0.1922886073589325,0.5467559099197388,-0.00013584987027570605,0.19637566804885864,0.5470673441886902,0.00906398892402649,0.18998822569847107,0.563630223274231,0.012652499601244926,0.18400348722934723,0.5761988162994385,0.012544899247586727,0.17678409814834595,0.5355927348136902,-0.00027840345865115523,0.1803390085697174,0.5347609519958496,0.007820047438144684,0.17586587369441986,0.5496077537536621,0.011340920813381672,0.1708863526582718,0.5610687732696533,0.012402748689055443
open_palm,Right,0.15666265785694122,0.6424811482429504,-1.3798384657093266e-09,0.18387863039970398,0.6559715867042542,0.0003945236967410892,0.20923812687397003,0.6336718201637268,9.28264344111085e-05,0.22244024276733398,0.6000996232032776,0.00043426145566627383,0.22461776435375214,0.5712781548500061,0.001528661698102951,0.20708322525024414,0.5824070572853088,-0.007551913615316153,0.2215568870306015,0.5753875374794006,-0.0020354201551526785,0.21272028982639313,0.5929361581802368,0.004587981849908829,0.20277680456638336,0.6067787408828735,0.0076735797338187695,0.19602444767951965,0.5556520223617554,-0.008026229217648506,0.20985160768032074,0.5603016018867493,-0.0017336616292595863,0.20367859303951263,0.577138364315033,0.0025596588384360075,0.1959511637687683,0.5895584225654602,0.0033529563806951046,0.1842062771320343,0.5386597514152527,-0.0066843642853200436,0.19914236664772034,0.5468095541000366,0.0011845309054479003,0.19407866895198822,0.5628649592399597,0.004710189066827297,0.1866571009159088,0.5732524394989014,0.004289422184228897,0.17240571975708008,0.528437077999115,-0.005374723579734564,0.18619166314601898,0.5348778963088989,0.0017833743477240205,0.18244487047195435,0.5510835647583008,0.005420469678938389,0.17522583901882172,0.5610743761062622,0.0063851019367575645
open_palm,Right,0.1609998196363449,0.6491659879684448,-3.4167291218523133e-09,0.18857330083847046,0.658888578414917,0.006373664364218712,0.21100376546382904,0.6369546055793762,0.010203978046774864,0.22012333571910858,0.6061685681343079,0.013570754788815975,0.21970486640930176,0.5839837789535522,0.01778443530201912,0.21966762840747833,0.5884258151054382,0.003609604202210903,0.2213696539402008,0.5756694674491882,0.012123730033636093,0.2100624144077301,0.5919246077537537,0.019750457257032394,0.20261552929878235,0.6063553690910339,0.0234336219727993,0.20834867656230927,0.5638580322265625,0.0010636140359565616,0.2086038887500763,0.5594609975814819,0.008799263276159763,0.20003826916217804,0.5748651027679443,0.0135110504925251,0.19421152770519257,0.5879862308502197,0.015177124179899693,0.19389677047729492,0.5467109680175781,0.00033298131893388927,0.19477878510951996,0.5429241061210632,0.008629840798676014,0.1880236715078354,0.5590640902519226,0.012147217057645321,0.18322578072547913,0.5726239681243896,0.012361140921711922,0.17805108428001404,0.5353142023086548,8.436117059318349e-05,0.17974135279655457,0.5296246409416199,0.007105663884431124,0.1756095439195633,0.5434257388114929,0.010394684039056301,0.17177094519138336,0.5553906559944153,0.0115968631580472
open_palm,Right,0.16271883249282837,0.6479558944702148,-1.8384682665129048e-09,0.19118227064609528,0.6574566960334778,0.006014177110046148,0.21406210958957672,0.6338674426078796,0.009110447019338608,0.2233760803937912,0.6012402772903442,0.011611370369791985,0.2222961187362671,0.5765243768692017,0.014745937660336494,0.21406127512454987,0.5818392038345337,0.0039322818629443645,0.22239336371421814,0.576628565788269,0.012086152099072933,0.2133508026599884,0.595326840877533,0.018624017015099525,0.20418885350227356,0.6084842681884766,0.02140447497367859,0.2027142196893692,0.5575944781303406,0.0016732465010136366,0.2109813243150711,0.5637871026992798,0.01080841850489378,0.20443473756313324,0.5821307301521301,0.01438537985086441,0.19724182784557343,0.5943642258644104,0.014357537031173706,0.18946750462055206,0.5412892699241638,0.0011999186826869845,0.20009258389472961,0.5491502285003662,0.011407819576561451,0.1943708211183548,0.5676857233047485,0.014058548957109451,0.18729430437088013,0.5800124406814575,0.01269178744405508,0.17516812682151794,0.5301761627197266,0.0010036673629656434,0.1852847933769226,0.5344502925872803,0.009812794625759125,0.18173399567604065,0.5519086122512817,0.013144755735993385,0.17557337880134583,0.5640859007835388,0.013587531633675098
open_palm,Right,0.16078409552574158,0.6452051401138306,-2.6876241232542952e-09,0.18795670568943024,0.6586820483207703,0.007189047057181597,0.2096918225288391,0.6379213333129883,0.012993051670491695,0.2180577963590622,0.606856107711792,0.01823246479034424,0.21588808298110962,0.5836777091026306,0.024198390543460846,0.2158035784959793,0.5874354243278503,0.009017779491841793,0.2225460261106491,0.578122615814209,0.019856365397572517,0.2150937020778656,0.5922425985336304,0.028345156461000443,0.20759551227092743,0.6037911772727966,0.032623738050460815,0.2039378434419632,0.5628160238265991,0.007471883203834295,0.21078723669052124,0.5613000392913818,0.018318839371204376,0.20491443574428558,0.5747342109680176,0.0234011672437191,0.19885487854480743,0.5852601528167725,0.025241421535611153,0.19015127420425415,0.5461941361427307,0.007500337436795235,0.19784344732761383,0.545260488986969,0.017763592302799225,0.19304496049880981,0.5598581433296204,0.020704835653305054,0.18774431943893433,0.5704060792922974,0.02065112814307213,0.17505218088626862,0.5353659391403198,0.00808083824813366,0.18206769227981567,0.5299158692359924,0.015940405428409576,0.18023303151130676,0.541574239730835,0.018784282729029655,0.17678183317184448,0.5517200827598572,0.019811315461993217
open_palm,Right,0.1597394049167633,0.6465744376182556,-1.7772046057018542e-09,0.18787088990211487,0.6590139269828796,0.003536570817232132,0.21229662001132965,0.6363959312438965,0.005914902314543724,0.2227247953414917,0.6027816534042358,0.008257606998085976,0.221373051404953,0.5757272243499756,0.011358479037880898,0.21477322280406952,0.5844827890396118,0.001400106237269938,0.2226809412240982,0.5792520642280579,0.009315998293459415,0.21280650794506073,0.5977929830551147,0.016027331352233887,0.203916534781456,0.6102733612060547,0.018886122852563858,0.203275665640831,0.5586265921592712,7.767965871607885e-05,0.2104831486940384,0.5650849938392639,0.008861332200467587,0.2032492458820343,0.5824412703514099,0.012751681730151176,0.19639483094215393,0.5933335423469543,0.012972273863852024,0.18981090188026428,0.5416184067726135,0.00038404049701057374,0.1985308676958084,0.5503563284873962,0.010031390935182571,0.19245369732379913,0.5675131678581238,0.012696390971541405,0.18565134704113007,0.5783427357673645,0.011496415361762047,0.17547768354415894,0.5303145051002502,0.0007761998567730188,0.1837349534034729,0.536669135093689,0.009213055483996868,0.17951469123363495,0.5530741810798645,0.012332259677350521,0.1734202802181244,0.5634785294532776,0.012744775041937828
open_palm,Right,0.1669968068599701,0.6785833239555359,-2.7429061244532704e-09,0.19378072023391724,0.6859948039054871,0.01052729319781065,0.2144380509853363,0.6690963506698608,0.015571147203445435,0.22166001796722412,0.6426675319671631,0.019357454031705856,0.21717853844165802,0.622273325920105,0.024109823629260063,0.22578690946102142,0.6241260766983032,0.007049381732940674,0.225118026137352,0.6025097370147705,0.016103779897093773,0.21476833522319794,0.6144148111343384,0.024320967495441437,0.2076376974582672,0.6288247108459473,0.02862311340868473,0.21520380675792694,0.5976375341415405,0.0026441849768161774,0.21335645020008087,0.5839705467224121,0.011548266746103764,0.20422057807445526,0.597156286239624,0.017540857195854187,0.1982940137386322,0.6116151809692383,0.0200576763600111,0.20128831267356873,0.5784510970115662,0.00030025001615285873,0.2007272094488144,0.5665320158004761,0.01026884838938713,0.19329442083835602,0.5811007618904114,0.015305484645068645,0.18862901628017426,0.5967789888381958,0.016185158863663673,0.18568752706050873,0.5658478140830994,-0.0014367143157869577,0.1854679137468338,0.5536428689956665,0.00752943055704236,0.18071283400058746,0.5658626556396484,0.01220979355275631,0.17711886763572693,0.5800530314445496,0.014031682163476944
open_palm,Left,0.3119339346885681,0.9033725261688232,-4.901696826209445e-09,0.32125574350357056,0.8207864165306091,-0.012687308713793755,0.3615994453430176,0.7489333748817444,-0.0336838997900486,0.4049857258796692,0.7223109602928162,-0.04917733371257782,0.43634945154190063,0.7109715342521667,-0.06643182784318924,0.3655957579612732,0.740921676158905,-0.09724316745996475,0.42559814453125,0.6735554337501526,-0.12809313833713531,0.47253647446632385,0.6424738764762878,-0.14189819991588593,0.5106484293937683,0.61906898021698,-0.15109121799468994,0.3796705901622772,0.8008308410644531,-0.09772922843694687,0.45893171429634094,0.7684633135795593,-0.13099221885204315,0.5182041525840759,0.7458817958831787,-0.13997070491313934,0.5647635459899902,0.7276086807250977,-0.14733463525772095,0.39214858412742615,0.8621711134910583,-0.09176170825958252,0.4673512279987335,0.8350790143013,-0.11174610257148743,0.5186365246772766,0.8129618763923645,-0.11043933779001236,0.5573858022689819,0.7964410781860352,-0.11100801825523376,0.4029045104980469,0.9142117500305176,-0.08547589182853699,0.4567358195781708,0.8873266577720642,-0.09575437754392624,0.4904913604259491,0.8667424917221069,-0.09508009254932404,0.5193736553192139,0.8509734869003296,-0.09657569974660873
open_palm,Left,0.3347042202949524,0.8510308861732483,-5.805873559694419e-09,0.35497549176216125,0.7538076043128967,0.015205794014036655,0.3985563814640045,0.6858529448509216,0.011215022765100002,0.44085782766342163,0.6582762002944946,0.005463933106511831,0.4662010371685028,0.6496615409851074,-0.0012367748422548175,0.4092947244644165,0.6635137796401978,-0.03371841087937355,0.4505504369735718,0.6123993992805481,-0.046964243054389954,0.481099009513855,0.5802497267723083,-0.05228116363286972,0.5070483088493347,0.5556958913803101,-0.05666637793183327,0.4229050874710083,0.7131320834159851,-0.04707447811961174,0.48477691411972046,0.6832413673400879,-0.061059873551130295,0.525270938873291,0.6680811643600464,-0.06329144537448883,0.5604247450828552,0.6540829539299011,-0.06646529585123062,0.43303990364074707,0.774722695350647,-0.05542777478694916,0.4965837299823761,0.760892391204834,-0.0619526207447052,0.5390856266021729,0.7502583861351013,-0.05750222131609917,0.572584867477417,0.7385647892951965,-0.05682583898305893,0.4375164806842804,0.8380517363548279,-0.062337856739759445,0.48451533913612366,0.8314368724822998,-0.06267768889665604,0.5057593584060669,0.8288049697875977,-0.057329244911670685,0.5231674909591675,0.8244120478630066,-0.05549157038331032
open_palm,Left,0.16205179691314697,0.7335366010665894,2.1402173366880106e-09,0.18986965715885162,0.7474902868270874,0.008459925651550293,0.2132270485162735,0.7310648560523987,0.012606920674443245,0.22249124944210052,0.6977588534355164,0.01608312875032425,0.22006013989448547,0.6697900891304016,0.020129067823290825,0.22089576721191406,0.6770960092544556,0.003423619782552123,0.23115737736225128,0.6589717864990234,0.012729305773973465,0.22094526886940002,0.6677942872047424,0.02118610590696335,0.21201977133750916,0.6733155846595764,0.025519298389554024,0.21107906103134155,0.6499643921852112,0.0003549320681486279,0.2203557938337326,0.6402890086174011,0.011101379990577698,0.21168643236160278,0.6537036895751953,0.018043501302599907,0.20419195294380188,0.6652763485908508,0.020550724118947983,0.19853375852108002,0.6314831376075745,-0.0005037396913394332,0.2076224684715271,0.6243171095848083,0.011204653419554234,0.20096813142299652,0.641854465007782,0.016654346138238907,0.19420358538627625,0.6578493118286133,0.01737334206700325,0.18408943712711334,0.6184839606285095,-0.0009133039857260883,0.19122909009456635,0.6120800971984863,0.009101254865527153,0.18682417273521423,0.6280825734138489,0.014172566123306751,0.18193334341049194,0.6432804465293884,0.01609148643910885
open_palm,Right,0.1590825468301773,0.7384523749351501,-3.1036859748923007e-09,0.18586893379688263,0.7474631071090698,0.0066126431338489056,0.20978645980358124,0.7269597053527832,0.009548272006213665,0.22142259776592255,0.6945571303367615,0.012377300299704075,0.22438591718673706,0.6675512194633484,0.01575944572687149,0.22124230861663818,0.6917774677276611,-0.000304978369968012,0.2189645767211914,0.6572425365447998,0.006149169988930225,0.20956622064113617,0.662327766418457,0.01238266658037901,0.20515470206737518,0.6726494431495667,0.015334502793848515,0.21029068529605865,0.6702419519424438,-0.0031333519145846367,0.2065950334072113,0.6430584788322449,0.002318489132449031,0.19970928132534027,0.6489149332046509,0.007342839613556862,0.19493937492370605,0.6587547659873962,0.009279864840209484,0.196052685379982,0.652813732624054,-0.003913674037903547,0.19470369815826416,0.629684567451477,0.002561748493462801,0.1887006312608719,0.6360365152359009,0.007526368834078312,0.18488532304763794,0.6476386785507202,0.008830606006085873,0.1802002489566803,0.6401327848434448,-0.004222156945616007,0.18146361410617828,0.6193161010742188,0.00046534024295397103,0.17776107788085938,0.6251543760299683,0.00442581856623292,0.17435675859451294,0.6351000070571899,0.006296093109995127
open_palm,Right,0.1410978138446808,0.5666807293891907,2.7587188089484016e-09,0.17292769253253937,0.579322099685669,0.011529125273227692,0.19513967633247375,0.5647013187408447,0.014005689881742,0.20370253920555115,0.5321236848831177,0.014983197674155235,0.1993609219789505,0.5010679960250854,0.016813093796372414,0.20721738040447235,0.5264235734939575,-0.00028498153551481664,0.21181748807430267,0.5009186863899231,0.006647204980254173,0.20022907853126526,0.5077117681503296,0.014245910570025444,0.19122467935085297,0.5150559544563293,0.017829766497015953,0.1972964107990265,0.4985659718513489,-0.007086197845637798,0.19764819741249084,0.4817187488079071,0.0006513390690088272,0.18719492852687836,0.49057385325431824,0.007211703807115555,0.17906522750854492,0.5007955431938171,0.00907249003648758,0.1829676479101181,0.47562381625175476,-0.011009671725332737,0.18026581406593323,0.46224308013916016,-0.0006193278240971267,0.17177189886569977,0.4756559431552887,0.005567166022956371,0.16623111069202423,0.4897359609603882,0.0060024140402674675,0.1662392020225525,0.45754197239875793,-0.014276187866926193,0.16355976462364197,0.44646140933036804,-0.004437323659658432,0.1571829468011856,0.4616519808769226,0.0016390568343922496,0.15258993208408356,0.4771032929420471,0.0036412118934094906
open_palm,Right,0.13374245166778564,0.5606910586357117,6.889214754224326e-10,0.16279466450214386,0.5726225972175598,0.007256694138050079,0.18765054643154144,0.5596358180046082,0.009269527159631252,0.2004895657300949,0.5348207354545593,0.010945034213364124,0.19955125451087952,0.5066751837730408,0.013243366964161396,0.1880817860364914,0.5098560452461243,-0.0038275003898888826,0.20258145034313202,0.5045885443687439,0.003114432794973254,0.1937399059534073,0.519826352596283,0.010349899530410767,0.18457502126693726,0.5270187854766846,0.01380146387964487,0.17814901471138,0.48513779044151306,-0.006949049420654774,0.19226233661174774,0.4888688027858734,0.0011496187653392553,0.18670383095741272,0.5038058757781982,0.00705378782004118,0.17800039052963257,0.511741042137146,0.008534403517842293,0.1667405068874359,0.4679557681083679,-0.007497355807572603,0.18146252632141113,0.47202977538108826,0.002362082479521632,0.17671021819114685,0.4876954257488251,0.008022955618798733,0.16852521896362305,0.4976538121700287,0.008588471449911594,0.15473267436027527,0.4562152326107025,-0.007626755628734827,0.16836664080619812,0.45662716031074524,0.0006851273938082159,0.16519369184970856,0.46980178356170654,0.0058341315016150475,0.15788216888904572,0.4790227711200714,0.007611450273543596
open_palm,Right,0.13724355399608612,0.5621406435966492,-1.753991951680689e-09,0.16676394641399384,0.5756210088729858,0.006423063110560179,0.19135288894176483,0.5632402300834656,0.008587682619690895,0.2026587724685669,0.5358927249908447,0.010386524721980095,0.19984272122383118,0.5088679194450378,0.013130392879247665,0.19475845992565155,0.5166871547698975,-0.0012109644012525678,0.20331405103206635,0.5078161954879761,0.0063524493016302586,0.1935025155544281,0.5240011215209961,0.013963904231786728,0.18493804335594177,0.5356901288032532,0.017560988664627075,0.18395698070526123,0.4910893738269806,-0.004130796063691378,0.1914071887731552,0.49184250831604004,0.0037996754981577396,0.18427474796772003,0.5059767961502075,0.00950363278388977,0.17721815407276154,0.5156154632568359,0.011253807693719864,0.1703675091266632,0.472087562084198,-0.004820957779884338,0.17846639454364777,0.47425585985183716,0.00458568474277854,0.172761470079422,0.4891623556613922,0.009668141603469849,0.1664845496416092,0.5001777410507202,0.010233880952000618,0.15561512112617493,0.4582267701625824,-0.005145070608705282,0.1633431762456894,0.45787516236305237,0.0035275761038064957,0.15937671065330505,0.4711421728134155,0.008259199559688568,0.15385188162326813,0.4808433949947357,0.009912192821502686
open_palm,Right,0.13489723205566406,0.5586840510368347,-9.019583968594702e-10,0.16219894587993622,0.57398521900177,0.002318834885954857,0.1876716911792755,0.5622088313102722,0.0027315032202750444,0.20045338571071625,0.5369388461112976,0.0036066495813429356,0.19867682456970215,0.5100087523460388,0.005250280257314444,0.18803246319293976,0.5131295919418335,-0.0067743342369794846,0.20019391179084778,0.506946325302124,-0.0012139077298343182,0.19321271777153015,0.5227695107460022,0.00527478102594614,0.18528084456920624,0.5339124202728271,0.00839975569397211,0.17803041636943817,0.4875584840774536,-0.007875178009271622,0.19034704566001892,0.4916420578956604,-0.0014990173513069749,0.18578100204467773,0.5063921809196472,0.003667190670967102,0.17895455658435822,0.5161789059638977,0.0051285093650221825,0.16590045392513275,0.46961864829063416,-0.007075770292431116,0.1789943426847458,0.47643518447875977,0.0008105153101496398,0.17500697076320648,0.49182960391044617,0.005468931049108505,0.168508380651474,0.5025609731674194,0.005965668708086014,0.15300492942333221,0.4575738310813904,-0.00625172583386302,0.16502147912979126,0.463027685880661,0.000908941961824894,0.16246449947357178,0.47702038288116455,0.005080292001366615,0.15679174661636353,0.4862663447856903,0.006541003938764334
open_palm,Right,0.1377430409193039,0.5559028387069702,-1.9108699067516e-09,0.1655961126089096,0.5726937055587769,0.003961082082241774,0.19010215997695923,0.5632832050323486,0.005509629845619202,0.20213869214057922,0.539776086807251,0.007046456448733807,0.19997617602348328,0.5136810541152954,0.00934778805822134,0.19351643323898315,0.5157302021980286,-0.0017852933378890157,0.2022779881954193,0.5097192525863647,0.00510295107960701,0.19289739429950714,0.5248783230781555,0.011639130301773548,0.1838085651397705,0.5358936786651611,0.01459547784179449,0.18347737193107605,0.4898522198200226,-0.0034062787890434265,0.19184432923793793,0.49386298656463623,0.004108048975467682,0.1850992739200592,0.5071184635162354,0.008411952294409275,0.17738032341003418,0.5165490508079529,0.009123814292252064,0.17064830660820007,0.47084546089172363,-0.0031852656975388527,0.17954665422439575,0.47660520672798157,0.0055242544040083885,0.1738235503435135,0.4913187026977539,0.008958829566836357,0.16693709790706635,0.5019311904907227,0.00843777321279049,0.15649408102035522,0.45693302154541016,-0.0027725687250494957,0.16444942355155945,0.4605041444301605,0.004875814076513052,0.1606728583574295,0.4742676615715027,0.008299952372908592,0.15503977239131927,0.4840095043182373,0.009081677533686161
open_palm,Right,0.13477656245231628,0.5556964874267578,-1.091470025471608e-09,0.16047286987304688,0.5728550553321838,0.0005938331596553326,0.18592780828475952,0.5607966184616089,-8.962202991824597e-05,0.19935199618339539,0.5351320505142212,2.9418139092740603e-05,0.1998462826013565,0.5074308514595032,0.0007788771181367338,0.1866377294063568,0.5175368785858154,-0.010761951096355915,0.19845959544181824,0.5073296427726746,-0.006600912194699049,0.1904418021440506,0.5202097296714783,-0.000632295326795429,0.18200762569904327,0.5314610600471497,0.0022726599127054214,0.17711807787418365,0.4911450147628784,-0.011447441764175892,0.18839037418365479,0.4907701015472412,-0.00693721417337656,0.18304398655891418,0.5031815767288208,-0.00245166034437716,0.17569600045681,0.5137587189674377,-0.0012653209269046783,0.1658172607421875,0.4719272255897522,-0.010229120962321758,0.1780998408794403,0.4750533699989319,-0.003954363986849785,0.17369604110717773,0.4891926646232605,0.00029209567583166063,0.16691109538078308,0.500542163848877,0.0006583041977137327,0.15404142439365387,0.4587331712245941,-0.009022067300975323,0.16642221808433533,0.4620499610900879,-0.00362417078576982,0.163548082113266,0.4757010340690613,-3.626546822488308e-05,0.15750347077846527,0.4856342077255249,0.0011832473101094365
open_palm,Right,0.13741235435009003,0.5580394864082336,-2.0588881710636997e-09,0.16576501727104187,0.5773070454597473,0.002509722951799631,0.19142863154411316,0.5660161375999451,0.003346448764204979,0.2036394476890564,0.5388257503509521,0.004523994401097298,0.201340451836586,0.5121800303459167,0.006602651439607143,0.19361363351345062,0.5182145833969116,-0.00411200663074851,0.20387707650661469,0.5121201276779175,0.002876301296055317,0.19411703944206238,0.5275938510894775,0.010127849876880646,0.18458731472492218,0.5383284091949463,0.013528085313737392,0.18275779485702515,0.4921492040157318,-0.005187037400901318,0.19224511086940765,0.49598875641822815,0.0021669906564056873,0.18523721396923065,0.5090973377227783,0.007290498353540897,0.17756590247154236,0.5176421403884888,0.008775375783443451,0.1695452332496643,0.47302091121673584,-0.004360914696007967,0.17941248416900635,0.4794171154499054,0.0041651553474366665,0.17367996275424957,0.4934038817882538,0.008535986766219139,0.1665796935558319,0.5023439526557922,0.008906878530979156,0.15533176064491272,0.45896661281585693,-0.0034230854362249374,0.16476832330226898,0.4622665047645569,0.00452006421983242,0.16088612377643585,0.4756772518157959,0.008719819597899914,0.15473289787769318,0.48384490609169006,0.010167904198169708
open_palm,Right,0.13487449288368225,0.5573919415473938,-7.190598672046633e-10,0.1627032458782196,0.5750463008880615,0.003095469204708934,0.18804244697093964,0.5651618838310242,0.003413640893995762,0.2005613148212433,0.5398373007774353,0.004029849544167519,0.19919003546237946,0.5121874809265137,0.005443226080387831,0.18882973492145538,0.5200282335281372,-0.007777143269777298,0.20210494101047516,0.5109769105911255,-0.0025212676264345646,0.19332534074783325,0.5244756937026978,0.004308548290282488,0.18427012860774994,0.5358485579490662,0.00771399075165391,0.17879560589790344,0.492876261472702,-0.009468265809118748,0.19129498302936554,0.49476972222328186,-0.003755091456696391,0.1854000687599182,0.5080466270446777,0.0016674118814989924,0.177984356880188,0.5182954668998718,0.003482690779492259,0.16675390303134918,0.47253111004829407,-0.00905400887131691,0.17971637845039368,0.47817757725715637,-0.0014591871295124292,0.17477355897426605,0.4920102059841156,0.0036103378515690565,0.16790199279785156,0.5026660561561584,0.004406380001455545,0.1538839489221573,0.45760464668273926,-0.008517878130078316,0.16569052636623383,0.46264898777008057,-0.0013453202554956079,0.16234242916107178,0.4761379063129425,0.0031979824416339397,0.1562911570072174,0.48548421263694763,0.0049086036160588264
open_palm,Right,0.1352917104959488,0.555904746055603,-2.578907754013926e-09,0.16225114464759827,0.5715885162353516,0.005036009941250086,0.1858864277601242,0.5598722100257874,0.006756147835403681,0.19568464159965515,0.5319371223449707,0.00857307855039835,0.19110243022441864,0.504320502281189,0.011095580644905567,0.19408567249774933,0.520100474357605,-0.005532432813197374,0.195989727973938,0.5038248300552368,-0.0001216691016452387,0.18622705340385437,0.5161945223808289,0.006235796958208084,0.17981259524822235,0.5296175479888916,0.009309038519859314,0.18373015522956848,0.4919261336326599,-0.008219351060688496,0.18482033908367157,0.48621946573257446,-0.003087445395067334,0.1768694967031479,0.4991030693054199,0.00212640268728137,0.17046566307544708,0.5110239386558533,0.003915755078196526,0.16987666487693787,0.4702402353286743,-0.008736136369407177,0.17232729494571686,0.46843186020851135,-0.0014957154635339975,0.16594427824020386,0.4825393557548523,0.0035466193221509457,0.1605665385723114,0.4959622919559479,0.004336827900260687,0.15442562103271484,0.45483723282814026,-0.009038488380610943,0.1582174301147461,0.4522086977958679,-0.0024706735275685787,0.1539487987756729,0.46519917249679565,0.0016967146657407284,0.14950260519981384,0.47648733854293823,0.0032217632979154587
open_palm,Right,0.13753293454647064,0.559445321559906,-1.7075791891585368e-09,0.16571559011936188,0.5733385682106018,0.0026633180677890778,0.18962889909744263,0.55856853723526,0.0032341070473194122,0.1988496631383896,0.5293704271316528,0.004221258219331503,0.19407859444618225,0.502997636795044,0.006061814725399017,0.192500039935112,0.5077129602432251,-0.00603933772072196,0.199273943901062,0.5009616017341614,-0.000847877818159759,0.1912662535905838,0.5162479281425476,0.005133456084877253,0.18308401107788086,0.5276594161987305,0.007986316457390785,0.1815601885318756,0.4824574887752533,-0.007234292104840279,0.18670642375946045,0.48695701360702515,-0.001254330505616963,0.18036818504333496,0.5018893480300903,0.003724998328834772,0.1734449714422226,0.5110084414482117,0.005187516566365957,0.16770245134830475,0.46585705876350403,-0.006540183909237385,0.17336246371269226,0.47157955169677734,0.0010327148484066129,0.16854140162467957,0.4868256449699402,0.0055006989277899265,0.16271306574344635,0.4973558783531189,0.005974775645881891,0.15243087708950043,0.45575591921806335,-0.00582918943837285,0.15851259231567383,0.4587157368659973,0.001417831634171307,0.15503324568271637,0.47192245721817017,0.005499246064573526,0.14992015063762665,0.480743408203125,0.006909545511007309
open_palm,Right,0.13341611623764038,0.5518322587013245,-1.9894486058547045e-09,0.1602046936750412,0.5710242986679077,0.0025878201704472303,0.18565113842487335,0.5607731342315674,0.003563139820471406,0.1980980783700943,0.536518394947052,0.004764731507748365,0.19579797983169556,0.5109131336212158,0.006689214147627354,0.1913176327943802,0.514489471912384,-0.005311032757163048,0.2017720639705658,0.507142186164856,0.00062569510191679,0.19077622890472412,0.5220702290534973,0.00735967792570591,0.18122798204421997,0.5329692959785461,0.010529223829507828,0.18099859356880188,0.4880351424217224,-0.006935518234968185,0.189823716878891,0.48932042717933655,-0.0013883189531043172,0.1823018193244934,0.5021418333053589,0.0030761496163904667,0.1746612936258316,0.5116159319877625,0.00440033245831728,0.16795717179775238,0.46874281764030457,-0.006651953794062138,0.17593537271022797,0.47159552574157715,-0.00013079297787044197,0.17012740671634674,0.4855017066001892,0.003604648867622018,0.16364626586437225,0.4958887994289398,0.003927655518054962,0.15419632196426392,0.4554448425769806,-0.006195674184709787,0.16134250164031982,0.45676112174987793,-0.00017394193855579942,0.15718413889408112,0.4694635570049286,0.0031992283184081316,0.15147635340690613,0.47837120294570923,0.004386960528790951
open_palm,Left,0.8490452766418457,0.7083138227462769,5.1181996418847575e-09,0.8596417307853699,0.7918853163719177,0.04631754010915756,0.8878857493400574,0.8110862374305725,0.07870401442050934,0.9153389930725098,0.8135596513748169,0.0964137613773346,0.9428395628929138,0.8227343559265137,0.1134868785738945,0.9217144250869751,0.7230287790298462,0.12776263058185577,0.9503879547119141,0.7483915090560913,0.15653930604457855,0.9593770503997803,0.7834670543670654,0.1659027487039566,0.9557027220726013,0.8142846822738647,0.1705460250377655,0.9367976188659668,0.7037336826324463,0.10510878264904022,0.9685424566268921,0.7448158264160156,0.12988804280757904,0.9690821170806885,0.7862069606781006,0.12425278127193451,0.957880973815918,0.8121867179870605,0.12221480906009674,0.9521258473396301,0.6850814819335938,0.07966749370098114,0.9870940446853638,0.730785608291626,0.09561224281787872,0.980430006980896,0.7730032205581665,0.08911922574043274,0.9621456861495972,0.7922742366790771,0.0860523134469986,0.9679936766624451,0.670732855796814,0.05558447912335396,1.0051430463790894,0.7074958682060242,0.0664127916097641,1.0036975145339966,0.7443206310272217,0.06661397218704224,0.98813796043396,0.7656532526016235,0.06706677377223969
open_palm,Left,0.86810702085495,0.7206425070762634,7.252768940979593e-10,0.8699211478233337,0.8072872757911682,0.03435466066002846,0.8915419578552246,0.8480709195137024,0.05167881026864052,0.917536199092865,0.8582388162612915,0.05585164949297905,0.9405911564826965,0.8678779602050781,0.060403160750865936,0.9439379572868347,0.7880215644836426,0.0903487503528595,0.9643135666847229,0.8218297362327576,0.10544078052043915,0.9466118812561035,0.8412521481513977,0.10808181017637253,0.9240990877151489,0.8426187634468079,0.10759984701871872,0.961296796798706,0.7637298107147217,0.06789505481719971,0.976652204990387,0.8197901844978333,0.07504744827747345,0.9500682950019836,0.8405072689056396,0.06288070976734161,0.9229868054389954,0.8374348282814026,0.05675017461180687,0.9769577980041504,0.7368298172950745,0.04396753013134003,0.9945685863494873,0.8033782243728638,0.04850589111447334,0.9639707207679749,0.8219560980796814,0.03914473578333855,0.9343111515045166,0.8111370205879211,0.033732425421476364,0.9909448623657227,0.7062817215919495,0.020948711782693863,1.01030433177948,0.7688645720481873,0.028095362707972527,0.9882775545120239,0.7953718304634094,0.02715844288468361,0.9628523588180542,0.7959793210029602,0.02563251554965973
open_palm,Left,0.8743554353713989,0.69239741563797,3.749667243369004e-09,0.873092532157898,0.769051730632782,0.015518835745751858,0.8916540741920471,0.8287507891654968,0.02517491951584816,0.9149878025054932,0.8640045523643494,0.026013433933258057,0.9372830390930176,0.8870398998260498,0.028486555442214012,0.9388354420661926,0.7717090845108032,0.07220808416604996,0.9609918594360352,0.8085606098175049,0.08298992365598679,0.9467878937721252,0.8173157572746277,0.08496211469173431,0.9298276305198669,0.8076608777046204,0.08546080440282822,0.9560254216194153,0.7497346997261047,0.06048141047358513,0.9814392328262329,0.7972621321678162,0.06393980979919434,0.9589588046073914,0.8021965026855469,0.05185064300894737,0.9349690675735474,0.7872964143753052,0.04759009927511215,0.9733772277832031,0.7200682759284973,0.04612495005130768,1.0003000497817993,0.7659842371940613,0.04911157488822937,0.98019939661026,0.7768512964248657,0.03980664908885956,0.9585576057434082,0.7631970047950745,0.03621276095509529,0.9882351160049438,0.6830516457557678,0.03134749457240105,1.0222172737121582,0.7150437235832214,0.03701305761933327,1.017482042312622,0.736543595790863,0.03509301692247391,1.005112886428833,0.7410038709640503,0.034053608775138855
open_palm,Left,0.5869423151016235,0.5105434656143188,5.41256861552597e-09,0.6124902963638306,0.5485238432884216,0.009995827451348305,0.6483765840530396,0.5605618357658386,0.008604302071034908,0.6750814914703369,0.5593329071998596,0.0008057434461079538,0.692961573600769,0.5605705380439758,-0.006121269427239895,0.6856212019920349,0.49582770466804504,0.020502755418419838,0.7236303091049194,0.5024026036262512,0.019093390554189682,0.7236839532852173,0.5358297824859619,0.0193736981600523,0.7176737189292908,0.5532212257385254,0.018575232475996017,0.6831022500991821,0.4797324240207672,0.005194866564124823,0.7245122790336609,0.5035473704338074,0.0003594892332330346,0.7137496471405029,0.5448318123817444,-0.0012793075293302536,0.6959224343299866,0.5589118599891663,-0.000713365210685879,0.6770581007003784,0.46967005729675293,-0.011251791380345821,0.7121536135673523,0.5090889930725098,-0.01601400040090084,0.6936267018318176,0.5502328872680664,-0.013678154908120632,0.6721541285514832,0.561248242855072,-0.010958731174468994,0.6669901609420776,0.46626025438308716,-0.028447365388274193,0.6922581791877747,0.509122908115387,-0.030246874317526817,0.681520938873291,0.5410531759262085,-0.0262543186545372,0.6645976901054382,0.5499420762062073,-0.022795986384153366
open_palm,Left,0.44601970911026,0.5198562145233154,1.61212465599192e-08,0.5135042667388916,0.5209836959838867,-0.03394657373428345,0.582694411277771,0.47377294301986694,-0.05994855612516403,0.636382520198822,0.42314738035202026,-0.08341290801763535,0.6788311004638672,0.38871070742607117,-0.1072472333908081,0.5448228716850281,0.31851115822792053,-0.05274028331041336,0.584334135055542,0.21526819467544556,-0.07788101583719254,0.6074708104133606,0.1508551985025406,-0.09505483508110046,0.626802921295166,0.09393024444580078,-0.10842365026473999,0.5006588101387024,0.2835623025894165,-0.05273611843585968,0.5216680765151978,0.17220261693000793,-0.0794183537364006,0.5308072566986084,0.10863389074802399,-0.09673155099153519,0.5371876358985901,0.047474026679992676,-0.11019261926412582,0.4565798044204712,0.28107011318206787,-0.05447503924369812,0.45193469524383545,0.17497819662094116,-0.08124056458473206,0.44552263617515564,0.10725946724414825,-0.0980854481458664,0.4415760338306427,0.04663488268852234,-0.10903459787368774,0.4134383201599121,0.3021402955055237,-0.058975934982299805,0.39189934730529785,0.22663748264312744,-0.07768121361732483,0.3777438998222351,0.17732268571853638,-0.08864738047122955,0.36701828241348267,0.126223623752594,-0.09688752889633179
open_palm,Left,0.37253767251968384,0.527324914932251,1.913073433001955e-08,0.4526970386505127,0.513292133808136,-0.03421028330922127,0.5282829999923706,0.4566617012023926,-0.06749146431684494,0.5877625942230225,0.4086245894432068,-0.10012386739253998,0.6418964862823486,0.38306254148483276,-0.13453729450702667,0.48834434151649475,0.30587688088417053,-0.07065636664628983,0.5343483686447144,0.1926858127117157,-0.10964195430278778,0.5609157085418701,0.12114149332046509,-0.13507935404777527,0.584518551826477,0.05069860816001892,-0.15318314731121063,0.4395783245563507,0.2650853395462036,-0.07915715128183365,0.46674010157585144,0.13389091193675995,-0.11871623992919922,0.48150911927223206,0.05423516035079956,-0.14221470057964325,0.49327102303504944,-0.02351352572441101,-0.16014300286769867,0.39110442996025085,0.2583654522895813,-0.08943933993577957,0.3904804587364197,0.13403655588626862,-0.12420105934143066,0.38695093989372253,0.05277624726295471,-0.1425306349992752,0.38598889112472534,-0.021005362272262573,-0.15525345504283905,0.34486401081085205,0.27679985761642456,-0.10278821736574173,0.3239859342575073,0.1874735951423645,-0.1258106231689453,0.31087160110473633,0.13110694289207458,-0.13715395331382751,0.3007179796695709,0.07481485605239868,-0.1466173380613327
open_palm,Left,0.34406331181526184,0.6847593188285828,2.7954776271599258e-08,0.430207222700119,0.6796151399612427,-0.03299076110124588,0.5078495740890503,0.6235455870628357,-0.06017008051276207,0.563755214214325,0.5669399499893188,-0.08699493855237961,0.6183650493621826,0.5357605218887329,-0.11441211402416229,0.46021732687950134,0.4690290689468384,-0.04269752651453018,0.504319429397583,0.3606316149234772,-0.06817299127578735,0.5244466662406921,0.29821667075157166,-0.08591589331626892,0.5397462844848633,0.23686787486076355,-0.09972093999385834,0.4072761535644531,0.43166327476501465,-0.047247257083654404,0.42952799797058105,0.3222202658653259,-0.07306502014398575,0.43831390142440796,0.25451207160949707,-0.09231727570295334,0.4424818158149719,0.18226677179336548,-0.10852047055959702,0.3562999963760376,0.4282188415527344,-0.054466262459754944,0.3548436760902405,0.31598368287086487,-0.08198218047618866,0.34930339455604553,0.24806469678878784,-0.10068626701831818,0.34425103664398193,0.18077418208122253,-0.11414176225662231,0.3073912262916565,0.4431365728378296,-0.06494569033384323,0.2789454758167267,0.3598073720932007,-0.08417405188083649,0.2608593702316284,0.30211561918258667,-0.09493186324834824,0.24678121507167816,0.2386106550693512,-0.10420091450214386
open_palm,Left,0.39766591787338257,0.7785958051681519,1.6595503637972797e-08,0.48241591453552246,0.7543874979019165,-0.037125516682863235,0.560348391532898,0.6898975372314453,-0.07014220207929611,0.6173948645591736,0.6294156312942505,-0.10111124068498611,0.6659941673278809,0.5859211683273315,-0.1336268186569214,0.5035052299499512,0.540640115737915,-0.06808023154735565,0.5446113348007202,0.4226962924003601,-0.10313665121793747,0.5678536295890808,0.3510116934776306,-0.12715689837932587,0.5863932371139526,0.2803715765476227,-0.14560474455356598,0.44880157709121704,0.5028541088104248,-0.0731218159198761,0.463678777217865,0.38106662034988403,-0.10911422222852707,0.4710822105407715,0.300546795129776,-0.13390715420246124,0.47353261709213257,0.2194616198539734,-0.1549239605665207,0.39662429690361023,0.5026593208312988,-0.07977619767189026,0.3849483132362366,0.3808259069919586,-0.11611616611480713,0.3772704005241394,0.3027428388595581,-0.13971294462680817,0.3713378310203552,0.22728273272514343,-0.15736904740333557,0.34851300716400146,0.5267137885093689,-0.0893784612417221,0.30971768498420715,0.4406125247478485,-0.11674045026302338,0.2841702997684479,0.3804188370704651,-0.13275887072086334,0.263311505317688,0.31395378708839417,-0.14621353149414062
open_palm,Left,0.3959302306175232,0.7530736327171326,1.5777512629711055e-08,0.4843333959579468,0.7328470349311829,-0.0342567153275013,0.5631260275840759,0.6731598377227783,-0.06504709273576736,0.6217212080955505,0.6132292151451111,-0.09488540142774582,0.6722235083580017,0.5681092739105225,-0.12570253014564514,0.5045343637466431,0.5265030860900879,-0.059580788016319275,0.5449404716491699,0.3984363377094269,-0.09177683293819427,0.5653766393661499,0.3222275972366333,-0.11289431899785995,0.5802156329154968,0.24590054154396057,-0.12867343425750732,0.44797441363334656,0.49233880639076233,-0.06550928205251694,0.46000322699546814,0.36254358291625977,-0.09841106832027435,0.4652862250804901,0.2789537012577057,-0.11969861388206482,0.4654235243797302,0.19592279195785522,-0.13720881938934326,0.3955841660499573,0.49182838201522827,-0.07336794584989548,0.3813570737838745,0.36481183767318726,-0.1062629371881485,0.37359246611595154,0.2798866927623749,-0.1263607293367386,0.3666771650314331,0.20351329445838928,-0.14046993851661682,0.3479445278644562,0.5122733116149902,-0.08410664647817612,0.3110955059528351,0.42226850986480713,-0.10702244192361832,0.28509342670440674,0.35791218280792236,-0.1198982298374176,0.26319634914398193,0.291620135307312,-0.1303701251745224
open_palm,Left,0.3963960111141205,0.7529798150062561,1.7536148533281448e-08,0.48452797532081604,0.722779393196106,-0.03713968023657799,0.5658474564552307,0.6565355062484741,-0.06875576078891754,0.6264959573745728,0.5935961604118347,-0.09937305003404617,0.67794269323349,0.5455644726753235,-0.1312137395143509,0.4999745488166809,0.5131317377090454,-0.05868928134441376,0.533842146396637,0.3861684501171112,-0.09202239662408829,0.5528584122657776,0.3087612986564636,-0.11496838927268982,0.5677643418312073,0.22949856519699097,-0.13193736970424652,0.4421994984149933,0.4816606342792511,-0.06379086524248123,0.45284396409988403,0.34837606549263,-0.09711161255836487,0.4576593339443207,0.26367315649986267,-0.11992022395133972,0.4576346278190613,0.17898881435394287,-0.13871361315250397,0.3894156813621521,0.48239460587501526,-0.0715828463435173,0.3753211498260498,0.35168084502220154,-0.10515402257442474,0.3653959035873413,0.26824110746383667,-0.12581324577331543,0.3573148250579834,0.19026881456375122,-0.14038456976413727,0.34162765741348267,0.5037733316421509,-0.08270653337240219,0.3064337372779846,0.41178473830223083,-0.10640719532966614,0.2798822522163391,0.346090704202652,-0.11956682056188583,0.2568408250808716,0.2761877477169037,-0.13027656078338623
open_palm,Left,0.40307947993278503,0.7486843466758728,1.6541541469905496e-08,0.48899373412132263,0.7303231954574585,-0.040453165769577026,0.5713514089584351,0.6661171317100525,-0.07579908519983292,0.6331948041915894,0.6043370366096497,-0.10906990617513657,0.6851176023483276,0.5576253533363342,-0.1431218385696411,0.5058760046958923,0.5196343660354614,-0.06906405836343765,0.541657030582428,0.39535146951675415,-0.1050916314125061,0.5599592924118042,0.31814301013946533,-0.1284313052892685,0.573963463306427,0.23953452706336975,-0.14538127183914185,0.44802623987197876,0.48724377155303955,-0.07311143726110458,0.46094074845314026,0.36271369457244873,-0.10799658298492432,0.46683719754219055,0.27883291244506836,-0.12979353964328766,0.4675181210041046,0.19447895884513855,-0.14819759130477905,0.3950194716453552,0.48769980669021606,-0.07959950715303421,0.38533568382263184,0.3616487979888916,-0.11406632512807846,0.3781103193759918,0.27999621629714966,-0.13328421115875244,0.3714744448661804,0.20514845848083496,-0.14717428386211395,0.34699299931526184,0.5060017108917236,-0.08958719670772552,0.3123283386230469,0.4160781502723694,-0.11378505080938339,0.2876201272010803,0.35060548782348633,-0.12658441066741943,0.26674145460128784,0.28109627962112427,-0.13743017613887787
open_palm,Left,0.39992186427116394,0.7599796652793884,1.7827165521566712e-08,0.48676228523254395,0.7353788614273071,-0.04115420952439308,0.5695329904556274,0.6659923195838928,-0.07588566094636917,0.6313191652297974,0.6038396954536438,-0.10857149213552475,0.6839935779571533,0.5550515055656433,-0.14249485731124878,0.5023325681686401,0.5282011032104492,-0.0681123286485672,0.5371367931365967,0.4038286805152893,-0.10369172692298889,0.5564038157463074,0.32814326882362366,-0.1274384707212448,0.5721220970153809,0.24884572625160217,-0.14491359889507294,0.4447247087955475,0.4972768723964691,-0.07204493135213852,0.4555075466632843,0.369187593460083,-0.10560514777898788,0.46239984035491943,0.2855542302131653,-0.12831877171993256,0.46498367190361023,0.20037934184074402,-0.14822106063365936,0.39193207025527954,0.4974158704280853,-0.07861016690731049,0.38169798254966736,0.37120380997657776,-0.11239854246377945,0.37477996945381165,0.28941231966018677,-0.1330227553844452,0.36996325850486755,0.21254882216453552,-0.14862047135829926,0.3448529541492462,0.5156356692314148,-0.08872468024492264,0.31002646684646606,0.4242144823074341,-0.11323551088571548,0.28453612327575684,0.3578455448150635,-0.1265668421983719,0.2635197639465332,0.28792804479599,-0.13818739354610443
open_palm,Left,0.4020945727825165,0.7560062408447266,1.624806955646818e-08,0.489251971244812,0.7328932285308838,-0.04010375589132309,0.5703881978988647,0.6694537997245789,-0.0731450766324997,0.6304856538772583,0.6095348596572876,-0.1045973151922226,0.6803767681121826,0.5626271367073059,-0.1371391862630844,0.5071989297866821,0.5225393772125244,-0.06157661974430084,0.5411120057106018,0.3981139361858368,-0.09567808359861374,0.5594049096107483,0.32147347927093506,-0.11861030757427216,0.5738018751144409,0.2428494095802307,-0.13527943193912506,0.4502166509628296,0.4911809265613556,-0.06546953320503235,0.460432767868042,0.3608330488204956,-0.0984802395105362,0.46445226669311523,0.2772160768508911,-0.12025504559278488,0.4639936685562134,0.19419676065444946,-0.13849516212940216,0.3975231647491455,0.4923536777496338,-0.07243886590003967,0.3869624435901642,0.3645462393760681,-0.10622867196798325,0.37965941429138184,0.28383535146713257,-0.12621748447418213,0.3736638128757477,0.20928537845611572,-0.14031711220741272,0.3495856523513794,0.5126951932907104,-0.08308758586645126,0.3151095509529114,0.4229661524295807,-0.10713761299848557,0.2906360626220703,0.35892000794410706,-0.12021009624004364,0.2703300416469574,0.29102885723114014,-0.13089030981063843
open_palm,Left,0.40857377648353577,0.7543837428092957,1.757156198323173e-08,0.4931415617465973,0.7322580814361572,-0.03559792414307594,0.574571967124939,0.6730829477310181,-0.0676182210445404,0.6379209160804749,0.621760368347168,-0.09822867810726166,0.6899263858795166,0.5856217741966248,-0.12917356193065643,0.5115721821784973,0.5228186845779419,-0.05938024818897247,0.5494236946105957,0.39921432733535767,-0.0905417948961258,0.5698895454406738,0.32403385639190674,-0.11104552447795868,0.5854230523109436,0.2486705780029297,-0.12613627314567566,0.4551205635070801,0.4883756637573242,-0.0636184960603714,0.4689759612083435,0.36343443393707275,-0.09273762255907059,0.4773732125759125,0.27751365303993225,-0.11181265860795975,0.4803319275379181,0.1937466859817505,-0.12871603667736053,0.4025348126888275,0.4876934587955475,-0.07002134621143341,0.3914620578289032,0.3635993003845215,-0.09869303554296494,0.3848685026168823,0.2816154956817627,-0.11535576730966568,0.3794417381286621,0.20786836743354797,-0.12804844975471497,0.3550686240196228,0.5056907534599304,-0.07978618890047073,0.3201408386230469,0.41778117418289185,-0.09895139187574387,0.2962564527988434,0.3537577986717224,-0.10910141468048096,0.27646446228027344,0.2865278124809265,-0.11830808967351913
open_palm,Left,0.4373241066932678,0.7557035088539124,1.6708915140384306e-08,0.5249772071838379,0.7227765917778015,-0.02786094695329666,0.6032372713088989,0.6615104079246521,-0.05109656602144241,0.6647090911865234,0.6066864728927612,-0.07462062686681747,0.7132721543312073,0.5707318186759949,-0.09795737266540527,0.5420268774032593,0.5093934535980225,-0.03128388151526451,0.5794941782951355,0.39298325777053833,-0.05291460454463959,0.600682258605957,0.3211480379104614,-0.06758572906255722,0.6174918413162231,0.24773329496383667,-0.07869958132505417,0.48889949917793274,0.47651591897010803,-0.0372028686106205,0.5077721476554871,0.35673055052757263,-0.055514056235551834,0.5184253454208374,0.27618247270584106,-0.06894826889038086,0.5229536890983582,0.19909751415252686,-0.0816836953163147,0.4383455514907837,0.4775713086128235,-0.04641875624656677,0.4315456748008728,0.35679173469543457,-0.06662432104349136,0.42772558331489563,0.2820384204387665,-0.07966962456703186,0.42470285296440125,0.21016409993171692,-0.08992689847946167,0.39055293798446655,0.5006362795829773,-0.059127259999513626,0.359087735414505,0.4155573844909668,-0.07264982163906097,0.3388962745666504,0.35506516695022583,-0.08056455850601196,0.32249829173088074,0.28776752948760986,-0.08784058690071106
open_palm,Left,0.4336167573928833,0.753624439239502,1.7906792493249668e-08,0.517256498336792,0.718957781791687,-0.02797059528529644,0.5962982177734375,0.6525956392288208,-0.054492633789777756,0.6568812131881714,0.5994510650634766,-0.08140809088945389,0.7075837254524231,0.5661075115203857,-0.10896514356136322,0.5360274910926819,0.5095633268356323,-0.04513069987297058,0.5730417966842651,0.39099520444869995,-0.07181520015001297,0.5928953886032104,0.32263678312301636,-0.09001045674085617,0.6088394522666931,0.25313740968704224,-0.1037035584449768,0.4815707802772522,0.478147029876709,-0.05241859331727028,0.49431169033050537,0.3535041809082031,-0.07688793540000916,0.5023108124732971,0.27468666434288025,-0.09427548944950104,0.5062130689620972,0.19757267832756042,-0.11007803678512573,0.4306398034095764,0.4794132113456726,-0.06196475028991699,0.4197309911251068,0.35773545503616333,-0.08662470430135727,0.4152970314025879,0.28043484687805176,-0.10232800990343094,0.4124975800514221,0.20993927121162415,-0.11468187719583511,0.3845840096473694,0.5005884170532227,-0.07452134042978287,0.3521953225135803,0.41432034969329834,-0.09100886434316635,0.33104026317596436,0.3515087962150574,-0.09997822344303131,0.3133545219898224,0.2848256826400757,-0.10841333121061325
open_palm,Left,0.42937171459198,0.7529188990592957,1.7080717285011815e-08,0.5133386850357056,0.7208833694458008,-0.02818096987903118,0.5926144123077393,0.654924213886261,-0.055067114531993866,0.6538996696472168,0.6017681360244751,-0.08237292617559433,0.704896092414856,0.5690529942512512,-0.11018165200948715,0.535032331943512,0.5096511840820312,-0.04514462500810623,0.571627140045166,0.3894015848636627,-0.07195310294628143,0.5908522605895996,0.31977182626724243,-0.09018727391958237,0.6061756610870361,0.24915775656700134,-0.1038355827331543,0.4807184040546417,0.4779687523841858,-0.05234929546713829,0.49261367321014404,0.3521650433540344,-0.07672686874866486,0.499918669462204,0.27266278862953186,-0.09403999149799347,0.5029066801071167,0.19535988569259644,-0.10964251309633255,0.42919501662254333,0.4789336025714874,-0.06187167391180992,0.4177369177341461,0.3568365275859833,-0.08622193336486816,0.413839191198349,0.2778727114200592,-0.10210707783699036,0.41114112734794617,0.20626598596572876,-0.11453768610954285,0.3819390535354614,0.49933764338493347,-0.07443303614854813,0.3491000235080719,0.41235893964767456,-0.09039874374866486,0.32920941710472107,0.34971126914024353,-0.09935296326875687,0.3127906918525696,0.28353291749954224,-0.10783118009567261
open_palm,Left,0.42909306287765503,0.7496048808097839,1.7196972734723204e-08,0.5133112072944641,0.7167680263519287,-0.027472997084259987,0.5921226739883423,0.652743935585022,-0.0541544109582901,0.6532272696495056,0.5999634861946106,-0.08132539689540863,0.7044064998626709,0.5647353529930115,-0.10900107771158218,0.5328923463821411,0.5059605240821838,-0.04415782541036606,0.5696173310279846,0.38611656427383423,-0.07076368480920792,0.5895649194717407,0.31733766198158264,-0.0888703316450119,0.6057291030883789,0.247441828250885,-0.10244715958833694,0.4785638749599457,0.4744722247123718,-0.051533814519643784,0.4909313917160034,0.35060256719589233,-0.07605396211147308,0.49889689683914185,0.2720407247543335,-0.09310509264469147,0.5023117065429688,0.19541826844215393,-0.1084812730550766,0.4273809790611267,0.4761587977409363,-0.061185553669929504,0.4171488583087921,0.35486704111099243,-0.08604762703180313,0.4133366644382477,0.276822566986084,-0.1013428121805191,0.41051435470581055,0.20631268620491028,-0.11320898681879044,0.38103073835372925,0.4973931312561035,-0.07381222397089005,0.348091185092926,0.4116996228694916,-0.09005367755889893,0.32687896490097046,0.34889721870422363,-0.09861686080694199,0.30908089876174927,0.2825586199760437,-0.10668792575597763
open_palm,Left,0.42831817269325256,0.7476519346237183,1.7161333687454317e-08,0.5133789777755737,0.7135435938835144,-0.025202302262187004,0.5918938517570496,0.6472375988960266,-0.04995330795645714,0.6524443030357361,0.5929746627807617,-0.07539916783571243,0.7046000361442566,0.5587666630744934,-0.10129701346158981,0.532423198223114,0.5032886266708374,-0.040501128882169724,0.5685973763465881,0.3832293748855591,-0.06514304131269455,0.5881031155586243,0.3142387568950653,-0.08175109326839447,0.6037557125091553,0.24415239691734314,-0.09429684281349182,0.47806987166404724,0.47159475088119507,-0.047988370060920715,0.49033692479133606,0.34660977125167847,-0.07033299654722214,0.49782511591911316,0.2678983211517334,-0.08593815565109253,0.50069659948349,0.19196054339408875,-0.10033483058214188,0.42703551054000854,0.47266873717308044,-0.05756627395749092,0.41683900356292725,0.3510565161705017,-0.08052067458629608,0.4134290814399719,0.27355673909187317,-0.0947190374135971,0.41074323654174805,0.20377016067504883,-0.10587286949157715,0.38091689348220825,0.49302881956100464,-0.06996001303195953,0.3482125401496887,0.407584547996521,-0.08464498072862625,0.32788360118865967,0.3465149402618408,-0.09228808432817459,0.3106563091278076,0.2823309898376465,-0.09970690310001373
open_palm,Left,0.42577648162841797,0.7343863248825073,1.7007295127768884e-08,0.5113100409507751,0.7026113271713257,-0.027518024668097496,0.5900797247886658,0.638982892036438,-0.052856359630823135,0.6503288745880127,0.5833761692047119,-0.07885187864303589,0.7002183198928833,0.543798565864563,-0.10533029586076736,0.5298066735267639,0.49108821153640747,-0.03991391509771347,0.5666743516921997,0.3715341091156006,-0.0652487576007843,0.5867288112640381,0.3019668459892273,-0.0828467383980751,0.602561891078949,0.231219083070755,-0.0962420180439949,0.4760657250881195,0.45913124084472656,-0.047202564775943756,0.48943305015563965,0.3337253928184509,-0.07089605927467346,0.4966636598110199,0.2535246014595032,-0.08815623819828033,0.4988308548927307,0.17496752738952637,-0.10354658216238022,0.42560869455337524,0.4603613615036011,-0.05711056664586067,0.4152015149593353,0.3379098176956177,-0.08141164481639862,0.4110543429851532,0.259662926197052,-0.09728578478097916,0.4075733721256256,0.18874680995941162,-0.10942202061414719,0.37944847345352173,0.4822685122489929,-0.07009396702051163,0.3458915948867798,0.39747878909111023,-0.08612624555826187,0.3238547742366791,0.33506304025650024,-0.0952392965555191,0.3053608536720276,0.2685267925262451,-0.10350310802459717
open_palm,Left,0.4270356297492981,0.7317999005317688,1.7127979035080898e-08,0.5116021037101746,0.6999596953392029,-0.02813476137816906,0.5910564064979553,0.6340958476066589,-0.05584434047341347,0.651960015296936,0.5798330307006836,-0.0836329460144043,0.7029527425765991,0.5435702800750732,-0.11209186166524887,0.5305731296539307,0.4939413070678711,-0.05003645271062851,0.5674117207527161,0.3718442916870117,-0.07837772369384766,0.5870345234870911,0.30072706937789917,-0.09722140431404114,0.6026844382286072,0.22866088151931763,-0.11131623387336731,0.47595247626304626,0.46236735582351685,-0.057296041399240494,0.4880930185317993,0.33701226115226746,-0.08387172222137451,0.4954681098461151,0.25627973675727844,-0.1014823168516159,0.4979800879955292,0.17713376879692078,-0.1172584518790245,0.42504003643989563,0.46296802163124084,-0.06638092547655106,0.41380178928375244,0.34106558561325073,-0.09248808771371841,0.4094073176383972,0.26241785287857056,-0.10781564563512802,0.4058400094509125,0.19078364968299866,-0.11978559195995331,0.37934210896492004,0.4821828007698059,-0.07836078107357025,0.34595751762390137,0.3960469365119934,-0.09557083994150162,0.32394087314605713,0.33298468589782715,-0.10438033938407898,0.3050127923488617,0.26587384939193726,-0.11268975585699081
open_palm,Left,0.4265848994255066,0.7260751724243164,1.775854308050384e-08,0.5110365152359009,0.6934518814086914,-0.029964333400130272,0.5901275277137756,0.6288989186286926,-0.0581098347902298,0.6505821347236633,0.5749229192733765,-0.0863669291138649,0.7012993097305298,0.5364530682563782,-0.11538704484701157,0.5273613929748535,0.4865836203098297,-0.04831082001328468,0.5624995827674866,0.36652570962905884,-0.07686944305896759,0.5825408697128296,0.2971388101577759,-0.09656268358230591,0.5992740988731384,0.2257937788963318,-0.11133506149053574,0.47262561321258545,0.45586395263671875,-0.05539558827877045,0.4840417504310608,0.3329857587814331,-0.08200127631425858,0.4925119876861572,0.25496143102645874,-0.10072831809520721,0.49688225984573364,0.1775747537612915,-0.11743833124637604,0.4218428134918213,0.45734283328056335,-0.06490770727396011,0.41069960594177246,0.3359280824661255,-0.09165733307600021,0.4058101177215576,0.2571120858192444,-0.10868346691131592,0.4026983082294464,0.1847400665283203,-0.12193550169467926,0.3762180209159851,0.47854939103126526,-0.07748642563819885,0.34247535467147827,0.3942921459674835,-0.09542866051197052,0.31965363025665283,0.3314014673233032,-0.10538075864315033,0.30078428983688354,0.2641724944114685,-0.11461072415113449
open_palm,Left,0.42573821544647217,0.7259148359298706,1.6897203636290214e-08,0.5101632475852966,0.6954314708709717,-0.03013554774224758,0.5890285968780518,0.6324990391731262,-0.05830616131424904,0.6498081684112549,0.5795132517814636,-0.08648208528757095,0.701054573059082,0.5423647165298462,-0.11521261930465698,0.5288736820220947,0.48513832688331604,-0.04811091348528862,0.5651923418045044,0.3650219142436981,-0.07592641562223434,0.5840311646461487,0.29526734352111816,-0.09462746977806091,0.5989128947257996,0.22392749786376953,-0.10853515565395355,0.4741523861885071,0.4544065594673157,-0.05467906594276428,0.4861474931240082,0.3302954435348511,-0.08036033809185028,0.4930117726325989,0.251357764005661,-0.09786281734704971,0.49528247117996216,0.17502135038375854,-0.11350575089454651,0.4231439232826233,0.4567135274410248,-0.06363268941640854,0.41200199723243713,0.3360656797885895,-0.08951514959335327,0.4075334966182709,0.2587257921695709,-0.10546177625656128,0.404092013835907,0.18862175941467285,-0.11771245300769806,0.37707045674324036,0.47844746708869934,-0.07570526003837585,0.3438519835472107,0.3937554359436035,-0.09310594201087952,0.323127806186676,0.3317471742630005,-0.10246898233890533,0.3058437705039978,0.26655644178390503,-0.11105180531740189
open_palm,Left,0.427528440952301,0.7301927804946899,1.7590751966167772e-08,0.510981023311615,0.6962878704071045,-0.029894255101680756,0.5898840427398682,0.629826009273529,-0.0582122802734375,0.6500180959701538,0.5760217905044556,-0.08667083084583282,0.6992916464805603,0.5388301014900208,-0.11587772518396378,0.5274713039398193,0.4868684709072113,-0.04869973286986351,0.5621657967567444,0.3681660294532776,-0.07730580866336823,0.5804562568664551,0.2993593215942383,-0.09689533710479736,0.5949992537498474,0.2290220558643341,-0.11158107221126556,0.47310319542884827,0.4562654197216034,-0.05594274029135704,0.48391082882881165,0.3328808546066284,-0.08222871273756027,0.4906236529350281,0.2530834376811981,-0.10110983997583389,0.4929973781108856,0.17417633533477783,-0.11819510906934738,0.42255890369415283,0.45859381556510925,-0.06555430591106415,0.4104458689689636,0.3381770849227905,-0.09193633496761322,0.40534448623657227,0.26013684272766113,-0.10904666036367416,0.40186792612075806,0.1886192262172699,-0.12256476283073425,0.37724414467811584,0.4802974462509155,-0.0782710611820221,0.3422958552837372,0.3955951929092407,-0.09614705294370651,0.31948575377464294,0.3325802683830261,-0.10606637597084045,0.30051082372665405,0.265794575214386,-0.11538057774305344
open_palm,Left,0.4307052493095398,0.7219479084014893,1.656531445348719e-08,0.5159623026847839,0.6921665668487549,-0.027429435402154922,0.5948956608772278,0.6301261186599731,-0.05326676368713379,0.6550330519676208,0.5746786594390869,-0.07901357859373093,0.7043735980987549,0.5356502532958984,-0.1046149954199791,0.5332648754119873,0.4888095557689667,-0.04302174225449562,0.5697673559188843,0.3694915175437927,-0.0676250159740448,0.5881577134132385,0.299343466758728,-0.08330221474170685,0.602590024471283,0.2297891080379486,-0.09487955272197723,0.4789552390575409,0.4575495719909668,-0.048685912042856216,0.49284040927886963,0.33748477697372437,-0.07090441882610321,0.5007097721099854,0.2577395439147949,-0.08487021923065186,0.503683865070343,0.18186330795288086,-0.09776903688907623,0.4287532567977905,0.45879992842674255,-0.05645139142870903,0.4191396236419678,0.3394922614097595,-0.07859349250793457,0.41485458612442017,0.265880286693573,-0.08999000489711761,0.4112454354763031,0.19985336065292358,-0.09899777173995972,0.38360655307769775,0.4777393341064453,-0.06730663031339645,0.35140058398246765,0.39436596632003784,-0.08095875382423401,0.33168643712997437,0.3343934416770935,-0.08720482885837555,0.315273255109787,0.27086353302001953,-0.09336897730827332
open_palm,Left,0.4306844472885132,0.721655547618866,1.739628530117443e-08,0.5145187973976135,0.6895408034324646,-0.030267447233200073,0.5934004783630371,0.6259441375732422,-0.05770890414714813,0.653813362121582,0.5728309154510498,-0.08486584573984146,0.7037275433540344,0.5349695086479187,-0.11243756115436554,0.5336534380912781,0.4849778413772583,-0.04792589321732521,0.5695223808288574,0.3641550838947296,-0.07506958395242691,0.5885167717933655,0.29510051012039185,-0.09299366921186447,0.604193925857544,0.22480478882789612,-0.10631410032510757,0.4792943298816681,0.454673171043396,-0.05357149988412857,0.4921097755432129,0.33267468214035034,-0.07860618829727173,0.5000367164611816,0.2554490566253662,-0.0950881689786911,0.503957986831665,0.1795356571674347,-0.10992144793272018,0.4284757673740387,0.45618486404418945,-0.06158757954835892,0.418967068195343,0.3367336094379425,-0.08691436797380447,0.4145585000514984,0.2614557445049286,-0.10146833211183548,0.41169100999832153,0.1927768588066101,-0.11264815926551819,0.38273197412490845,0.4760662615299225,-0.07274264097213745,0.3511446714401245,0.3919570744037628,-0.0894000232219696,0.3305533528327942,0.3311881124973297,-0.097773477435112,0.3135371804237366,0.26658570766448975,-0.10550767928361893
open_palm,Left,0.43046408891677856,0.7222082614898682,1.7376541094904496e-08,0.5125996470451355,0.6905543804168701,-0.03198618441820145,0.5912517309188843,0.6266883015632629,-0.06080213561654091,0.6520785093307495,0.5741685032844543,-0.08918976038694382,0.7020578384399414,0.5383836030960083,-0.11837269365787506,0.5314429402351379,0.4823359251022339,-0.05122017115354538,0.5664993524551392,0.3645806908607483,-0.08001764118671417,0.585763692855835,0.29619914293289185,-0.09945257753133774,0.6016039848327637,0.22628098726272583,-0.11393679678440094,0.4772465229034424,0.45137909054756165,-0.057176779955625534,0.4889555871486664,0.32828426361083984,-0.08350521326065063,0.4962993860244751,0.25046443939208984,-0.10153832286596298,0.4998571276664734,0.17374727129936218,-0.11788531392812729,0.42674440145492554,0.45449119806289673,-0.06567879766225815,0.41597598791122437,0.3347891867160797,-0.09246115386486053,0.4109383225440979,0.25790560245513916,-0.10907527059316635,0.4078441262245178,0.18722844123840332,-0.12197353690862656,0.38132381439208984,0.47774794697761536,-0.07740709185600281,0.34779638051986694,0.3949459195137024,-0.0957828238606453,0.3250105381011963,0.3325198292732239,-0.10572482645511627,0.30624014139175415,0.26539522409439087,-0.11479354649782181
open_palm,Left,0.42647024989128113,0.7207427024841309,1.7769606230899626e-08,0.5090106129646301,0.6881892085075378,-0.03164229169487953,0.5875991582870483,0.6236934661865234,-0.06024792790412903,0.6479824781417847,0.5709997415542603,-0.08853466808795929,0.6987465023994446,0.5353779792785645,-0.11769897490739822,0.5273643136024475,0.4829467833042145,-0.05123767629265785,0.5626551508903503,0.3647421598434448,-0.0801066979765892,0.5821847319602966,0.2964865565299988,-0.09963468462228775,0.5984674692153931,0.2260475754737854,-0.11420926451683044,0.47290900349617004,0.45215409994125366,-0.0573408417403698,0.48449599742889404,0.32817038893699646,-0.08388371765613556,0.49215686321258545,0.24998332560062408,-0.10220899432897568,0.4962352514266968,0.1725310981273651,-0.11882620304822922,0.4224831461906433,0.4541972875595093,-0.06591083109378815,0.41140350699424744,0.3329631984233856,-0.09284206479787827,0.40631401538848877,0.2555896043777466,-0.1096908375620842,0.40335702896118164,0.18452030420303345,-0.12281981855630875,0.3773345947265625,0.4761497676372528,-0.07764521986246109,0.34377819299697876,0.3918033838272095,-0.0961696058511734,0.3209385871887207,0.3296282887458801,-0.10622411966323853,0.3021547198295593,0.26323458552360535,-0.11542528122663498
open_palm,Left,0.42313486337661743,0.7153603434562683,1.6821081416651396e-08,0.5070465207099915,0.685982346534729,-0.030728047713637352,0.5864614844322205,0.6218458414077759,-0.0587143674492836,0.6465952396392822,0.565838634967804,-0.08634654432535172,0.6962476968765259,0.5274889469146729,-0.11459961533546448,0.5268225073814392,0.4823344945907593,-0.05029306933283806,0.5619766116142273,0.36166372895240784,-0.07845261693000793,0.5803484320640564,0.29109376668930054,-0.09708670526742935,0.5950944423675537,0.21941888332366943,-0.11089107394218445,0.4721902310848236,0.4509229063987732,-0.05615382641553879,0.4838450849056244,0.32493072748184204,-0.0820833072066307,0.49036920070648193,0.24486538767814636,-0.09946859627962112,0.4924335181713104,0.16714248061180115,-0.11510337889194489,0.4213528633117676,0.4518033266067505,-0.06426896899938583,0.41067925095558167,0.3298177719116211,-0.09041226655244827,0.4057087004184723,0.2517622411251068,-0.10601785033941269,0.4015332758426666,0.18194648623466492,-0.11804290115833282,0.3755517899990082,0.4714536964893341,-0.0754963606595993,0.3428536355495453,0.3862060308456421,-0.09308432787656784,0.32136988639831543,0.32471805810928345,-0.10223381966352463,0.302941232919693,0.25996893644332886,-0.11062273383140564
open_palm,Left,0.4266355633735657,0.717668354511261,1.7135768359821668e-08,0.5101421475410461,0.6835386753082275,-0.030770529061555862,0.5888242721557617,0.6162157654762268,-0.05927764251828194,0.6484317779541016,0.5587313771247864,-0.08741190284490585,0.6980600953102112,0.5174340009689331,-0.11630909889936447,0.5246317386627197,0.4792448878288269,-0.05183817073702812,0.560117244720459,0.3581916093826294,-0.08110188692808151,0.5790995955467224,0.2884238660335541,-0.10050467401742935,0.5945805907249451,0.21725237369537354,-0.11500802636146545,0.4701453447341919,0.44998645782470703,-0.05843039229512215,0.48229724168777466,0.3272048234939575,-0.086054228246212,0.48997962474823,0.24824585020542145,-0.1045713722705841,0.49329131841659546,0.16989392042160034,-0.12103349715471268,0.4198779761791229,0.4525725245475769,-0.06725487858057022,0.40967702865600586,0.3323465883731842,-0.09508687257766724,0.40504181385040283,0.2547573447227478,-0.11162063479423523,0.40194249153137207,0.18320873379707336,-0.12429384887218475,0.3749449551105499,0.4733799695968628,-0.07910316437482834,0.3420158624649048,0.38805705308914185,-0.09834108501672745,0.3197849988937378,0.32453858852386475,-0.10837557911872864,0.3012995719909668,0.25702160596847534,-0.11740148812532425
open_palm,Left,0.4239233732223511,0.7163184881210327,1.6757377707676824e-08,0.5072683691978455,0.6845395565032959,-0.031889863312244415,0.5865793228149414,0.6188679933547974,-0.06083015352487564,0.646504282951355,0.5628571510314941,-0.08930029720067978,0.6959961652755737,0.5224865078926086,-0.11858737468719482,0.5248537063598633,0.478480726480484,-0.052181344479322433,0.5601446032524109,0.3584100306034088,-0.08185701072216034,0.5785725116729736,0.28843629360198975,-0.10176229476928711,0.5934726595878601,0.21671181917190552,-0.11649857461452484,0.4703608453273773,0.44846799969673157,-0.0582398846745491,0.48266658186912537,0.3239312171936035,-0.08614344149827957,0.48929473757743835,0.24422074854373932,-0.10511874407529831,0.49129435420036316,0.1658194363117218,-0.12183485180139542,0.41983842849731445,0.4507124423980713,-0.06669642776250839,0.4103318154811859,0.3299939036369324,-0.09482260793447495,0.4058956503868103,0.25309136509895325,-0.11187119781970978,0.4023662805557251,0.182806134223938,-0.12476451694965363,0.3744525909423828,0.47124701738357544,-0.07832236588001251,0.34212225675582886,0.3858133554458618,-0.09780344367027283,0.32075023651123047,0.32333576679229736,-0.10818810760974884,0.3027244210243225,0.2570125162601471,-0.11740919202566147
open_palm,Left,0.42196226119995117,0.7120110988616943,1.658196246978605e-08,0.5066590905189514,0.6802406907081604,-0.030362356454133987,0.5862452387809753,0.6148509979248047,-0.057862911373376846,0.64597487449646,0.5588926672935486,-0.08518914133310318,0.6953282356262207,0.5192623138427734,-0.11323976516723633,0.5252945423126221,0.4743020534515381,-0.04803093150258064,0.559646487236023,0.353884756565094,-0.07579223811626434,0.5778119564056396,0.2834989130496979,-0.09444116801023483,0.5926570892333984,0.21169954538345337,-0.10831179469823837,0.4705081880092621,0.44417309761047363,-0.054165780544281006,0.48178789019584656,0.31838834285736084,-0.07989955693483353,0.48781323432922363,0.2390148639678955,-0.09738464653491974,0.48959478735923767,0.16150572896003723,-0.11300370842218399,0.41980719566345215,0.4460444748401642,-0.06276854872703552,0.41006267070770264,0.32437843084335327,-0.08887924998998642,0.40544581413269043,0.24753858149051666,-0.10467331856489182,0.4014146327972412,0.1779806911945343,-0.11674321442842484,0.37406957149505615,0.4662412106990814,-0.07454798370599747,0.3412340581417084,0.38108307123184204,-0.0923459604382515,0.3194854259490967,0.3194800615310669,-0.10181938856840134,0.30100634694099426,0.253823846578598,-0.11034534126520157
open_palm,Left,0.4231586456298828,0.7129961252212524,1.6794723833868375e-08,0.5071523189544678,0.6806423664093018,-0.03188798204064369,0.5869433283805847,0.616125226020813,-0.06146054342389107,0.6468036770820618,0.5610228776931763,-0.09041529148817062,0.6946479678153992,0.5193445682525635,-0.12012336403131485,0.5237415432929993,0.4754665493965149,-0.0539729930460453,0.5582836866378784,0.35520076751708984,-0.08416490256786346,0.5766202211380005,0.28519028425216675,-0.10425389558076859,0.591694176197052,0.2135653793811798,-0.11908431351184845,0.46910250186920166,0.44576436281204224,-0.060126882046461105,0.4804932177066803,0.3216456174850464,-0.08842872828245163,0.4869675934314728,0.24223308265209198,-0.1073061153292656,0.4892224967479706,0.16362476348876953,-0.12401221692562103,0.41851019859313965,0.4482991099357605,-0.06854026764631271,0.4088671803474426,0.3281201124191284,-0.09677201509475708,0.40405577421188354,0.25071805715560913,-0.1136404350399971,0.40061885118484497,0.17945709824562073,-0.12653513252735138,0.3733598589897156,0.4692423641681671,-0.08007312566041946,0.3404275178909302,0.38442376255989075,-0.09931349009275436,0.31814536452293396,0.3217710852622986,-0.1094227209687233,0.29957693815231323,0.25512900948524475,-0.11856735497713089
open_palm,Left,0.4217221140861511,0.714408278465271,1.7636354598948856e-08,0.5054214000701904,0.6806577444076538,-0.03288007155060768,0.5852238535881042,0.6138856410980225,-0.062047090381383896,0.6448771953582764,0.5580891370773315,-0.09053991734981537,0.6933292746543884,0.5177112817764282,-0.12000485509634018,0.5200890302658081,0.47510531544685364,-0.053529735654592514,0.5548938512802124,0.3554202914237976,-0.08319494128227234,0.5740978717803955,0.28561675548553467,-0.10317796468734741,0.5899103283882141,0.21412280201911926,-0.1179983913898468,0.4649896025657654,0.4445938467979431,-0.0591239333152771,0.476331889629364,0.3183113932609558,-0.08651338517665863,0.4829370081424713,0.23803138732910156,-0.10527422279119492,0.48579180240631104,0.1593075692653656,-0.12215181440114975,0.414508581161499,0.44636380672454834,-0.06715574860572815,0.4044530987739563,0.32351386547088623,-0.09443216025829315,0.3992166519165039,0.24544337391853333,-0.11120536923408508,0.39573994278907776,0.17457836866378784,-0.12436783313751221,0.3697526752948761,0.4671720564365387,-0.07851660251617432,0.3363245725631714,0.382436603307724,-0.09732333570718765,0.31343144178390503,0.3193531632423401,-0.10745586454868317,0.2945653200149536,0.25233209133148193,-0.11672937124967575
open_palm,Left,0.4173615574836731,0.7073257565498352,1.6690826498688693e-08,0.5023782253265381,0.6752258539199829,-0.03170773759484291,0.5821640491485596,0.6108438372612,-0.060103800147771835,0.6420249342918396,0.5547480583190918,-0.0882745161652565,0.6904164552688599,0.5124989748001099,-0.11706622689962387,0.5198361277580261,0.46935901045799255,-0.04837833717465401,0.5534535646438599,0.3489435315132141,-0.07631473243236542,0.5711637735366821,0.27772271633148193,-0.0949440747499466,0.5854381918907166,0.20535218715667725,-0.10867266356945038,0.46539416909217834,0.4396201968193054,-0.054119762033224106,0.4774172902107239,0.31258514523506165,-0.07940031588077545,0.48270297050476074,0.23266929388046265,-0.09634749591350555,0.483566015958786,0.1540776789188385,-0.11160232126712799,0.4150266647338867,0.44154465198516846,-0.06259335577487946,0.4070320725440979,0.318789005279541,-0.08778650313615799,0.4021964371204376,0.24238558113574982,-0.10263799875974655,0.397342324256897,0.1730499565601349,-0.11425827443599701,0.3692989945411682,0.46219703555107117,-0.07450280338525772,0.3373011350631714,0.37738609313964844,-0.09125398844480515,0.3150661587715149,0.3168177008628845,-0.10006982833147049,0.2956508994102478,0.2521212100982666,-0.1082533523440361
open_palm,Left,0.41962730884552,0.7026785612106323,1.6708384009689325e-08,0.503771960735321,0.6725376844406128,-0.03347315639257431,0.5828917026519775,0.6091194152832031,-0.06284432858228683,0.6423816084861755,0.5531672835350037,-0.09168200939893723,0.6913736462593079,0.5108979940414429,-0.12129322439432144,0.5189120769500732,0.4668465554714203,-0.051673002541065216,0.5539937019348145,0.34652236104011536,-0.08120264112949371,0.5730632543563843,0.2758328318595886,-0.10090693831443787,0.5885455012321472,0.20397067070007324,-0.11546839028596878,0.4646105170249939,0.4371972978115082,-0.05727824196219444,0.4767235517501831,0.31281715631484985,-0.08478979766368866,0.48328402638435364,0.23309344053268433,-0.10315047949552536,0.4854860305786133,0.15450891852378845,-0.11937599629163742,0.4142019748687744,0.43949368596076965,-0.0657026395201683,0.40607374906539917,0.31813153624534607,-0.0936337411403656,0.4017563462257385,0.24081768095493317,-0.11009333282709122,0.39835458993911743,0.17058643698692322,-0.12258172035217285,0.36840105056762695,0.460051029920578,-0.07756231725215912,0.3353879451751709,0.37525686621665955,-0.09690932184457779,0.31258004903793335,0.31203871965408325,-0.1071028783917427,0.2937774360179901,0.24504968523979187,-0.11610319465398788
open_palm,Left,0.41977161169052124,0.701906144618988,1.629107870826374e-08,0.5042840242385864,0.6702539920806885,-0.03288014978170395,0.5838835835456848,0.6065118312835693,-0.062456950545310974,0.6434203386306763,0.5501613616943359,-0.0913456454873085,0.6925275921821594,0.5069988965988159,-0.12114030122756958,0.5209101438522339,0.46649348735809326,-0.0537620484828949,0.5550487041473389,0.345966100692749,-0.08335073292255402,0.5729575157165527,0.2741059362888336,-0.102896548807621,0.5874781608581543,0.20099833607673645,-0.11731202155351639,0.4661612808704376,0.436574786901474,-0.05937107652425766,0.47861209511756897,0.3084579408168793,-0.0867241844534874,0.48438411951065063,0.2270471751689911,-0.10472524166107178,0.48570653796195984,0.14875352382659912,-0.12084084749221802,0.41566431522369385,0.4379977881908417,-0.06742341816425323,0.40849176049232483,0.31417644023895264,-0.09500544518232346,0.4046492576599121,0.23651540279388428,-0.11108224093914032,0.4012191891670227,0.1667446792125702,-0.12347184866666794,0.37035346031188965,0.4576754570007324,-0.07875701785087585,0.3389471769332886,0.3714538812637329,-0.09792350232601166,0.3175557255744934,0.31003856658935547,-0.10780909657478333,0.29941609501838684,0.2457488775253296,-0.11671112477779388
open_palm,Left,0.4199211001396179,0.7009342908859253,1.6344129605272428e-08,0.5037797689437866,0.6703694462776184,-0.03235825523734093,0.5827622413635254,0.6078237295150757,-0.060986656695604324,0.642494261264801,0.5532450675964355,-0.08929838985204697,0.6914464235305786,0.5125463008880615,-0.11826635152101517,0.520043671131134,0.46146446466445923,-0.04867972806096077,0.5549836158752441,0.3417934775352478,-0.07679376751184464,0.5738740563392639,0.27158263325691223,-0.09584726393222809,0.5892486572265625,0.1997971534729004,-0.11007141321897507,0.46619856357574463,0.4318601191043854,-0.0544181689620018,0.4788513481616974,0.30662691593170166,-0.08016337454319,0.4853178560733795,0.22638115286827087,-0.0981663316488266,0.48716339468955994,0.14750584959983826,-0.1143418699502945,0.4159420132637024,0.4344356060028076,-0.06297167390584946,0.40840697288513184,0.31396597623825073,-0.08936168998479843,0.4046804904937744,0.23720663785934448,-0.10577090084552765,0.40137943625450134,0.1676488220691681,-0.11835566908121109,0.36999762058258057,0.4555567502975464,-0.07492846250534058,0.3374948501586914,0.36951494216918945,-0.09331478923559189,0.3154410719871521,0.3071460723876953,-0.10333245247602463,0.29692342877388,0.24194779992103577,-0.1122598722577095
open_palm,Left,0.4212683141231537,0.701095700263977,1.6384889889309306e-08,0.5052699446678162,0.6704027056694031,-0.0340447723865509,0.5841251015663147,0.6072571277618408,-0.06366743892431259,0.6430984139442444,0.551592230796814,-0.09266141057014465,0.6915809512138367,0.50826096534729,-0.12261732667684555,0.5204384326934814,0.46296048164367676,-0.05166563019156456,0.5542639493942261,0.34424299001693726,-0.0808047279715538,0.5720457434654236,0.27369025349617004,-0.10060428828001022,0.5862470865249634,0.20140066742897034,-0.11529729515314102,0.4657000005245209,0.43358224630355835,-0.05697954073548317,0.4777345061302185,0.307150661945343,-0.08366228640079498,0.4833586812019348,0.2267809808254242,-0.10246574878692627,0.48435652256011963,0.1488870084285736,-0.11931787431240082,0.4153740108013153,0.4357653856277466,-0.06510422378778458,0.4079209268093109,0.3140377402305603,-0.09264971315860748,0.4039752781391144,0.23747618496418,-0.11002295464277267,0.4004170894622803,0.16831523180007935,-0.12335231900215149,0.3700975775718689,0.45634159445762634,-0.07666508853435516,0.33858826756477356,0.3711358904838562,-0.09616203606128693,0.31703269481658936,0.3112373948097229,-0.1067938581109047,0.29872947931289673,0.24881361424922943,-0.11624665558338165
open_palm,Left,0.4208458662033081,0.7011209726333618,1.619914336004058e-08,0.5049724578857422,0.6707165241241455,-0.03322948142886162,0.5839972496032715,0.6074155569076538,-0.0621146559715271,0.6431540846824646,0.550907552242279,-0.09038367867469788,0.6910319328308105,0.5075444579124451,-0.11932217329740524,0.5206816792488098,0.4620128870010376,-0.04980528727173805,0.5547083616256714,0.3432430922985077,-0.07812083512544632,0.572799801826477,0.27321988344192505,-0.09710106253623962,0.5873842835426331,0.2012898027896881,-0.11112729460000992,0.4662781059741974,0.4326501190662384,-0.05489397048950195,0.47855204343795776,0.3067184090614319,-0.08074315637350082,0.4842638671398163,0.22653847932815552,-0.09859028458595276,0.48525306582450867,0.14814859628677368,-0.1145874559879303,0.41595524549484253,0.43561431765556335,-0.06281056255102158,0.40811508893966675,0.314500093460083,-0.08948693424463272,0.4037950932979584,0.23828484117984772,-0.10576225817203522,0.39979636669158936,0.16926759481430054,-0.11811963468790054,0.3703305721282959,0.45679500699043274,-0.07416106015443802,0.33803635835647583,0.37141042947769165,-0.0927208885550499,0.3160697817802429,0.3100105822086334,-0.10267830640077591,0.29744526743888855,0.2455635517835617,-0.11148937046527863
open_palm,Left,0.41741231083869934,0.7001466751098633,1.5732545932678477e-08,0.5018282532691956,0.6764413118362427,-0.03210749477148056,0.5832008719444275,0.6182629466056824,-0.06076647341251373,0.6449610590934753,0.564651370048523,-0.0884065330028534,0.6946185231208801,0.5244061350822449,-0.11609752476215363,0.5259841680526733,0.47031429409980774,-0.05001780018210411,0.5654440522193909,0.3499225378036499,-0.07598093152046204,0.5849044322967529,0.279655396938324,-0.09232914447784424,0.5992769002914429,0.21135371923446655,-0.10430015623569489,0.4717717170715332,0.43547824025154114,-0.05368831381201744,0.48962876200675964,0.3145008385181427,-0.07679540663957596,0.4971010386943817,0.23525066673755646,-0.09109710901975632,0.49921852350234985,0.1596279740333557,-0.10418704897165298,0.4213109016418457,0.4327158033847809,-0.05964197963476181,0.4200608730316162,0.3154127299785614,-0.08186119794845581,0.41912782192230225,0.24351197481155396,-0.09335792064666748,0.41700848937034607,0.1790754795074463,-0.10272257030010223,0.37485483288764954,0.4472765028476715,-0.06909390538930893,0.3475049138069153,0.3646444082260132,-0.08316173404455185,0.3287566006183624,0.3058764934539795,-0.08993002772331238,0.31271642446517944,0.24285003542900085,-0.09657726436853409
open_palm,Left,0.3946760296821594,0.7252388596534729,1.1733551019688093e-08,0.4835395812988281,0.7225743532180786,-0.018998896703124046,0.5715770125389099,0.6878745555877686,-0.03714967146515846,0.641715407371521,0.6561253070831299,-0.056899286806583405,0.6975265741348267,0.6458361148834229,-0.07686008512973785,0.5562522411346436,0.5156821608543396,-0.02122456207871437,0.6159178018569946,0.41286787390708923,-0.03644536808133125,0.6482380628585815,0.3556641936302185,-0.04609498754143715,0.6735809445381165,0.30011072754859924,-0.053338728845119476,0.5141957998275757,0.46140429377555847,-0.028556091710925102,0.5582120418548584,0.34184759855270386,-0.038160353899002075,0.5801612734794617,0.268929123878479,-0.046739451587200165,0.5966135859489441,0.20192235708236694,-0.056309085339307785,0.46841132640838623,0.43762198090553284,-0.03863872215151787,0.49591922760009766,0.3203273117542267,-0.049396317452192307,0.5116751790046692,0.24856072664260864,-0.058943890035152435,0.5255266427993774,0.18430984020233154,-0.06784678995609283,0.419208288192749,0.4322879910469055,-0.0518355555832386,0.4166813790798187,0.3410531282424927,-0.058753788471221924,0.41446906328201294,0.28373122215270996,-0.06386546790599823,0.41551241278648376,0.22415095567703247,-0.06956804543733597
open_palm,Left,0.394603431224823,0.7153568863868713,1.4723848806852402e-08,0.4793795049190521,0.7144980430603027,-0.02487112209200859,0.5656904578208923,0.679685115814209,-0.04421346262097359,0.6323423981666565,0.6431214213371277,-0.06418975442647934,0.6850706338882446,0.6222811341285706,-0.0851159393787384,0.5470380187034607,0.5112715363502502,-0.029391072690486908,0.6067958474159241,0.4093151092529297,-0.04873214289546013,0.6384192705154419,0.3482944369316101,-0.06315240263938904,0.6664886474609375,0.2908841669559479,-0.07531324028968811,0.507134199142456,0.4610287547111511,-0.035911548882722855,0.550948977470398,0.3469425439834595,-0.0541018508374691,0.5743933320045471,0.27847591042518616,-0.06995004415512085,0.5939558744430542,0.21265262365341187,-0.08393911272287369,0.4617302715778351,0.4402519166469574,-0.04511050879955292,0.48827144503593445,0.32444483041763306,-0.06575248390436172,0.5040045380592346,0.25780028104782104,-0.08219458907842636,0.518706202507019,0.19700515270233154,-0.09438086301088333,0.41350463032722473,0.44073185324668884,-0.057239748537540436,0.4098395109176636,0.3423943519592285,-0.07307105511426926,0.4079326391220093,0.27905648946762085,-0.08335606753826141,0.40906500816345215,0.21549007296562195,-0.09163527190685272
open_palm,Left,0.39620041847229004,0.7369041442871094,2.1064614941224136e-08,0.47425493597984314,0.6922401785850525,-0.025306127965450287,0.5469424724578857,0.6072778701782227,-0.04906099662184715,0.6019355058670044,0.5303847193717957,-0.07307276874780655,0.6495524644851685,0.4673859179019928,-0.09919972717761993,0.47962695360183716,0.4511588513851166,-0.04055093601346016,0.5062336325645447,0.3226996064186096,-0.06694842875003815,0.5205172300338745,0.2501966655254364,-0.08628769218921661,0.5340457558631897,0.18059617280960083,-0.10180331766605377,0.42741572856903076,0.42617067694664,-0.04863479360938072,0.4313066899776459,0.30028271675109863,-0.07682501524686813,0.4320923089981079,0.22549042105674744,-0.09751085191965103,0.4336601793766022,0.15532508492469788,-0.11524707823991776,0.37956178188323975,0.4383518695831299,-0.05810767412185669,0.3646300137042999,0.3217966556549072,-0.0880180299282074,0.349723756313324,0.24269172549247742,-0.10484989732503891,0.34243613481521606,0.1727842390537262,-0.11739278584718704,0.3358776569366455,0.4740065634250641,-0.07000841945409775,0.30397647619247437,0.3969295024871826,-0.09109044075012207,0.2816949486732483,0.35182279348373413,-0.09972669929265976,0.267733097076416,0.30339315533638,-0.10722798854112625
open_palm,Left,0.3999672532081604,0.708034873008728,1.5630138960887052e-08,0.47353360056877136,0.641861081123352,-0.041493773460388184,0.5225362777709961,0.5513127446174622,-0.07395628839731216,0.555047333240509,0.463704377412796,-0.10396219789981842,0.5812002420425415,0.39560720324516296,-0.13448667526245117,0.4149235486984253,0.4190770387649536,-0.05822936072945595,0.4130159914493561,0.285408079624176,-0.09087731689214706,0.40754643082618713,0.21214118599891663,-0.11384850740432739,0.3993034064769745,0.14443817734718323,-0.1301828920841217,0.3576641082763672,0.4212104380130768,-0.05961766093969345,0.3274824023246765,0.296785831451416,-0.09265140444040298,0.30484241247177124,0.2184719443321228,-0.11762603372335434,0.2826368808746338,0.15231525897979736,-0.13759911060333252,0.31505894660949707,0.4570606052875519,-0.06382808089256287,0.2653989791870117,0.35704305768013,-0.09867096692323685,0.22944417595863342,0.2859279215335846,-0.12155181169509888,0.20186039805412292,0.22605541348457336,-0.1367761194705963,0.2822679579257965,0.5111275911331177,-0.07163511961698532,0.22863858938217163,0.45182037353515625,-0.09625882655382156,0.19814705848693848,0.41744938492774963,-0.10968700796365738,0.1757737100124359,0.3832317590713501,-0.12031198292970657
open_palm,Left,0.38916847109794617,0.6975631713867188,1.5719786361501065e-08,0.4681786298751831,0.6406699419021606,-0.058069854974746704,0.5243372917175293,0.5411012768745422,-0.10534032434225082,0.5656235218048096,0.4599364995956421,-0.149163618683815,0.607041597366333,0.3956446945667267,-0.1951378434896469,0.4120582044124603,0.4143272638320923,-0.08974894881248474,0.40431642532348633,0.28732606768608093,-0.13824975490570068,0.3981858491897583,0.20953330397605896,-0.17164084315299988,0.3855873942375183,0.1381765604019165,-0.19430100917816162,0.34993621706962585,0.42064368724823,-0.09070265293121338,0.31839317083358765,0.3013097047805786,-0.13559432327747345,0.29631054401397705,0.2269660085439682,-0.16666734218597412,0.2675459682941437,0.15387138724327087,-0.19126220047473907,0.3031081557273865,0.4544582962989807,-0.09632684290409088,0.250575989484787,0.3483903408050537,-0.13798843324184418,0.21242859959602356,0.2777734100818634,-0.16607490181922913,0.17652100324630737,0.21295246481895447,-0.18656668066978455,0.26707205176353455,0.5062998533248901,-0.1073068380355835,0.20430319011211395,0.44334742426872253,-0.13779832422733307,0.15606507658958435,0.4049972891807556,-0.156539186835289,0.11069101095199585,0.36508432030677795,-0.17231586575508118
open_palm,Left,0.38484108448028564,0.7428271174430847,1.532240823109987e-08,0.47087398171424866,0.689665675163269,-0.028703978285193443,0.5484399795532227,0.5994452834129333,-0.05665094032883644,0.6126267313957214,0.5236720442771912,-0.08370210230350494,0.669441819190979,0.4819263517856598,-0.11085844039916992,0.4792324900627136,0.4569647014141083,-0.05078577995300293,0.5132404565811157,0.33446207642555237,-0.07768126577138901,0.5279507040977478,0.2586279511451721,-0.09367159008979797,0.5359200239181519,0.18636497855186462,-0.10393824428319931,0.42151278257369995,0.4323921501636505,-0.05590100586414337,0.43769243359565735,0.29634225368499756,-0.07508766651153564,0.44111621379852295,0.20990914106369019,-0.08784268796443939,0.43780308961868286,0.13201439380645752,-0.10105481743812561,0.3681613504886627,0.43900740146636963,-0.0628378689289093,0.3543325960636139,0.3061983287334442,-0.07974027097225189,0.34094277024269104,0.22262412309646606,-0.0935668796300888,0.32736870646476746,0.14757242798805237,-0.10641986131668091,0.31700634956359863,0.4655887484550476,-0.07282408326864243,0.28113627433776855,0.3750670552253723,-0.08377238363027573,0.25683557987213135,0.31955593824386597,-0.09135639667510986,0.2344682663679123,0.25927919149398804,-0.1003502756357193
open_palm,Left,0.4613381624221802,0.6984069347381592,-3.190027797472794e-09,0.5441434383392334,0.6470934152603149,-0.019528189674019814,0.6166398525238037,0.574295163154602,-0.03279842063784599,0.6726381778717041,0.5050358772277832,-0.04728017747402191,0.7187488675117493,0.4496942460536957,-0.06053502485156059,0.6084209084510803,0.4008181095123291,-0.00701533630490303,0.6653041839599609,0.27404844760894775,-0.014381068758666515,0.7003042697906494,0.1932350993156433,-0.01718481071293354,0.7247668504714966,0.12344816327095032,-0.01944616436958313,0.5699052810668945,0.35835570096969604,-0.010315604507923126,0.6177324652671814,0.21850085258483887,-0.012991435825824738,0.6423028707504272,0.12639111280441284,-0.014873319305479527,0.6567068099975586,0.043247342109680176,-0.018095212057232857,0.5276802182197571,0.34531453251838684,-0.017206979915499687,0.5509183406829834,0.214971125125885,-0.0211745947599411,0.5611221194267273,0.1365867257118225,-0.02395138330757618,0.5665355324745178,0.05837419629096985,-0.027202889323234558,0.4818306863307953,0.35579341650009155,-0.02817263826727867,0.4790610373020172,0.2549040615558624,-0.0286991149187088,0.4706677794456482,0.19262495636940002,-0.029656438156962395,0.46146246790885925,0.13049134612083435,-0.03126309812068939
open_palm,Left,0.5657798051834106,0.6255443692207336,1.244884106910149e-08,0.6573940515518188,0.6151561737060547,-0.026524526998400688,0.7463759779930115,0.5742583870887756,-0.05083180218935013,0.8173092007637024,0.5303223729133606,-0.07600538432598114,0.8767995238304138,0.5025472044944763,-0.1027083620429039,0.7169204354286194,0.4089212119579315,-0.04373617842793465,0.7765681743621826,0.28927814960479736,-0.06913228332996368,0.8088318109512329,0.21761667728424072,-0.08696964383125305,0.8369286060333252,0.14746767282485962,-0.10220638662576675,0.6707736849784851,0.35907241702079773,-0.05376451835036278,0.7119705080986023,0.23033928871154785,-0.07770153880119324,0.7353970408439636,0.15014320611953735,-0.0968506932258606,0.7546745538711548,0.07286420464515686,-0.11464614421129227,0.6212838888168335,0.3434228301048279,-0.06595620512962341,0.636284589767456,0.21657252311706543,-0.09203848987817764,0.6450425386428833,0.1396755576133728,-0.11161457747220993,0.6553775072097778,0.06833663582801819,-0.12714503705501556,0.5704641938209534,0.354094922542572,-0.08097676932811737,0.5551909804344177,0.25648319721221924,-0.10250145196914673,0.5455644130706787,0.1907232403755188,-0.11637566983699799,0.5414239168167114,0.12221702933311462,-0.12774699926376343
open_palm,Left,0.5679811835289001,0.6439435482025146,2.0808382572568007e-08,0.6512031555175781,0.5979747176170349,-0.03492743521928787,0.726585328578949,0.503047525882721,-0.06824196875095367,0.7836370468139648,0.4199657142162323,-0.10016094148159027,0.836648166179657,0.3573905825614929,-0.13502591848373413,0.6485611796379089,0.3503932058811188,-0.07478164881467819,0.6743306517601013,0.20807263255119324,-0.11509573459625244,0.6894840598106384,0.12596473097801208,-0.1428569257259369,0.7040539383888245,0.04785513877868652,-0.16401731967926025,0.5895161628723145,0.32856422662734985,-0.08300725370645523,0.588930070400238,0.18885301053524017,-0.12685422599315643,0.5904301404953003,0.1029306948184967,-0.15549631416797638,0.5927519798278809,0.024355411529541016,-0.17919452488422394,0.5373618602752686,0.34442663192749023,-0.09165459871292114,0.5135106444358826,0.22199299931526184,-0.13449807465076447,0.49477618932724,0.1334838569164276,-0.15674316883087158,0.4858468174934387,0.056714266538619995,-0.1729431301355362,0.4904977083206177,0.3859196901321411,-0.10288473963737488,0.45405668020248413,0.2999482750892639,-0.13482797145843506,0.4301767349243164,0.24662862718105316,-0.14871957898139954,0.4148016571998596,0.19158755242824554,-0.1601443588733673
open_palm,Left,0.6938321590423584,0.6508356332778931,9.395744626772284e-09,0.773486852645874,0.6083115935325623,-0.08195198327302933,0.8412196636199951,0.5329089760780334,-0.14544790983200073,0.8909643888473511,0.4671590328216553,-0.19974228739738464,0.9390560388565063,0.40850451588630676,-0.2576502859592438,0.768710732460022,0.3242323696613312,-0.14949102699756622,0.7922090888023376,0.14485317468643188,-0.21350066363811493,0.8030571937561035,0.029687941074371338,-0.2568763792514801,0.8063703179359436,-0.07709777355194092,-0.2885301113128662,0.696016788482666,0.30123960971832275,-0.1440352499485016,0.6876607537269592,0.1194111704826355,-0.2067258656024933,0.6797093749046326,0.011804908514022827,-0.24774600565433502,0.6676450967788696,-0.09034916758537292,-0.2808706760406494,0.6334298849105835,0.3208628296852112,-0.14159153401851654,0.6007583141326904,0.16345460712909698,-0.20041801035404205,0.573422908782959,0.059770941734313965,-0.24037887156009674,0.5500607490539551,-0.03830721974372864,-0.26987695693969727,0.5791819095611572,0.3754040598869324,-0.14473679661750793,0.5263795852661133,0.2677876651287079,-0.19193245470523834,0.4853423237800598,0.20790383219718933,-0.22137044370174408,0.45015430450439453,0.145640030503273,-0.24506063759326935
open_palm,Left,0.7619190216064453,0.7434520721435547,2.369322515960448e-08,0.8569169640541077,0.6960400342941284,-0.09383006393909454,0.9427136182785034,0.594058096408844,-0.16714513301849365,1.0065776109695435,0.5047833919525146,-0.22922538220882416,1.063494086265564,0.44339385628700256,-0.29416584968566895,0.8175082206726074,0.40770581364631653,-0.17269553244113922,0.8300485014915466,0.2062767893075943,-0.24507293105125427,0.8336653709411621,0.0764162540435791,-0.2926429808139801,0.8316134214401245,-0.04425930976867676,-0.3261319398880005,0.7380407452583313,0.4064810276031494,-0.1646234393119812,0.7206057906150818,0.2109423130750656,-0.23486588895320892,0.7055082321166992,0.07559695839881897,-0.2774612009525299,0.6874812245368958,-0.048635661602020264,-0.3120381832122803,0.6753026843070984,0.4418390989303589,-0.15925294160842896,0.6339842677116394,0.2828581929206848,-0.22323139011859894,0.6016275882720947,0.17972581088542938,-0.25814366340637207,0.5764427185058594,0.09030129015445709,-0.2829187214374542,0.6260734796524048,0.4996335804462433,-0.16124863922595978,0.5743790864944458,0.39110520482063293,-0.21025627851486206,0.5376440286636353,0.31964537501335144,-0.2356792688369751,0.5064608454704285,0.2526678442955017,-0.25599566102027893
open_palm,Left,0.7426948547363281,0.6779139041900635,1.6350151454957995e-08,0.8383028507232666,0.6204460859298706,-0.09463310241699219,0.9211434125900269,0.5124967098236084,-0.1663718968629837,0.9807860851287842,0.42207279801368713,-0.22750142216682434,1.0279529094696045,0.3527252674102783,-0.29248473048210144,0.797344446182251,0.3258609175682068,-0.16860979795455933,0.8042365908622742,0.1331598162651062,-0.24344193935394287,0.8073825240135193,0.00453069806098938,-0.2926070988178253,0.8026300668716431,-0.11499971151351929,-0.32625308632850647,0.715144693851471,0.3264494836330414,-0.16130580008029938,0.6863991618156433,0.12556400895118713,-0.23213036358356476,0.6645020842552185,-0.0066872239112854,-0.27542734146118164,0.6411309838294983,-0.12897908687591553,-0.31000372767448425,0.6504266262054443,0.3630079925060272,-0.15846674144268036,0.604247510433197,0.1971834897994995,-0.22282451391220093,0.5706126093864441,0.08211475610733032,-0.26076385378837585,0.5433745384216309,-0.01966148614883423,-0.28774356842041016,0.6000908017158508,0.4246450960636139,-0.16301248967647552,0.5438395142555237,0.325255811214447,-0.2119240015745163,0.5052129626274109,0.25917109847068787,-0.23937703669071198,0.4720466732978821,0.1947213113307953,-0.2613328993320465
open_palm,Left,0.7252824306488037,0.6834644675254822,2.0935784661446633e-08,0.8222683072090149,0.6254755258560181,-0.09709320962429047,0.9077749848365784,0.5132532119750977,-0.16892465949058533,0.971076250076294,0.4175717532634735,-0.2298702895641327,1.0228222608566284,0.3393203318119049,-0.29530495405197144,0.7803993225097656,0.32551324367523193,-0.16423042118549347,0.7909377813339233,0.12384708225727081,-0.23648546636104584,0.7971814274787903,-0.0047581493854522705,-0.28505080938339233,0.7968102693557739,-0.12696626782417297,-0.31883853673934937,0.6986213326454163,0.3242211937904358,-0.15559297800064087,0.6728759407997131,0.12541384994983673,-0.2238524705171585,0.6543353199958801,-0.004688143730163574,-0.2685503661632538,0.6348613500595093,-0.1251516044139862,-0.30463963747024536,0.6338506937026978,0.3594343662261963,-0.15161485970020294,0.5918866991996765,0.19279441237449646,-0.21537591516971588,0.5603824853897095,0.07925659418106079,-0.25682803988456726,0.5364185571670532,-0.024192363023757935,-0.28674638271331787,0.5839792490005493,0.4189290702342987,-0.1551920473575592,0.5312866568565369,0.31465405225753784,-0.20474043488502502,0.49335601925849915,0.25375932455062866,-0.23378323018550873,0.4626019597053528,0.19507820904254913,-0.2571047842502594
open_palm,Left,0.7605978846549988,0.8195251226425171,3.1762422025849446e-08,0.8614709377288818,0.7885183095932007,-0.07495182007551193,0.9478565454483032,0.7124621868133545,-0.12713117897510529,1.008776307106018,0.631496787071228,-0.17172163724899292,1.0488089323043823,0.572733998298645,-0.21734963357448578,0.8250166773796082,0.5549246072769165,-0.10240298509597778,0.8418805599212646,0.4240266680717468,-0.15265125036239624,0.8508967161178589,0.3369221091270447,-0.18531714379787445,0.8530995845794678,0.25843381881713867,-0.20555716753005981,0.7527545690536499,0.5404706001281738,-0.09441190958023071,0.7470579147338867,0.39285802841186523,-0.1366102695465088,0.7357050180435181,0.30404314398765564,-0.16547580063343048,0.7185828685760498,0.22960063815116882,-0.18995985388755798,0.6946209669113159,0.5579333305358887,-0.0916023999452591,0.6698580980300903,0.416792094707489,-0.1309719681739807,0.6523023843765259,0.338386207818985,-0.15500950813293457,0.6361533403396606,0.27188047766685486,-0.17381331324577332,0.6426441073417664,0.5949988961219788,-0.09637624025344849,0.5981893539428711,0.5024291276931763,-0.12574484944343567,0.5675510764122009,0.44113847613334656,-0.14247484505176544,0.541460394859314,0.38157427310943604,-0.15759015083312988
open_palm,Left,0.7513838410377502,0.8748471736907959,2.0768121444803e-08,0.8410835266113281,0.8434601426124573,-0.06444628536701202,0.9247307777404785,0.7583718299865723,-0.1090511828660965,0.9894740581512451,0.6753280758857727,-0.14861121773719788,1.0405511856079102,0.6207520961761475,-0.18948492407798767,0.8259475827217102,0.5738550424575806,-0.08070315420627594,0.8478678464889526,0.42957454919815063,-0.123080313205719,0.8611300587654114,0.3373740315437317,-0.1526205837726593,0.8668772578239441,0.24815532565116882,-0.17232638597488403,0.7567982077598572,0.5500051379203796,-0.07664920389652252,0.7510949373245239,0.4027113616466522,-0.11194298416376114,0.7432257533073425,0.3068712055683136,-0.13841111958026886,0.7309361696243286,0.21947577595710754,-0.16096612811088562,0.6985464692115784,0.5628876686096191,-0.07830716669559479,0.675193190574646,0.4272215962409973,-0.11326903104782104,0.6590461730957031,0.34563368558883667,-0.13615521788597107,0.6450016498565674,0.2742108702659607,-0.15315943956375122,0.6473592519760132,0.5951104164123535,-0.08679063618183136,0.6065276861190796,0.5040795803070068,-0.11282170563936234,0.5784136056900024,0.4468619227409363,-0.12794983386993408,0.5544504523277283,0.38862374424934387,-0.14073002338409424
open_palm,Left,0.7319313287734985,0.9208804368972778,9.758482022448334e-09,0.8233327865600586,0.9292746782302856,-0.0640721544623375,0.9131175875663757,0.9153634905815125,-0.10517333447933197,0.9771316647529602,0.893439769744873,-0.1411210298538208,1.0185061693191528,0.8760221004486084,-0.17484411597251892,0.9192363619804382,0.653729259967804,-0.06402681022882462,0.9849106073379517,0.5445334911346436,-0.09367755800485611,1.0144456624984741,0.48016881942749023,-0.11179181933403015,1.0347880125045776,0.41862380504608154,-0.12252074480056763,0.8700243830680847,0.5819055438041687,-0.05433691293001175,0.9274208545684814,0.4264296293258667,-0.07360581308603287,0.9531741142272949,0.3302491307258606,-0.0879572331905365,0.9719067215919495,0.24287468194961548,-0.10209444165229797,0.8139479160308838,0.5486301183700562,-0.0512302927672863,0.8473153114318848,0.3942609429359436,-0.06662540137767792,0.8618115782737732,0.3059443235397339,-0.08001915365457535,0.873353123664856,0.22554749250411987,-0.092664934694767,0.7488598823547363,0.5481171011924744,-0.05574902519583702,0.7498844861984253,0.42634865641593933,-0.0655352994799614,0.7457011342048645,0.35244327783584595,-0.07391764223575592,0.7451264262199402,0.2783038318157196,-0.08325612545013428
open_palm,Left,0.7508076429367065,0.8461483716964722,1.969431195902871e-08,0.8326214551925659,0.8613917827606201,-0.08923355489969254,0.9253973364830017,0.8248549699783325,-0.14992792904376984,0.9982739686965942,0.7886574864387512,-0.19957803189754486,1.0543030500411987,0.7531254887580872,-0.2521308958530426,0.8796600103378296,0.6070141196250916,-0.13812829554080963,0.9363365173339844,0.47655320167541504,-0.19936324656009674,0.9690456390380859,0.38888856768608093,-0.24249707162380219,0.9922533631324768,0.30593371391296387,-0.27381712198257446,0.8197764754295349,0.5575635433197021,-0.1275392472743988,0.8474210500717163,0.41714876890182495,-0.19115011394023895,0.8643765449523926,0.31658631563186646,-0.23542994260787964,0.8762213587760925,0.21886813640594482,-0.269742876291275,0.7603132724761963,0.5475552678108215,-0.12121900171041489,0.7696505784988403,0.4156470000743866,-0.18178001046180725,0.7732252478599548,0.3326800763607025,-0.2195904552936554,0.7784806489944458,0.2565879225730896,-0.24550272524356842,0.7039790153503418,0.56373131275177,-0.1215466633439064,0.6842511892318726,0.4652147889137268,-0.16819386184215546,0.6699570417404175,0.39557552337646484,-0.19557592272758484,0.6618064641952515,0.32634204626083374,-0.2165437936782837
open_palm,Right,0.7133185863494873,0.9027097225189209,2.276498989317588e-08,0.8054264783859253,0.8346385955810547,-0.05272723361849785,0.8652458786964417,0.7280930876731873,-0.09442630410194397,0.9037607312202454,0.6080620884895325,-0.12574046850204468,0.9230852127075195,0.4839904308319092,-0.1572650969028473,0.7422642111778259,0.5586204528808594,-0.10632429271936417,0.7196165323257446,0.3974546790122986,-0.14107230305671692,0.6977788209915161,0.30034828186035156,-0.16173569858074188,0.6790391206741333,0.215946227312088,-0.17627719044685364,0.6769005060195923,0.5736666917800903,-0.09688995778560638,0.6207066774368286,0.44308027625083923,-0.12947148084640503,0.5937469005584717,0.3274511396884918,-0.144668847322464,0.5687625408172607,0.24176687002182007,-0.16109594702720642,0.6289341449737549,0.6181200742721558,-0.08608344942331314,0.5794299840927124,0.5230534672737122,-0.11229214072227478,0.5552974343299866,0.44099897146224976,-0.1186327189207077,0.5365744829177856,0.39011436700820923,-0.12680670619010925,0.5963218212127686,0.6723098158836365,-0.07970215380191803,0.5544594526290894,0.6278747320175171,-0.09744079411029816,0.5283788442611694,0.5897353291511536,-0.10111120343208313,0.5056974291801453,0.5620216131210327,-0.10598492622375488
open_palm,Right,0.6120283603668213,0.880609393119812,8.9008347359254e-09,0.693569004535675,0.785248875617981,-0.053584083914756775,0.7508664131164551,0.674480676651001,-0.08627796173095703,0.7819950580596924,0.5484631657600403,-0.10737218707799911,0.7962823510169983,0.44769561290740967,-0.12667806446552277,0.6179537177085876,0.5228456854820251,-0.0886424258351326,0.5778912305831909,0.3535764217376709,-0.10965224355459213,0.5495242476463318,0.2585639953613281,-0.11866596341133118,0.5212569236755371,0.17894628643989563,-0.12410792708396912,0.5497384071350098,0.5444425940513611,-0.06853839755058289,0.4918837249279022,0.38189077377319336,-0.0903351902961731,0.45123761892318726,0.28026270866394043,-0.09613501280546188,0.4113712012767792,0.2104996144771576,-0.09965135157108307,0.5044163465499878,0.5877277851104736,-0.04853792116045952,0.45165446400642395,0.4581436514854431,-0.06695599108934402,0.4157671630382538,0.3922494649887085,-0.07047034054994583,0.38346385955810547,0.3414982557296753,-0.06979702413082123,0.4736028015613556,0.6414230465888977,-0.032303959131240845,0.4377085268497467,0.5453213453292847,-0.04148102551698685,0.41718196868896484,0.5122183561325073,-0.04393920674920082,0.3994441032409668,0.4941811263561249,-0.04415970295667648
open_palm,Left,0.6384874582290649,0.8220229148864746,1.003000527077802e-08,0.7262759804725647,0.7546330690383911,-0.08148142695426941,0.7935546636581421,0.6438385248184204,-0.1336989849805832,0.8320090770721436,0.5338912606239319,-0.17719046771526337,0.8673973083496094,0.44215744733810425,-0.22162005305290222,0.664769172668457,0.47141098976135254,-0.10210325568914413,0.6605125069618225,0.3123777508735657,-0.14725671708583832,0.6501805186271667,0.2175634801387787,-0.1772318035364151,0.6350153088569641,0.13172921538352966,-0.1973574161529541,0.5932767391204834,0.47696608304977417,-0.08967743068933487,0.5605366826057434,0.3158128261566162,-0.12895037233829498,0.5348523259162903,0.22748598456382751,-0.15830044448375702,0.5045663714408875,0.14705052971839905,-0.181475430727005,0.5393821597099304,0.5139837861061096,-0.0839705616235733,0.4912708103656769,0.37558627128601074,-0.1226821318268776,0.4567349851131439,0.2903755307197571,-0.15531091392040253,0.4250901937484741,0.21355926990509033,-0.17820364236831665,0.49649590253829956,0.5762566328048706,-0.0853966772556305,0.43780624866485596,0.4860149025917053,-0.11744114011526108,0.39412254095077515,0.4283609092235565,-0.1421201527118683,0.3543499708175659,0.3671573996543884,-0.16105060279369354
open_palm,Left,0.6384771466255188,0.8249526023864746,1.3988512570506373e-08,0.7320834398269653,0.7682416439056396,-0.07685966789722443,0.809948205947876,0.6552891135215759,-0.12976260483264923,0.8637973070144653,0.551284909248352,-0.17549541592597961,0.9120516777038574,0.46687138080596924,-0.22342607378959656,0.7088205218315125,0.46994924545288086,-0.10325165838003159,0.7206446528434753,0.30635276436805725,-0.15240448713302612,0.7204139232635498,0.21067044138908386,-0.18596279621124268,0.7146386504173279,0.11929082870483398,-0.20862841606140137,0.6339311599731445,0.4650558531284332,-0.09551521390676498,0.6179417371749878,0.29896047711372375,-0.1381116509437561,0.6029369235038757,0.20163416862487793,-0.17026741802692413,0.5846903920173645,0.11077773571014404,-0.19620510935783386,0.5745742321014404,0.49311164021492004,-0.09410884231328964,0.5416019558906555,0.3408256769180298,-0.1356312483549118,0.5174306631088257,0.24603351950645447,-0.16931840777397156,0.4959254860877991,0.16162216663360596,-0.19367700815200806,0.5252832174301147,0.5451062917709351,-0.09925466030836105,0.4776068925857544,0.4412992000579834,-0.13241785764694214,0.4428710341453552,0.376117467880249,-0.1563592255115509,0.4123194217681885,0.30813050270080566,-0.17568810284137726
open_palm,Left,0.6613019108772278,0.8024537563323975,1.49829606499452e-08,0.7575234174728394,0.7484676241874695,-0.07287812978029251,0.8387714624404907,0.6504025459289551,-0.12690436840057373,0.8914825320243835,0.550935685634613,-0.1747252643108368,0.9363332986831665,0.4632946252822876,-0.22374467551708221,0.7213571667671204,0.47047314047813416,-0.10126943141222,0.7309665679931641,0.3024126887321472,-0.1509992480278015,0.7328062057495117,0.20032483339309692,-0.1843533217906952,0.7286001443862915,0.10259222984313965,-0.2076682448387146,0.6479981541633606,0.46269190311431885,-0.09700226038694382,0.6314648389816284,0.2962755262851715,-0.14476607739925385,0.6137145161628723,0.19634854793548584,-0.1764145791530609,0.5898334980010986,0.10016503930091858,-0.20066200196743011,0.5899430513381958,0.4913231432437897,-0.09817875921726227,0.5547810196876526,0.34286266565322876,-0.14482152462005615,0.5267134308815002,0.24970129132270813,-0.17407642304897308,0.4997824728488922,0.16517910361289978,-0.19354471564292908,0.5421661138534546,0.543632447719574,-0.10572674870491028,0.49129706621170044,0.4392026662826538,-0.14107950031757355,0.45128247141838074,0.37431836128234863,-0.16170310974121094,0.41423171758651733,0.31009358167648315,-0.17722828686237335
open_palm,Left,0.7029855847358704,0.8016189336776733,1.516644054788685e-08,0.8028730750083923,0.7534773349761963,-0.05588427558541298,0.8896878957748413,0.6532995700836182,-0.09677843004465103,0.9562760591506958,0.5660632848739624,-0.13456518948078156,1.0163531303405762,0.5043001770973206,-0.17358043789863586,0.7979866862297058,0.4838292896747589,-0.07128551602363586,0.8241598606109619,0.32963505387306213,-0.10956519097089767,0.8367451429367065,0.2379426658153534,-0.1352378875017166,0.8427075147628784,0.1472315490245819,-0.15276731550693512,0.7282209396362305,0.464321494102478,-0.07059226185083389,0.7261335253715515,0.30875861644744873,-0.10299704223871231,0.7184143662452698,0.2134103775024414,-0.12676961719989777,0.7051111459732056,0.12258151173591614,-0.14695100486278534,0.6697604656219482,0.48028889298439026,-0.07531233131885529,0.6483793258666992,0.33409154415130615,-0.10819073766469955,0.6342350244522095,0.2437438666820526,-0.13246433436870575,0.6202272772789001,0.16132867336273193,-0.15030786395072937,0.6185399293899536,0.5171993374824524,-0.08576320111751556,0.5773643851280212,0.4187485873699188,-0.10998205840587616,0.549723744392395,0.35701873898506165,-0.12617897987365723,0.5248831510543823,0.29026544094085693,-0.1398247480392456
open_palm,Left,0.7078952193260193,0.7929316163063049,1.7975862576236068e-08,0.8074852228164673,0.7503072023391724,-0.0628020316362381,0.899678111076355,0.6579646468162537,-0.11026084423065186,0.9633410573005676,0.5698788166046143,-0.15285751223564148,1.0129013061523438,0.49307364225387573,-0.19743886590003967,0.7989766597747803,0.49104392528533936,-0.09765858203172684,0.8279294967651367,0.32979816198349,-0.14716863632202148,0.8443904519081116,0.23280027508735657,-0.17995361983776093,0.8558452725410461,0.1344408094882965,-0.2027437835931778,0.7274990677833557,0.47006142139434814,-0.09700268507003784,0.7263354063034058,0.30881279706954956,-0.1452847123146057,0.7237710952758789,0.20735511183738708,-0.17603646218776703,0.7170313596725464,0.1079985499382019,-0.200254887342453,0.6673362255096436,0.48659762740135193,-0.1005934625864029,0.6445350050926208,0.33717024326324463,-0.1475055068731308,0.6301685571670532,0.2384205162525177,-0.17508071660995483,0.6184173226356506,0.1520599126815796,-0.19376738369464874,0.6173721551895142,0.5251294374465942,-0.1096838042140007,0.5756775736808777,0.4240523874759674,-0.14370062947273254,0.5460862517356873,0.3512936234474182,-0.16266731917858124,0.5207386612892151,0.27757686376571655,-0.1773516833782196
open_palm,Left,0.6236289143562317,0.8287127614021301,2.4264940279294933e-08,0.7192109823226929,0.77882319688797,-0.07481752336025238,0.8070654273033142,0.6828425526618958,-0.13142268359661102,0.8695242404937744,0.5856239795684814,-0.18053731322288513,0.9173661470413208,0.5001453757286072,-0.230838805437088,0.7037453651428223,0.5000098347663879,-0.11655614525079727,0.7157959342002869,0.319845974445343,-0.1730492264032364,0.7160496115684509,0.21538963913917542,-0.21050462126731873,0.7116464972496033,0.11933633685112,-0.23618893325328827,0.6295000910758972,0.4825592339038849,-0.11155272275209427,0.6138754487037659,0.3134737014770508,-0.16786032915115356,0.5927622318267822,0.21320465207099915,-0.20263342559337616,0.5706962943077087,0.12122312188148499,-0.22883759438991547,0.5688765645027161,0.5067112445831299,-0.11111355572938919,0.5345930457115173,0.3631753623485565,-0.16403740644454956,0.5030665397644043,0.27459222078323364,-0.19305580854415894,0.4793497622013092,0.1971147656440735,-0.21213363111019135,0.5207724571228027,0.5547276139259338,-0.11682694405317307,0.4773592948913574,0.47014907002449036,-0.15254467725753784,0.44604966044425964,0.4251481294631958,-0.1707320660352707,0.42200568318367004,0.3798117935657501,-0.18508148193359375
open_palm,Left,0.6238237619400024,0.8288429975509644,1.7849462352614864e-08,0.7195602655410767,0.7804956436157227,-0.07113147526979446,0.8034864664077759,0.6684079766273499,-0.12712009251117706,0.8624918460845947,0.5710766911506653,-0.17778991162776947,0.9190636873245239,0.49375784397125244,-0.2312643676996231,0.6953042149543762,0.49853551387786865,-0.11566706746816635,0.7093158960342407,0.32733583450317383,-0.17423070967197418,0.713047206401825,0.22143298387527466,-0.21351578831672668,0.709558367729187,0.1198129951953888,-0.24091123044490814,0.6213303804397583,0.4877324104309082,-0.11582457274198532,0.6083893179893494,0.316586971282959,-0.1741774082183838,0.5916712284088135,0.21109750866889954,-0.21259155869483948,0.5692246556282043,0.1086110770702362,-0.24190254509449005,0.5605474710464478,0.5126233696937561,-0.1204630434513092,0.5270373821258545,0.3557385206222534,-0.17571252584457397,0.49983519315719604,0.25552618503570557,-0.21056866645812988,0.4750227928161621,0.1684969663619995,-0.23421980440616608,0.510080099105835,0.5596810579299927,-0.13089948892593384,0.4577581286430359,0.45300769805908203,-0.17217308282852173,0.4165090322494507,0.38656261563301086,-0.19623132050037384,0.3797266483306885,0.3220771849155426,-0.21497495472431183
open_palm,Left,0.6223505735397339,0.8276073336601257,1.7971212074030518e-08,0.718212366104126,0.7767480611801147,-0.06792415678501129,0.8040207028388977,0.6658480167388916,-0.12111738324165344,0.8660573363304138,0.5679608583450317,-0.16975264251232147,0.9250470399856567,0.49216610193252563,-0.22044873237609863,0.6935528516769409,0.4892638325691223,-0.10311053693294525,0.710203230381012,0.3215276300907135,-0.15635322034358978,0.7152944803237915,0.21754756569862366,-0.1926318109035492,0.7124690413475037,0.11795425415039062,-0.21804514527320862,0.6197504997253418,0.4773657023906708,-0.10320042073726654,0.6081773638725281,0.30777692794799805,-0.15487918257713318,0.5916058421134949,0.2029455304145813,-0.19023722410202026,0.5681172609329224,0.10206866264343262,-0.21778565645217896,0.5594583749771118,0.5032429099082947,-0.10809287428855896,0.525040864944458,0.35108131170272827,-0.15737585723400116,0.4968917965888977,0.2539139986038208,-0.18910598754882812,0.4701187312602997,0.17006829380989075,-0.21090391278266907,0.508870005607605,0.5517797470092773,-0.11893954128026962,0.4566311538219452,0.4482192397117615,-0.1554047167301178,0.41499853134155273,0.3831867575645447,-0.17676480114459991,0.3762403726577759,0.31953877210617065,-0.19354462623596191
open_palm,Left,0.6330189108848572,0.8172166347503662,2.084077443953447e-08,0.7355356812477112,0.7734285593032837,-0.06786558032035828,0.8331764936447144,0.6885985136032104,-0.12388723343610764,0.9171434044837952,0.6279369592666626,-0.17382965981960297,0.9922510385513306,0.583685576915741,-0.2256404459476471,0.7169675827026367,0.494471937417984,-0.11591453850269318,0.7476629018783569,0.32713526487350464,-0.16768455505371094,0.764324426651001,0.21871107816696167,-0.2023886740207672,0.775689959526062,0.1078309416770935,-0.2266554981470108,0.6395995020866394,0.47690755128860474,-0.11330783367156982,0.6368530988693237,0.3040226101875305,-0.15753120183944702,0.629716157913208,0.19025763869285583,-0.1849568486213684,0.6180669665336609,0.0801563560962677,-0.20960961282253265,0.5756259560585022,0.49722856283187866,-0.11424570530653,0.5476236939430237,0.3403204083442688,-0.15351372957229614,0.5252569913864136,0.23392754793167114,-0.1773577779531479,0.5057855248451233,0.1370338499546051,-0.19710110127925873,0.5228793025016785,0.5423966646194458,-0.12133640050888062,0.4696655869483948,0.4354467988014221,-0.15006840229034424,0.42839694023132324,0.3646901249885559,-0.16618521511554718,0.3917081654071808,0.291131854057312,-0.18127451837062836
open_palm,Left,0.6440457701683044,0.824157178401947,2.3304441043592306e-08,0.7513977885246277,0.775714635848999,-0.05898171663284302,0.8495402336120605,0.694574773311615,-0.10930726677179337,0.9340121746063232,0.6423545479774475,-0.15677842497825623,1.0054806470870972,0.6138190031051636,-0.20559073984622955,0.7305833101272583,0.4818772077560425,-0.08921124041080475,0.7592713236808777,0.30731528997421265,-0.1350715309381485,0.7799660563468933,0.19749510288238525,-0.16743731498718262,0.7938835620880127,0.0874907374382019,-0.1900271326303482,0.6527084708213806,0.4655229449272156,-0.09173528105020523,0.6457024216651917,0.2829691171646118,-0.1296836882829666,0.6376767158508301,0.16655603051185608,-0.1550009846687317,0.6248908042907715,0.0581897497177124,-0.17814654111862183,0.5875055193901062,0.49060049653053284,-0.09888829290866852,0.5558240413665771,0.3266950845718384,-0.13403858244419098,0.5337173342704773,0.2170499861240387,-0.15611951053142548,0.5141696929931641,0.12164464592933655,-0.17406709492206573,0.533430814743042,0.5400426387786865,-0.11256690323352814,0.47874587774276733,0.4319922626018524,-0.13617418706417084,0.4398767948150635,0.3621761202812195,-0.1491936296224594,0.405618816614151,0.2928750514984131,-0.16195955872535706
open_palm,Left,0.6963534355163574,0.7808790802955627,1.8980490068543077e-08,0.7969229221343994,0.7447631359100342,-0.08072134107351303,0.8940215110778809,0.6616300344467163,-0.14860223233699799,0.9742486476898193,0.6099399328231812,-0.20884180068969727,1.0411027669906616,0.5838351845741272,-0.2730907201766968,0.7917688488960266,0.4497199058532715,-0.15789833664894104,0.82929527759552,0.2657359838485718,-0.2288885861635208,0.856292724609375,0.14144355058670044,-0.27725499868392944,0.8752214908599854,0.018061578273773193,-0.3112338185310364,0.7117626667022705,0.4244411289691925,-0.1575213223695755,0.7090413570404053,0.21973931789398193,-0.22000935673713684,0.7077152132987976,0.07625967264175415,-0.2599950432777405,0.7009337544441223,-0.06158483028411865,-0.2958943545818329,0.6433297395706177,0.44473862648010254,-0.16018837690353394,0.6103992462158203,0.2739919424057007,-0.2119869887828827,0.5872645378112793,0.1639796793460846,-0.24227148294448853,0.568354606628418,0.06607529520988464,-0.26839402318000793,0.5857942700386047,0.49669182300567627,-0.17035992443561554,0.5308318138122559,0.3754328191280365,-0.21075007319450378,0.48965007066726685,0.2957399785518646,-0.2334595024585724,0.45368871092796326,0.21647268533706665,-0.25440341234207153
open_palm,Left,0.7443720102310181,0.7274417281150818,1.765224588723413e-08,0.8447991609573364,0.7040982246398926,-0.09605350345373154,0.9429014921188354,0.6294643878936768,-0.17571969330310822,1.0194952487945557,0.5910255908966064,-0.24522332847118378,1.0851891040802002,0.5815058350563049,-0.3214753270149231,0.8636482357978821,0.39020100235939026,-0.2018357366323471,0.9143408536911011,0.19570490717887878,-0.28988116979599,0.9445580840110779,0.06331327557563782,-0.34806251525878906,0.9653366804122925,-0.0645122230052948,-0.38868895173072815,0.7776167988777161,0.3610050678253174,-0.20064345002174377,0.7794190049171448,0.14050322771072388,-0.2818877696990967,0.778396725654602,0.00251045823097229,-0.3311217129230499,0.7749751210212708,-0.13625970482826233,-0.3729068338871002,0.7035273909568787,0.37887099385261536,-0.20219333469867706,0.6775997281074524,0.18848907947540283,-0.27369508147239685,0.6597190499305725,0.05827590823173523,-0.31892159581184387,0.6467906832695007,-0.06502225995063782,-0.35456934571266174,0.6411383152008057,0.433307409286499,-0.2108270525932312,0.5888636112213135,0.3136240541934967,-0.26691821217536926,0.5487421154975891,0.23587694764137268,-0.3004041314125061,0.5141834616661072,0.15284141898155212,-0.32932358980178833
open_palm,Right,0.5610026121139526,0.8844677805900574,3.2470151012375936e-08,0.6634583473205566,0.8270629644393921,-0.05002353712916374,0.7581348419189453,0.733717679977417,-0.07851436734199524,0.8464404344558716,0.663560688495636,-0.09387050569057465,0.8962816596031189,0.5970295071601868,-0.10909853875637054,0.6497411727905273,0.5235856771469116,-0.08748644590377808,0.6617617011070251,0.3202683925628662,-0.0928892195224762,0.6553817987442017,0.2311355024576187,-0.09227534383535385,0.6533900499343872,0.14817452430725098,-0.0924338549375534,0.5739570260047913,0.512151837348938,-0.060637734830379486,0.5636312961578369,0.3152165710926056,-0.05048525333404541,0.5351529717445374,0.20724420249462128,-0.040542446076869965,0.5112441778182983,0.13708466291427612,-0.04319345951080322,0.5203986167907715,0.5278196930885315,-0.03286052867770195,0.5122002363204956,0.37073245644569397,-0.017665430903434753,0.4995984435081482,0.2953208386898041,-0.00992059987038374,0.4954144358634949,0.23501577973365784,-0.013339264318346977,0.486868292093277,0.546277642250061,-0.010749922133982182,0.481006383895874,0.4388139843940735,-0.001431562239304185,0.4735099673271179,0.3894283175468445,0.0011411738814786077,0.47043684124946594,0.3571280837059021,-0.001561011653393507
open_palm,Left,0.48299187421798706,0.9686545133590698,3.0845438203641606e-08,0.5840816497802734,0.9367387890815735,-0.05461318418383598,0.680081307888031,0.8602581024169922,-0.0994587242603302,0.7611575722694397,0.7801045179367065,-0.13972501456737518,0.8254233598709106,0.7219541668891907,-0.18116626143455505,0.5632991790771484,0.642903208732605,-0.08635218441486359,0.5840902924537659,0.4633750319480896,-0.12326610088348389,0.5957200527191162,0.3598499894142151,-0.14686249196529388,0.604042649269104,0.2590618133544922,-0.16385404765605927,0.4929315447807312,0.620531439781189,-0.08503991365432739,0.48132991790771484,0.44007039070129395,-0.116854228079319,0.46928709745407104,0.3308151364326477,-0.1360868215560913,0.45370161533355713,0.23847746849060059,-0.1533724069595337,0.4368513226509094,0.6400917172431946,-0.08672668784856796,0.41480475664138794,0.47790223360061646,-0.11630968004465103,0.3923431634902954,0.3765290379524231,-0.13444748520851135,0.3733413517475128,0.28802505135536194,-0.14858192205429077,0.3943619430065155,0.6799899935722351,-0.09336818754673004,0.3677554130554199,0.5680685043334961,-0.11200589686632156,0.3444993495941162,0.5125281810760498,-0.12178634107112885,0.32346296310424805,0.46752387285232544,-0.13147298991680145
open_palm,Left,0.500302255153656,0.9139319658279419,1.7786083716941903e-08,0.6010822653770447,0.8849185705184937,-0.0646616667509079,0.6957906484603882,0.8010193705558777,-0.11653341352939606,0.7721675634384155,0.7276634573936462,-0.16367113590240479,0.8437672257423401,0.6864765882492065,-0.21217642724514008,0.5869578719139099,0.5863180756568909,-0.1035405844449997,0.6143038868904114,0.4163834750652313,-0.15139716863632202,0.6320856213569641,0.3094514012336731,-0.18415945768356323,0.643113374710083,0.2055085301399231,-0.20793387293815613,0.5101415514945984,0.5600186586380005,-0.10364888608455658,0.5086409449577332,0.3808979392051697,-0.14368222653865814,0.5040135383605957,0.27042052149772644,-0.1719331592321396,0.492739200592041,0.1634785234928131,-0.19778552651405334,0.44545307755470276,0.5785171985626221,-0.10814569145441055,0.41701120138168335,0.4159521758556366,-0.14556407928466797,0.39678090810775757,0.3040941059589386,-0.1727677434682846,0.3776399493217468,0.20944613218307495,-0.19490447640419006,0.38886165618896484,0.6277279257774353,-0.11851392686367035,0.3319292962551117,0.5154362320899963,-0.14670021831989288,0.29005372524261475,0.4432240128517151,-0.16480161249637604,0.25247707962989807,0.3740992546081543,-0.18123090267181396
open_palm,Left,0.4919291138648987,0.8934695720672607,1.9221181091211292e-08,0.5998872518539429,0.8625213503837585,-0.0598834753036499,0.7038361430168152,0.7734895944595337,-0.10480611026287079,0.7836588621139526,0.6847397685050964,-0.14745500683784485,0.8453051447868347,0.6196040511131287,-0.19061708450317383,0.5951178073883057,0.5641468167304993,-0.0682683065533638,0.6241848468780518,0.41261929273605347,-0.11031869798898697,0.6376401782035828,0.3178761601448059,-0.13958366215229034,0.6437798738479614,0.2253127098083496,-0.15934902429580688,0.520666778087616,0.5355167984962463,-0.0700349435210228,0.5256695747375488,0.3695189356803894,-0.10348958522081375,0.5203714370727539,0.2580791711807251,-0.1302635669708252,0.5077826380729675,0.1526731550693512,-0.15380042791366577,0.4564441442489624,0.5480242371559143,-0.07860874384641647,0.43467170000076294,0.3950199484825134,-0.11097760498523712,0.4131113290786743,0.3011521100997925,-0.13239099085330963,0.39284998178482056,0.2211306393146515,-0.14898870885372162,0.39761045575141907,0.5843153595924377,-0.09443696588277817,0.3526989221572876,0.4707954227924347,-0.11866789311170578,0.3166300058364868,0.3946227431297302,-0.1333867907524109,0.28430119156837463,0.31960007548332214,-0.14595834910869598
open_palm,Left,0.508452296257019,0.9179096817970276,1.2570833263225722e-08,0.6132978200912476,0.8446879386901855,-0.062338780611753464,0.6907575726509094,0.7192734479904175,-0.10211385786533356,0.7057899236679077,0.5842099785804749,-0.13306260108947754,0.6503213047981262,0.5061123371124268,-0.1543750762939453,0.6253126263618469,0.5550671815872192,-0.08185505867004395,0.651084840297699,0.5527147054672241,-0.13276968896389008,0.6446494460105896,0.6240587830543518,-0.14578485488891602,0.629011332988739,0.6167477965354919,-0.15180568397045135,0.5636793375015259,0.5545916557312012,-0.08250077813863754,0.5801107287406921,0.5737404823303223,-0.14297829568386078,0.588117778301239,0.6687260270118713,-0.14302219450473785,0.583376944065094,0.6350123882293701,-0.1353379338979721,0.5061436891555786,0.5827496647834778,-0.09084229916334152,0.5211880207061768,0.5832161903381348,-0.15539337694644928,0.54103684425354,0.6776624321937561,-0.14430803060531616,0.5454801917076111,0.6676506996154785,-0.12433399260044098,0.4565869867801666,0.609278678894043,-0.10587885230779648,0.46709251403808594,0.606080949306488,-0.1401984691619873,0.4905230700969696,0.6832931041717529,-0.13264265656471252,0.49615705013275146,0.7003435492515564,-0.12050916999578476
open_palm,Left,0.5110081434249878,0.8692336678504944,-6.5826801787238765e-09,0.6049503684043884,0.8356613516807556,-0.05223417282104492,0.6993343830108643,0.7486485838890076,-0.08697918802499771,0.749923050403595,0.6445099115371704,-0.11981150507926941,0.7541844844818115,0.5398868918418884,-0.14806322753429413,0.6330328583717346,0.5651589632034302,-0.03189001977443695,0.6589999794960022,0.448650062084198,-0.06241307035088539,0.6625385284423828,0.4894745945930481,-0.07179690152406693,0.6566680073738098,0.5624275803565979,-0.07593581080436707,0.5800372362136841,0.5504908561706543,-0.03151235356926918,0.5967333912849426,0.4200080931186676,-0.08119087666273117,0.5976507067680359,0.5011714696884155,-0.10222899913787842,0.5922446846961975,0.5744867920875549,-0.1035231351852417,0.5244916677474976,0.5544832348823547,-0.03877288103103638,0.5365541577339172,0.43176665902137756,-0.08789867907762527,0.5403473973274231,0.5143483877182007,-0.10125719010829926,0.5370317697525024,0.5891661047935486,-0.09713722765445709,0.46447229385375977,0.5803124904632568,-0.051001131534576416,0.4754709005355835,0.47633588314056396,-0.08136016130447388,0.4883219003677368,0.5279216170310974,-0.08890284597873688,0.49152886867523193,0.5863790512084961,-0.0862976461648941
open_palm,Left,0.518714189529419,0.8716455101966858,1.3697651013444556e-08,0.6178221702575684,0.8487178087234497,-0.04719323664903641,0.710761547088623,0.7579951286315918,-0.08003443479537964,0.7819080948829651,0.6711888909339905,-0.11073757708072662,0.8429697155952454,0.6161289811134338,-0.14129066467285156,0.6331689357757568,0.5273777842521667,-0.048051800578832626,0.6734331250190735,0.37370389699935913,-0.07280928641557693,0.6960470676422119,0.27819520235061646,-0.09144226461648941,0.7143586874008179,0.19455987215042114,-0.10638336092233658,0.5669738054275513,0.490355908870697,-0.045976344496011734,0.580411434173584,0.3292861580848694,-0.0689210295677185,0.5827766060829163,0.23772728443145752,-0.08782494813203812,0.5829575657844543,0.15081897377967834,-0.10268881171941757,0.5046563744544983,0.5007510781288147,-0.04850190132856369,0.49208658933639526,0.3535224199295044,-0.07164406776428223,0.4790292978286743,0.26389554142951965,-0.08951091021299362,0.46960538625717163,0.18357500433921814,-0.10168913006782532,0.4445953667163849,0.5442165732383728,-0.056050434708595276,0.41178715229034424,0.4270923137664795,-0.07174967229366302,0.3891931176185608,0.3561367392539978,-0.0826834961771965,0.3707904815673828,0.28355827927589417,-0.09094266593456268
open_palm,Left,0.5220597982406616,0.8729074001312256,1.9712722121312254e-08,0.626386284828186,0.8355388641357422,-0.054932206869125366,0.7250127792358398,0.7448012828826904,-0.09358567744493484,0.7982950210571289,0.6576870679855347,-0.12883877754211426,0.860871434211731,0.5958600640296936,-0.16466525197029114,0.62989342212677,0.5394173264503479,-0.06592627614736557,0.6686619520187378,0.3784099817276001,-0.10078734904527664,0.6904512047767639,0.282848984003067,-0.1248360127210617,0.7073276042938232,0.18818867206573486,-0.14205840229988098,0.5566994547843933,0.5025177597999573,-0.06401115655899048,0.5651906132698059,0.33996593952178955,-0.09591617435216904,0.5672174096107483,0.23923557996749878,-0.11942163854837418,0.5641900897026062,0.14149805903434753,-0.13853080570697784,0.4923146665096283,0.5098214745521545,-0.06695778667926788,0.47789597511291504,0.3554636836051941,-0.10067760944366455,0.46858006715774536,0.2541511654853821,-0.12402603775262833,0.4595327377319336,0.1658434271812439,-0.1397918462753296,0.43647846579551697,0.5429985523223877,-0.07535390555858612,0.3993304967880249,0.4341919422149658,-0.09837924689054489,0.37444329261779785,0.36036747694015503,-0.11264859884977341,0.3523109257221222,0.28446540236473083,-0.12389014661312103
open_palm,Left,0.5233587622642517,0.8803025484085083,1.9886703839233633e-08,0.6296839714050293,0.8346391916275024,-0.04849687218666077,0.7285730242729187,0.7409863471984863,-0.08554402738809586,0.8022199869155884,0.6551346182823181,-0.12189190089702606,0.8638817071914673,0.5933606028556824,-0.15912359952926636,0.6296356916427612,0.536602795124054,-0.053714569658041,0.6669638752937317,0.3837263584136963,-0.08916867524385452,0.6887451410293579,0.2932065725326538,-0.1144147589802742,0.7053088545799255,0.2010297179222107,-0.13219054043293,0.5575616359710693,0.504072368144989,-0.057773374021053314,0.5639374852180481,0.3404572010040283,-0.08808103948831558,0.5652350187301636,0.23836824297904968,-0.1118110716342926,0.5624436140060425,0.13727626204490662,-0.13195988535881042,0.4946562647819519,0.5134905576705933,-0.06754238158464432,0.4791685938835144,0.3573150336742401,-0.09850147366523743,0.4685074985027313,0.25906550884246826,-0.11939545720815659,0.45921170711517334,0.17082566022872925,-0.1346973329782486,0.4388740658760071,0.5483154058456421,-0.08318859338760376,0.40139299631118774,0.4362356662750244,-0.10436911880970001,0.3761350214481354,0.36495721340179443,-0.11682234704494476,0.354362815618515,0.29027673602104187,-0.1274777352809906
open_palm,Left,0.5218472480773926,0.8765506744384766,1.8991153538649996e-08,0.6286001205444336,0.8361524939537048,-0.05557679757475853,0.727794885635376,0.7436243891716003,-0.09621652215719223,0.8013103008270264,0.6535976529121399,-0.13510440289974213,0.8626617193222046,0.5858522653579712,-0.1751192808151245,0.629723072052002,0.5344456434249878,-0.06257867068052292,0.6673025488853455,0.3771308958530426,-0.10139601677656174,0.6882286071777344,0.2839600443840027,-0.12877538800239563,0.7039103507995605,0.18807119131088257,-0.14807899296283722,0.557375431060791,0.5010414719581604,-0.06463713943958282,0.5640190243721008,0.33565834164619446,-0.09941192716360092,0.5645210146903992,0.23340755701065063,-0.12569504976272583,0.560621976852417,0.13047188520431519,-0.14711561799049377,0.49438345432281494,0.5104926228523254,-0.07284725457429886,0.47794103622436523,0.3541748523712158,-0.108303003013134,0.4678027331829071,0.25472432374954224,-0.13181397318840027,0.45873722434043884,0.1651841402053833,-0.14819523692131042,0.43861234188079834,0.5452154874801636,-0.08733998984098434,0.4019748568534851,0.43331432342529297,-0.1121659055352211,0.3769639730453491,0.3632173538208008,-0.12681719660758972,0.3552321791648865,0.2895737588405609,-0.138550266623497
open_palm,Left,0.5257212519645691,0.8758931159973145,1.8909728893845568e-08,0.631685197353363,0.8327521681785583,-0.052559416741132736,0.730740487575531,0.7390331029891968,-0.09204438328742981,0.8044496774673462,0.6505850553512573,-0.1303103268146515,0.8652635216712952,0.5854429006576538,-0.16949178278446198,0.6325453519821167,0.5293232798576355,-0.05881727114319801,0.6701134443283081,0.3742640018463135,-0.09635281562805176,0.6913133859634399,0.28215163946151733,-0.12272089719772339,0.7074357867240906,0.18795278668403625,-0.14123019576072693,0.560849666595459,0.498299241065979,-0.0620788112282753,0.5680504441261292,0.33404266834259033,-0.09463497996330261,0.5687569975852966,0.23184525966644287,-0.11906514316797256,0.5651012063026428,0.12904638051986694,-0.13948267698287964,0.49819236993789673,0.5095717310905457,-0.07145919650793076,0.4840799570083618,0.35226619243621826,-0.1043861135840416,0.47487977147102356,0.25373855233192444,-0.12543092668056488,0.46622535586357117,0.16548803448677063,-0.1405794769525528,0.44236886501312256,0.5454961061477661,-0.08712072670459747,0.40585029125213623,0.4316917061805725,-0.11005989462137222,0.3804158568382263,0.35852301120758057,-0.12317155301570892,0.3582379221916199,0.2812996208667755,-0.13405849039554596
open_palm,Left,0.5272415280342102,0.8765308856964111,1.8997074135995717e-08,0.6330798864364624,0.8334115743637085,-0.05260702222585678,0.7326201796531677,0.737791895866394,-0.0921609178185463,0.8072783946990967,0.650664746761322,-0.130522221326828,0.8694044351577759,0.5888565182685852,-0.17016221582889557,0.6335559487342834,0.5312597155570984,-0.06098654493689537,0.6712819933891296,0.37760281562805176,-0.09949690848588943,0.692532479763031,0.28595471382141113,-0.1266593486070633,0.7089321613311768,0.1917368769645691,-0.14579647779464722,0.5622885227203369,0.499703586101532,-0.0646730586886406,0.5699566006660461,0.3339420557022095,-0.09803473204374313,0.5710464715957642,0.23061305284500122,-0.12354381382465363,0.567963182926178,0.12641334533691406,-0.14504122734069824,0.49998220801353455,0.5100734233856201,-0.07438962161540985,0.4864940643310547,0.3522595763206482,-0.1080707311630249,0.47788578271865845,0.25334179401397705,-0.1303848773241043,0.47014719247817993,0.16405454277992249,-0.14666539430618286,0.44462984800338745,0.5455166697502136,-0.0903148502111435,0.40788495540618896,0.431443989276886,-0.11418536305427551,0.3824779987335205,0.35922548174858093,-0.12812630832195282,0.36061614751815796,0.2832678258419037,-0.13977988064289093
open_palm,Left,0.5268629193305969,0.87901771068573,1.904480839698408e-08,0.6336830258369446,0.8372953534126282,-0.053042806684970856,0.7320361137390137,0.7428903579711914,-0.09188429266214371,0.8052724003791809,0.6519949436187744,-0.12933631241321564,0.8665672540664673,0.5853449702262878,-0.16787751019001007,0.6347309947013855,0.5335919857025146,-0.0585443489253521,0.6714462041854858,0.3740169405937195,-0.09576013684272766,0.6924839615821838,0.27994096279144287,-0.1221938356757164,0.7085295915603638,0.183813214302063,-0.14093993604183197,0.5631564855575562,0.5013755559921265,-0.0612599216401577,0.5702599883079529,0.3362632989883423,-0.0940902903676033,0.5719173550605774,0.2331678867340088,-0.11965995281934738,0.5692892074584961,0.13025882840156555,-0.14077028632164001,0.5004829168319702,0.5118048787117004,-0.07005243748426437,0.48517870903015137,0.3551207482814789,-0.1042228639125824,0.4764614701271057,0.2547990381717682,-0.1276727169752121,0.4687395691871643,0.16504117846488953,-0.14403067529201508,0.4450199604034424,0.5472536087036133,-0.08489503711462021,0.40904608368873596,0.43418386578559875,-0.10911151766777039,0.3847780227661133,0.36223897337913513,-0.12375745922327042,0.3641708493232727,0.2868330776691437,-0.1354738175868988
open_palm,Left,0.5250291228294373,0.8743482232093811,1.8992526662486853e-08,0.6314424872398376,0.8359118103981018,-0.055297184735536575,0.7301065921783447,0.7436092495918274,-0.09676194936037064,0.8032981157302856,0.6557328701019287,-0.13636690378189087,0.864835798740387,0.5902770757675171,-0.17739592492580414,0.6343374252319336,0.5358936786651611,-0.06773717701435089,0.6715992093086243,0.3762096166610718,-0.10826115310192108,0.6926842331886292,0.28117209672927856,-0.13675054907798767,0.7085868120193481,0.18421706557273865,-0.1569165587425232,0.5626962184906006,0.502653181552887,-0.0702156201004982,0.5707736611366272,0.33724159002304077,-0.10706204921007156,0.5719997882843018,0.23445582389831543,-0.13442927598953247,0.5687360763549805,0.13123098015785217,-0.15668940544128418,0.5000286102294922,0.5116410851478577,-0.0783863365650177,0.485599160194397,0.3549683094024658,-0.11551626026630402,0.47639983892440796,0.2551445960998535,-0.14025439321994781,0.46804821491241455,0.16556638479232788,-0.15753139555454254,0.4447522759437561,0.546008288860321,-0.09255170822143555,0.4088667631149292,0.4341234564781189,-0.11880116164684296,0.38349008560180664,0.36322396993637085,-0.13447417318820953,0.36158430576324463,0.2889637351036072,-0.14706683158874512
open_palm,Left,0.5271731615066528,0.8753100633621216,1.856783704567988e-08,0.6323582530021667,0.8354978561401367,-0.055996451526880264,0.7312925457954407,0.7417128682136536,-0.09748643636703491,0.8052526712417603,0.6523901224136353,-0.1369539350271225,0.8664153814315796,0.586041271686554,-0.17760798335075378,0.6366496086120605,0.5330259203910828,-0.06656638532876968,0.6736129522323608,0.3718671202659607,-0.10634161531925201,0.6935598850250244,0.27663126587867737,-0.13415347039699554,0.7084138989448547,0.18077519536018372,-0.15378472208976746,0.56484055519104,0.5009883046150208,-0.0684804916381836,0.5719302892684937,0.33305156230926514,-0.10489092767238617,0.5723112225532532,0.22887393832206726,-0.1318591982126236,0.5682761669158936,0.12638351321220398,-0.15353697538375854,0.5019298791885376,0.5113582611083984,-0.0762406662106514,0.48765215277671814,0.35274845361709595,-0.11301626265048981,0.47844722867012024,0.25306811928749084,-0.13704568147659302,0.46974581480026245,0.16509860754013062,-0.15353696048259735,0.4464714527130127,0.5460101366043091,-0.09015815705060959,0.41096681356430054,0.43306058645248413,-0.11611215770244598,0.38642141222953796,0.36189934611320496,-0.13133268058300018,0.36509114503860474,0.2870784103870392,-0.14335140585899353
open_palm,Left,0.5247039794921875,0.8722258806228638,1.841107000188913e-08,0.6311143636703491,0.8350753784179688,-0.059534281492233276,0.7307932376861572,0.742216169834137,-0.10295020043849945,0.8041509985923767,0.6531374454498291,-0.14364507794380188,0.8646727800369263,0.5862646102905273,-0.18583782017230988,0.6364618539810181,0.5350404381752014,-0.07417868822813034,0.6748647093772888,0.37308433651924133,-0.1164160817861557,0.6952577233314514,0.27640387415885925,-0.14563263952732086,0.7102542519569397,0.17853772640228271,-0.16626617312431335,0.5644707679748535,0.5006398558616638,-0.07509514689445496,0.5733022093772888,0.33017802238464355,-0.11402875185012817,0.5737534761428833,0.22435852885246277,-0.14242421090602875,0.5695918798446655,0.11968165636062622,-0.1653018444776535,0.5014631748199463,0.5087922811508179,-0.08183211088180542,0.48834243416786194,0.3488169014453888,-0.12102768570184708,0.4801390767097473,0.2475370466709137,-0.14683085680007935,0.47258079051971436,0.15796220302581787,-0.16463086009025574,0.44583776593208313,0.5419809222221375,-0.09482377767562866,0.41051849722862244,0.4282720983028412,-0.12292546033859253,0.3858759105205536,0.3569355905056,-0.13964560627937317,0.3649500012397766,0.28256210684776306,-0.1528000831604004
open_palm,Left,0.527569055557251,0.8734718561172485,1.8529322076688004e-08,0.6326962113380432,0.8325101137161255,-0.0569181963801384,0.731190025806427,0.7383639812469482,-0.09987993538379669,0.8031206130981445,0.6512331366539001,-0.14044731855392456,0.8616992235183716,0.5852481722831726,-0.18247626721858978,0.6360698342323303,0.532667875289917,-0.0734507143497467,0.6728468537330627,0.37304165959358215,-0.11567770689725876,0.6926788687705994,0.2781171500682831,-0.14455324411392212,0.7075850367546082,0.18211030960083008,-0.16479191184043884,0.5641139149665833,0.5000189542770386,-0.07553944736719131,0.5713562369346619,0.32891058921813965,-0.11467479914426804,0.5715639591217041,0.22460952401161194,-0.14230476319789886,0.5678188800811768,0.12154218554496765,-0.16449595987796783,0.5015295743942261,0.5093091726303101,-0.08314896374940872,0.48902982473373413,0.34760451316833496,-0.12237179279327393,0.4809003174304962,0.2448420226573944,-0.14749814569950104,0.473440021276474,0.1533924639225006,-0.16483238339424133,0.4466659426689148,0.5440956354141235,-0.09673237055540085,0.41129666566848755,0.4295724928379059,-0.12433497607707977,0.38632291555404663,0.35633936524391174,-0.1403031200170517,0.3649153709411621,0.28023648262023926,-0.15307998657226562
open_palm,Left,0.5281270146369934,0.8706104159355164,1.8185090766564826e-08,0.633541464805603,0.8302277326583862,-0.05437717214226723,0.7325984835624695,0.7365766763687134,-0.09587612003087997,0.8056348562240601,0.6483302116394043,-0.13553042709827423,0.8643245697021484,0.5809966921806335,-0.17661310732364655,0.6367338299751282,0.5313013195991516,-0.0688982605934143,0.6734933257102966,0.3719334006309509,-0.1101420521736145,0.6936602592468262,0.2768714427947998,-0.1387770026922226,0.7085138559341431,0.18092584609985352,-0.15889909863471985,0.5656720399856567,0.4994555711746216,-0.07202961295843124,0.5732600688934326,0.33020734786987305,-0.10997704416513443,0.5731587409973145,0.22614139318466187,-0.13770677149295807,0.568168580532074,0.12427636981010437,-0.15999427437782288,0.5034021139144897,0.5091448426246643,-0.08067920804023743,0.4901808798313141,0.34897810220718384,-0.11859852075576782,0.48117363452911377,0.24828466773033142,-0.14354516565799713,0.4724753499031067,0.16006046533584595,-0.1608169674873352,0.4484782814979553,0.5431668758392334,-0.09520471096038818,0.41308486461639404,0.4289751648902893,-0.12213242799043655,0.3881837725639343,0.35639530420303345,-0.1381300985813141,0.3665706217288971,0.28151988983154297,-0.15088406205177307
open_palm,Left,0.5474568009376526,0.8515165448188782,2.0286282875758843e-08,0.6513330936431885,0.8114999532699585,-0.050388894975185394,0.752987265586853,0.7273610234260559,-0.08952760696411133,0.8366478085517883,0.6560109853744507,-0.12691806256771088,0.910464346408844,0.6123954057693481,-0.16468992829322815,0.6488574743270874,0.5237565040588379,-0.06096644699573517,0.6855100989341736,0.3689204454421997,-0.0948881059885025,0.7061932682991028,0.2742983400821686,-0.11819034814834595,0.7223124504089355,0.1782531440258026,-0.13488046824932098,0.5772079825401306,0.4923102557659149,-0.06276500225067139,0.586216151714325,0.3334854543209076,-0.08982493728399277,0.5892316102981567,0.23097968101501465,-0.10902003943920135,0.5873931050300598,0.12842530012130737,-0.1267576962709427,0.5147246718406677,0.5024092793464661,-0.06967891752719879,0.49717020988464355,0.3498721122741699,-0.09673023968935013,0.48608851432800293,0.24921247363090515,-0.11340934783220291,0.4761364161968231,0.15836423635482788,-0.12669135630130768,0.45990273356437683,0.5360184907913208,-0.08250351995229721,0.4210836887359619,0.42380350828170776,-0.10092294216156006,0.3937346339225769,0.35040003061294556,-0.11091264337301254,0.3694051206111908,0.2741492688655853,-0.12015490233898163
open_palm,Left,0.5516732931137085,0.8493906259536743,2.2048320502676688e-08,0.6558066010475159,0.8024812340736389,-0.04806521162390709,0.7601057887077332,0.7082157135009766,-0.085725799202919,0.84867262840271,0.6363188028335571,-0.12315848469734192,0.9272106885910034,0.5949255228042603,-0.16117708384990692,0.6619793176651001,0.5069934129714966,-0.05081353336572647,0.6993932127952576,0.3556177616119385,-0.08440733700990677,0.7210509181022644,0.26544228196144104,-0.10925716161727905,0.7388305068016052,0.17055964469909668,-0.12704092264175415,0.5909759402275085,0.4761412441730499,-0.0548543855547905,0.5994608402252197,0.32180702686309814,-0.08103877305984497,0.6041561961174011,0.22317847609519958,-0.10270006954669952,0.6060060858726501,0.12120714783668518,-0.12235507369041443,0.5285887122154236,0.4848187267780304,-0.06473269313573837,0.5105096697807312,0.33563438057899475,-0.09045503288507462,0.4987848997116089,0.23788809776306152,-0.10855237394571304,0.4903121888637543,0.14586839079856873,-0.12331398576498032,0.4739784598350525,0.5161310434341431,-0.08079340308904648,0.43679308891296387,0.4075363278388977,-0.09744440764188766,0.4109230935573578,0.33827659487724304,-0.10752042382955551,0.3888583779335022,0.26262181997299194,-0.11743482947349548
open_palm,Left,0.5598390102386475,0.8469385504722595,2.3302748175524357e-08,0.6629979014396667,0.7956874370574951,-0.046066537499427795,0.7588441371917725,0.7032527923583984,-0.08210118114948273,0.8401206135749817,0.634352445602417,-0.11721795797348022,0.9140926003456116,0.5956173539161682,-0.15266042947769165,0.655490517616272,0.5041365623474121,-0.050273992121219635,0.6873875260353088,0.3509145975112915,-0.07941889017820358,0.7077409029006958,0.2590392231941223,-0.10077779740095139,0.723750114440918,0.16791760921478271,-0.11642563343048096,0.5820220708847046,0.4762217402458191,-0.052924562245607376,0.5844374895095825,0.3171917200088501,-0.07470197230577469,0.5851352214813232,0.2135753631591797,-0.0925520583987236,0.5828922390937805,0.11415007710456848,-0.11008845269680023,0.517598032951355,0.49081742763519287,-0.06063457578420639,0.4987398087978363,0.3386227488517761,-0.08343134820461273,0.48692309856414795,0.2361316680908203,-0.09934409707784653,0.4772929549217224,0.1450308859348297,-0.11290706694126129,0.4621279239654541,0.5302836894989014,-0.0740170031785965,0.4194762408733368,0.4232216477394104,-0.08877544850111008,0.39038729667663574,0.3518255650997162,-0.09681577980518341,0.3654450476169586,0.2790982723236084,-0.10529829561710358
open_palm,Left,0.5585098266601562,0.9005005955696106,2.4092431161193417e-08,0.6648577451705933,0.858683705329895,-0.045933641493320465,0.7633589506149292,0.7667060494422913,-0.08154105395078659,0.8480173349380493,0.6915464997291565,-0.11606048792600632,0.9244449734687805,0.6479251384735107,-0.15023601055145264,0.6598135232925415,0.5422273278236389,-0.04609551280736923,0.6938142776489258,0.3827197551727295,-0.074588343501091,0.7150042057037354,0.291233092546463,-0.0949336364865303,0.7292280793190002,0.20315131545066833,-0.10902682691812515,0.5866086483001709,0.5117696523666382,-0.047350965440273285,0.5901994705200195,0.34886959195137024,-0.06661813706159592,0.5917665958404541,0.24408864974975586,-0.08310288190841675,0.5871700644493103,0.14516708254814148,-0.09948870539665222,0.5231035947799683,0.5260668396949768,-0.05404997989535332,0.5025539994239807,0.37012118101119995,-0.07483987510204315,0.4898763597011566,0.27429524064064026,-0.08894551545381546,0.4779709577560425,0.1895398497581482,-0.10074061155319214,0.46812576055526733,0.5645092725753784,-0.06676758080720901,0.4248073101043701,0.4542480707168579,-0.08035247027873993,0.3973100185394287,0.3810731768608093,-0.08728791028261185,0.3728003203868866,0.3064913749694824,-0.09450961649417877
open_palm,Left,0.5593360066413879,0.8902714848518372,2.400282816950039e-08,0.6638258099555969,0.8378022909164429,-0.04715695232152939,0.7605922222137451,0.7416114807128906,-0.08447191119194031,0.8393830060958862,0.662775456905365,-0.12113327533006668,0.9072626829147339,0.6114832162857056,-0.15859763324260712,0.6523504853248596,0.5521038174629211,-0.0527641586959362,0.6815415024757385,0.39336082339286804,-0.08601333200931549,0.7014164924621582,0.29846397042274475,-0.11040188372135162,0.7163337469100952,0.2021913230419159,-0.12788298726081848,0.5787155032157898,0.5261040329933167,-0.056619927287101746,0.5775641202926636,0.36265119910240173,-0.08276654779911041,0.5778332352638245,0.25482311844825745,-0.10433711856603622,0.5743385553359985,0.1493091583251953,-0.12427350133657455,0.5150920748710632,0.5400689244270325,-0.06575966626405716,0.4906333088874817,0.3850480318069458,-0.0925258919596672,0.4772372841835022,0.28104889392852783,-0.11128952354192734,0.46616387367248535,0.18606436252593994,-0.12644760310649872,0.4605070650577545,0.5769039988517761,-0.08072488754987717,0.41634613275527954,0.46989962458610535,-0.09809599816799164,0.38686513900756836,0.3991263508796692,-0.1077302023768425,0.36057403683662415,0.32566142082214355,-0.11732053756713867
open_palm,Left,0.5642030239105225,0.8391988277435303,2.3135166671295337e-08,0.6563317179679871,0.7521677017211914,-0.05446039140224457,0.719916820526123,0.6370195150375366,-0.09186935424804688,0.7627921104431152,0.5167303681373596,-0.12518426775932312,0.7908060550689697,0.4151685833930969,-0.15879672765731812,0.5631152987480164,0.5041314363479614,-0.058503758162260056,0.5449756979942322,0.35182851552963257,-0.09398288279771805,0.5360147356987,0.25072264671325684,-0.12080296128988266,0.5233941674232483,0.15478166937828064,-0.13950417935848236,0.4891340136528015,0.5173967480659485,-0.05696120113134384,0.4454430341720581,0.3795178532600403,-0.08955714106559753,0.4137342870235443,0.27937057614326477,-0.11605332046747208,0.3814854025840759,0.19263175129890442,-0.13860547542572021,0.434822678565979,0.5676999688148499,-0.06017626076936722,0.37591636180877686,0.4458947777748108,-0.09744761139154434,0.33243560791015625,0.36516404151916504,-0.11960583180189133,0.2976018488407135,0.2975228428840637,-0.13478538393974304,0.39644700288772583,0.6368343830108643,-0.0688583254814148,0.32915443181991577,0.573927104473114,-0.09394469857215881,0.28348591923713684,0.5398473739624023,-0.10544416308403015,0.24651765823364258,0.502417802810669,-0.11500032246112823
open_palm,Left,0.5565476417541504,0.8303146362304688,2.09677484264148e-08,0.6365026831626892,0.7269202470779419,-0.07388734817504883,0.6805359125137329,0.5952982306480408,-0.12368431687355042,0.7051039934158325,0.4781571924686432,-0.16833548247814178,0.7279006242752075,0.3897371292114258,-0.21453988552093506,0.5112524032592773,0.4927804172039032,-0.08332300186157227,0.47526872158050537,0.3546431064605713,-0.13184571266174316,0.4533066749572754,0.2604205012321472,-0.16715160012245178,0.42540380358695984,0.1742640733718872,-0.1912662386894226,0.44076400995254517,0.5226333141326904,-0.07943353056907654,0.37683019042015076,0.38440626859664917,-0.12287244945764542,0.3359478712081909,0.29900503158569336,-0.15796411037445068,0.2904336452484131,0.2213844656944275,-0.18540962040424347,0.3945675492286682,0.5797580480575562,-0.08335937559604645,0.3112243413925171,0.4711979925632477,-0.1281273365020752,0.25737497210502625,0.4011794924736023,-0.16309377551078796,0.2070527970790863,0.3345661759376526,-0.18682803213596344,0.3651997148990631,0.6607075929641724,-0.09435637295246124,0.28246521949768066,0.608964204788208,-0.12775520980358124,0.22230088710784912,0.5851467251777649,-0.15014111995697021,0.16604554653167725,0.558039665222168,-0.16766077280044556
open_palm,Left,0.5397127866744995,0.8814391493797302,1.6241326505905818e-08,0.6337702870368958,0.8037285804748535,-0.06789708882570267,0.7083176970481873,0.6876528263092041,-0.11712391674518585,0.7721377611160278,0.5889314413070679,-0.16182778775691986,0.8284894227981567,0.529723584651947,-0.20851053297519684,0.5736660361289978,0.4965933859348297,-0.0898716077208519,0.5838150382041931,0.33568209409713745,-0.13770084083080292,0.5862324237823486,0.23817682266235352,-0.17082366347312927,0.5815607905387878,0.14328533411026,-0.19170822203159332,0.4985872507095337,0.4941827952861786,-0.08558647334575653,0.46787112951278687,0.3320140838623047,-0.1199260875582695,0.4467136859893799,0.24141475558280945,-0.1472669541835785,0.4214653968811035,0.15828469395637512,-0.1720486879348755,0.4404193162918091,0.5301343202590942,-0.08806364983320236,0.38821250200271606,0.3886382579803467,-0.1187555268406868,0.3525462746620178,0.3031526505947113,-0.14923575520515442,0.3207165002822876,0.2245486080646515,-0.1745680570602417,0.39434099197387695,0.5934283137321472,-0.0974300429224968,0.32836204767227173,0.5110100507736206,-0.12057433277368546,0.2805778384208679,0.4641285538673401,-0.14123263955116272,0.23720389604568481,0.40963077545166016,-0.16103807091712952
open_palm,Left,0.5093610286712646,0.9007282257080078,1.8075835939157514e-08,0.6210031509399414,0.8654124736785889,-0.0561198927462101,0.7251616716384888,0.7748425602912903,-0.10082346200942993,0.8159973621368408,0.7085083723068237,-0.14230021834373474,0.889560341835022,0.6828799843788147,-0.18505430221557617,0.6353110671043396,0.5500631928443909,-0.0831812396645546,0.6800929307937622,0.39652562141418457,-0.12640556693077087,0.7050585746765137,0.2978214621543884,-0.1573232263326645,0.7224818468093872,0.19639703631401062,-0.17761164903640747,0.5607230067253113,0.5148296356201172,-0.08270429819822311,0.5709646344184875,0.3435794711112976,-0.1142328679561615,0.572848379611969,0.2341344654560089,-0.13964436948299408,0.5685742497444153,0.1321430802345276,-0.16368645429611206,0.49372854828834534,0.5202334523200989,-0.08684753626585007,0.47679585218429565,0.3556635081768036,-0.11248289048671722,0.46136680245399475,0.25471246242523193,-0.13668203353881836,0.4477054178714752,0.16387170553207397,-0.1584981083869934,0.4325050711631775,0.5532326698303223,-0.09724584221839905,0.3865426182746887,0.43230995535850525,-0.11483775079250336,0.3537377715110779,0.35679975152015686,-0.13016751408576965,0.32504385709762573,0.27801021933555603,-0.14654342830181122
open_palm,Left,0.4742604196071625,0.8904243111610413,1.7844401511979413e-08,0.5868045687675476,0.9004392027854919,-0.05566314607858658,0.705433189868927,0.867596447467804,-0.09988009929656982,0.8060714602470398,0.8486469984054565,-0.14226034283638,0.8877419829368591,0.8511550426483154,-0.18693596124649048,0.6693275570869446,0.6152462363243103,-0.07390464842319489,0.7467437982559204,0.48252394795417786,-0.11594541370868683,0.7924447059631348,0.40089109539985657,-0.14771929383277893,0.8294786214828491,0.3160547614097595,-0.16991020739078522,0.6065855026245117,0.5458328723907471,-0.07707759737968445,0.6621060371398926,0.38623249530792236,-0.1096658781170845,0.6922240257263184,0.2801012396812439,-0.13886108994483948,0.7157212495803833,0.1795327365398407,-0.1655111014842987,0.5426754951477051,0.5160022974014282,-0.08554350584745407,0.5715324282646179,0.35131940245628357,-0.11470020562410355,0.5855485796928406,0.24378842115402222,-0.14222753047943115,0.5993648767471313,0.1477161943912506,-0.1658351868391037,0.47824937105178833,0.5140134692192078,-0.10042446106672287,0.4718286395072937,0.38000643253326416,-0.12217316031455994,0.4654703736305237,0.29918548464775085,-0.13914857804775238,0.46330493688583374,0.218791663646698,-0.15587614476680756
open_palm,Left,0.4880608320236206,0.8669803142547607,2.392617481916659e-08,0.5925407409667969,0.8618150949478149,-0.05279915779829025,0.6993613243103027,0.8157947659492493,-0.09195242822170258,0.7884390354156494,0.7788376808166504,-0.12852680683135986,0.8647497892379761,0.7584756016731262,-0.16631659865379333,0.6488909125328064,0.5819064378738403,-0.06487508863210678,0.7160539031028748,0.4308644235134125,-0.10099171847105026,0.7546288967132568,0.3432198762893677,-0.12862831354141235,0.7874653339385986,0.2569153904914856,-0.14987367391586304,0.5860188007354736,0.5211936235427856,-0.0668603852391243,0.6252954602241516,0.3709568679332733,-0.10040419548749924,0.6523191332817078,0.26419389247894287,-0.12857364118099213,0.6733181476593018,0.1623493731021881,-0.15290674567222595,0.5215268135070801,0.5051785707473755,-0.07327765971422195,0.5331212282180786,0.3561384677886963,-0.10751427710056305,0.5430206060409546,0.2515614628791809,-0.13158884644508362,0.5529149770736694,0.1601375937461853,-0.1497112512588501,0.4604122042655945,0.5180831551551819,-0.08521575480699539,0.4440786838531494,0.40032315254211426,-0.11024534702301025,0.43479281663894653,0.32376351952552795,-0.12473031878471375,0.4294438660144806,0.2491391897201538,-0.1370134949684143
open_palm,Left,0.4881608486175537,0.8260691165924072,2.3779254121336635e-08,0.5804739594459534,0.8073704838752747,-0.05968686193227768,0.671895444393158,0.7356184720993042,-0.10882123559713364,0.7497032880783081,0.6626227498054504,-0.15195709466934204,0.8108137845993042,0.6042499542236328,-0.19687995314598083,0.5727131962776184,0.5315379500389099,-0.10782641172409058,0.6010417938232422,0.36540770530700684,-0.15820489823818207,0.6179878115653992,0.26779648661613464,-0.19239766895771027,0.631753146648407,0.17524376511573792,-0.2174219787120819,0.4984670877456665,0.5008952617645264,-0.10813301801681519,0.4955199956893921,0.34297406673431396,-0.15897397696971893,0.4929529130458832,0.2325017750263214,-0.19104701280593872,0.48918622732162476,0.1335049271583557,-0.21868985891342163,0.4336085915565491,0.5198207497596741,-0.1103009507060051,0.40730100870132446,0.3731826841831207,-0.16089028120040894,0.38459858298301697,0.2773677706718445,-0.18463361263275146,0.3684939444065094,0.19953083992004395,-0.2019101232290268,0.38108396530151367,0.5655183792114258,-0.11723499745130539,0.3271292448043823,0.4719918668270111,-0.15363162755966187,0.2885155975818634,0.4081239402294159,-0.16896529495716095,0.26048630475997925,0.3439909517765045,-0.18186816573143005
open_palm,Left,0.4995388686656952,0.8275777697563171,2.534554255362309e-08,0.5867918729782104,0.7583272457122803,-0.069403275847435,0.6540475487709045,0.665077269077301,-0.12295574694871902,0.7064553499221802,0.5720487236976624,-0.16976092755794525,0.749083936214447,0.4927026927471161,-0.21826809644699097,0.5022004842758179,0.5066694617271423,-0.10417111963033676,0.49023982882499695,0.33242738246917725,-0.1542229950428009,0.48519253730773926,0.22203776240348816,-0.1907830685377121,0.47618961334228516,0.1212109625339508,-0.2168228179216385,0.4252806007862091,0.5162608623504639,-0.10071401298046112,0.3788641095161438,0.35425594449043274,-0.14652350544929504,0.34597498178482056,0.2400534451007843,-0.18110854923725128,0.31344419717788696,0.14290183782577515,-0.2113218903541565,0.36925238370895386,0.564289927482605,-0.10090356320142746,0.30264824628829956,0.4336559772491455,-0.14727556705474854,0.2523047626018524,0.33892443776130676,-0.17800173163414001,0.2135268747806549,0.2614256739616394,-0.20127874612808228,0.32982879877090454,0.6371431350708008,-0.1071445494890213,0.26064300537109375,0.5707376599311829,-0.14047615230083466,0.21169939637184143,0.5376636981964111,-0.15798643231391907,0.17297327518463135,0.5065582990646362,-0.17358297109603882
open_palm,Left,0.5229947566986084,0.8330718874931335,2.0947654277847505e-08,0.5912284255027771,0.7234666347503662,-0.08912830799818039,0.6215951442718506,0.5906258225440979,-0.14608734846115112,0.5989934802055359,0.5149365067481995,-0.19462579488754272,0.5538243055343628,0.513050377368927,-0.24362459778785706,0.45471835136413574,0.4677378237247467,-0.1072365939617157,0.4125601649284363,0.32776907086372375,-0.16837239265441895,0.3880918323993683,0.23635289072990417,-0.21165071427822113,0.35837075114250183,0.15507295727729797,-0.23999884724617004,0.38464677333831787,0.5083706378936768,-0.09929200261831284,0.3162185549736023,0.3674470782279968,-0.15544991195201874,0.27479344606399536,0.2888648808002472,-0.197774276137352,0.2310112565755844,0.2121201455593109,-0.2290107160806656,0.34084030985832214,0.5699793696403503,-0.10030020773410797,0.24905100464820862,0.4635051190853119,-0.15680284798145294,0.18641653656959534,0.3918305039405823,-0.19909320771694183,0.13271820545196533,0.3261375427246094,-0.22655603289604187,0.3144358694553375,0.6560056209564209,-0.10992656648159027,0.22599215805530548,0.601794421672821,-0.15110307931900024,0.16072961688041687,0.5789183378219604,-0.17866173386573792,0.10347148776054382,0.555851936340332,-0.199773907661438
open_palm,Left,0.5118128657341003,0.8265883922576904,6.713779310274504e-09,0.5856215953826904,0.7350815534591675,-0.0897609144449234,0.6312013864517212,0.607393741607666,-0.14388079941272736,0.6194795370101929,0.5242725014686584,-0.18702425062656403,0.5785453915596008,0.5231835246086121,-0.23088166117668152,0.4904073178768158,0.4596219062805176,-0.11541689187288284,0.4608612060546875,0.32097411155700684,-0.17051225900650024,0.4290904700756073,0.24347832798957825,-0.20804572105407715,0.3949098289012909,0.18088862299919128,-0.23309557139873505,0.41965335607528687,0.49412885308265686,-0.10197210311889648,0.3608303368091583,0.3580404818058014,-0.15207600593566895,0.31671127676963806,0.2881971299648285,-0.19001364707946777,0.27136844396591187,0.22444143891334534,-0.2189057618379593,0.36963024735450745,0.547722578048706,-0.09614615142345428,0.3012884855270386,0.4345148205757141,-0.14781691133975983,0.2501843571662903,0.36540132761001587,-0.19026640057563782,0.2073238492012024,0.3023490011692047,-0.21837608516216278,0.33450135588645935,0.6224702596664429,-0.09786611795425415,0.26494300365448,0.5536171793937683,-0.14037621021270752,0.21337638795375824,0.5171633362770081,-0.17239010334014893,0.1696893274784088,0.47718825936317444,-0.1960248202085495
open_palm,Left,0.5106291770935059,0.8360035419464111,5.392473578780255e-09,0.5951625108718872,0.7539158463478088,-0.061826299875974655,0.6528992652893066,0.634787380695343,-0.09742352366447449,0.6522455215454102,0.5229819416999817,-0.12730342149734497,0.6154834032058716,0.4625866413116455,-0.1557520627975464,0.5274818539619446,0.46263250708580017,-0.056772515177726746,0.5229326486587524,0.32715028524398804,-0.08971145749092102,0.5089229345321655,0.25392910838127136,-0.1121593564748764,0.4910528063774109,0.19617843627929688,-0.12640132009983063,0.45627057552337646,0.47116872668266296,-0.04934488609433174,0.4265972375869751,0.3348316550254822,-0.07881327718496323,0.40149757266044617,0.2635958790779114,-0.1039871796965599,0.3742000162601471,0.20450246334075928,-0.12215502560138702,0.4020286202430725,0.5084343552589417,-0.0490630604326725,0.3616180121898651,0.3863995671272278,-0.08088422566652298,0.3302069306373596,0.3182930052280426,-0.10813150554895401,0.3042585253715515,0.2642761468887329,-0.12550845742225647,0.35803139209747314,0.5725321173667908,-0.05506419390439987,0.3065464496612549,0.4930228292942047,-0.07983535528182983,0.2626771032810211,0.4426533281803131,-0.09987451881170273,0.22502654790878296,0.39332669973373413,-0.11427173018455505
open_palm,Left,0.5102816820144653,0.8258460760116577,9.967049408032835e-09,0.5991283059120178,0.7561300992965698,-0.07126859575510025,0.6635903716087341,0.6544573903083801,-0.11926735937595367,0.690741777420044,0.5493041276931763,-0.15991568565368652,0.705077052116394,0.456752210855484,-0.20093749463558197,0.5368790626525879,0.47219452261924744,-0.09128674119710922,0.5372198224067688,0.3175663650035858,-0.1350822150707245,0.5346503853797913,0.22529134154319763,-0.16427113115787506,0.5269585251808167,0.1385081708431244,-0.18409977853298187,0.4686121940612793,0.4739643931388855,-0.08258270472288132,0.43978866934776306,0.31977522373199463,-0.12408693134784698,0.4217570126056671,0.2350907027721405,-0.1534670889377594,0.3975202441215515,0.14848420023918152,-0.17514348030090332,0.41608738899230957,0.5089391469955444,-0.07977340370416641,0.3686116337776184,0.37630075216293335,-0.12093861401081085,0.33352145552635193,0.29083162546157837,-0.152211531996727,0.3013712167739868,0.20968803763389587,-0.1728193461894989,0.3738848865032196,0.5742083787918091,-0.08284058421850204,0.3111723065376282,0.4839318096637726,-0.11510065943002701,0.26510995626449585,0.42846783995628357,-0.13766877353191376,0.22428664565086365,0.37024080753326416,-0.15437529981136322
open_palm,Left,0.5251767039299011,0.7943868637084961,1.5175221079744006e-08,0.6148485541343689,0.7306308746337891,-0.06246697157621384,0.6864098310470581,0.628173828125,-0.11120262742042542,0.7409610152244568,0.5410792827606201,-0.15582387149333954,0.7890883684158325,0.4701363146305084,-0.20208747684955597,0.5655546188354492,0.45273423194885254,-0.08813410252332687,0.5693375468254089,0.30008286237716675,-0.13234172761440277,0.5699707269668579,0.20810604095458984,-0.16287299990653992,0.564575731754303,0.12048009037971497,-0.18417537212371826,0.49679815769195557,0.45374539494514465,-0.08691801875829697,0.4703325629234314,0.30241602659225464,-0.12606878578662872,0.4521823227405548,0.21828439831733704,-0.15488861501216888,0.4282727837562561,0.1339956820011139,-0.17844049632549286,0.44231051206588745,0.48830482363700867,-0.09101952612400055,0.39495253562927246,0.3545833230018616,-0.1290864795446396,0.36350128054618835,0.26797735691070557,-0.15970870852470398,0.3338124752044678,0.18736431002616882,-0.1822974532842636,0.3971167802810669,0.5495555400848389,-0.10061032325029373,0.3325221538543701,0.46519607305526733,-0.12955254316329956,0.2859684228897095,0.41573265194892883,-0.15050488710403442,0.24252226948738098,0.3609577417373657,-0.16811048984527588
open_palm,Left,0.5111554265022278,0.8388108015060425,2.262622444959561e-08,0.6070324182510376,0.776099681854248,-0.05341840907931328,0.6897315382957458,0.6652844548225403,-0.09535522013902664,0.7579635381698608,0.5741101503372192,-0.13506169617176056,0.8160277009010315,0.5173306465148926,-0.175357848405838,0.5704793930053711,0.49618494510650635,-0.06480289995670319,0.5807673335075378,0.34265702962875366,-0.10240960121154785,0.5860299468040466,0.2473912239074707,-0.12935633957386017,0.5858706831932068,0.15272650122642517,-0.14766812324523926,0.5003044009208679,0.4865770637989044,-0.06535962224006653,0.48591098189353943,0.33805376291275024,-0.0933290645480156,0.4737620949745178,0.24269773066043854,-0.11570138484239578,0.45540979504585266,0.15075331926345825,-0.13585057854652405,0.44285067915916443,0.512812614440918,-0.0715545192360878,0.40607762336730957,0.37421512603759766,-0.09814713150262833,0.3801266551017761,0.2872980833053589,-0.11860431730747223,0.35556405782699585,0.20835980772972107,-0.13524481654167175,0.3936808109283447,0.5587198734283447,-0.08397750556468964,0.33967769145965576,0.4696509540081024,-0.10248473286628723,0.30106669664382935,0.41201648116111755,-0.11456312239170074,0.26530271768569946,0.34806376695632935,-0.12616099417209625
open_palm,Left,0.5044668912887573,0.870929479598999,1.4948877691267626e-08,0.6108523607254028,0.8452283143997192,-0.05616304278373718,0.7106434106826782,0.7653545141220093,-0.09493134915828705,0.7932151556015015,0.6930298209190369,-0.13039715588092804,0.8569509983062744,0.6482943892478943,-0.16656805574893951,0.6377730965614319,0.5458464622497559,-0.0618228055536747,0.6813201904296875,0.40087658166885376,-0.09666173160076141,0.70501708984375,0.30993732810020447,-0.12173812836408615,0.7220767736434937,0.22139418125152588,-0.13828794658184052,0.570279598236084,0.5053485035896301,-0.059303008019924164,0.5861538052558899,0.33657145500183105,-0.08436189591884613,0.5914103984832764,0.22627785801887512,-0.1076536625623703,0.592228889465332,0.1277349889278412,-0.1290540099143982,0.5083181858062744,0.5039817094802856,-0.06274223327636719,0.5019903779029846,0.34220409393310547,-0.0869947224855423,0.4953048825263977,0.24284225702285767,-0.10906899720430374,0.4901570677757263,0.15707558393478394,-0.12729837000370026,0.4494832456111908,0.5279555916786194,-0.07269628345966339,0.42021444439888,0.407894492149353,-0.090667225420475,0.4019586741924286,0.33648765087127686,-0.10448877513408661,0.38754743337631226,0.26608550548553467,-0.1175047755241394
open_palm,Left,0.513290524482727,0.8638946413993835,1.9915036730822067e-08,0.6139053702354431,0.8343961834907532,-0.046484630554914474,0.7107086181640625,0.7670392990112305,-0.08194809406995773,0.7855100631713867,0.6969372630119324,-0.11661277711391449,0.8479703068733215,0.6422470808029175,-0.15190505981445312,0.6387461423873901,0.5529031753540039,-0.0507565401494503,0.686228334903717,0.4043676257133484,-0.08318183571100235,0.7124009132385254,0.3141857087612152,-0.10624316334724426,0.7347394227981567,0.2225252091884613,-0.12282814830541611,0.5726050138473511,0.5090245008468628,-0.05403495952486992,0.5911259651184082,0.3506399095058441,-0.08206016570329666,0.6010522842407227,0.24970608949661255,-0.10299839824438095,0.6076235175132751,0.15350493788719177,-0.12095589190721512,0.5121159553527832,0.5078206658363342,-0.06249520927667618,0.5075592994689941,0.3535698354244232,-0.09159266203641891,0.5048360824584961,0.2573722302913666,-0.10905414819717407,0.5029789805412292,0.17168748378753662,-0.1218060553073883,0.4570797383785248,0.5311088562011719,-0.07663789391517639,0.4291040301322937,0.4184896945953369,-0.09645002335309982,0.4119875431060791,0.34517574310302734,-0.10694573074579239,0.39857059717178345,0.2693329155445099,-0.11583656817674637
open_palm,Left,0.5077054500579834,0.8425205945968628,2.292578926699207e-08,0.5976482629776001,0.8041120767593384,-0.0582386776804924,0.6826740503311157,0.7181749939918518,-0.10245145857334137,0.7448787689208984,0.631094217300415,-0.1422450691461563,0.7935274839401245,0.5604076385498047,-0.18270260095596313,0.5842249989509583,0.5325379371643066,-0.08491135388612747,0.6058885455131531,0.3730863630771637,-0.1288203001022339,0.6187903881072998,0.2758511006832123,-0.1592329442501068,0.6276708841323853,0.1827501356601715,-0.18095310032367706,0.5159581303596497,0.5066816806793213,-0.08406105637550354,0.5120059847831726,0.35462331771850586,-0.1277073472738266,0.5060931444168091,0.2540774345397949,-0.15682396292686462,0.4959852993488312,0.15489348769187927,-0.1798112392425537,0.4572221040725708,0.5201990604400635,-0.08705511689186096,0.43088555335998535,0.3781704604625702,-0.12845268845558167,0.4087929129600525,0.2899974286556244,-0.1513185203075409,0.39083153009414673,0.20954632759094238,-0.16720055043697357,0.4065566062927246,0.559064507484436,-0.09539981186389923,0.35944533348083496,0.4565509259700775,-0.12358344346284866,0.3242049813270569,0.3875028192996979,-0.1379244327545166,0.29534220695495605,0.31808724999427795,-0.14967171847820282
open_palm,Left,0.5046592354774475,0.8418801426887512,2.2693622980796135e-08,0.5909289717674255,0.7785826921463013,-0.06978923082351685,0.6605783700942993,0.6767947673797607,-0.11874209344387054,0.7046107053756714,0.574380099773407,-0.16098295152187347,0.736138641834259,0.4899305999279022,-0.2030789703130722,0.5330586433410645,0.5158014893531799,-0.09116308391094208,0.5325033068656921,0.3552224338054657,-0.13763698935508728,0.53271484375,0.2523975968360901,-0.1691535860300064,0.5265660881996155,0.15630534291267395,-0.19074589014053345,0.46087324619293213,0.5094414353370667,-0.08554868400096893,0.43716686964035034,0.35710805654525757,-0.13235808908939362,0.4190290570259094,0.2557409107685089,-0.163379967212677,0.39498651027679443,0.16295096278190613,-0.18635623157024384,0.4049462080001831,0.5400604009628296,-0.08525463938713074,0.3583577275276184,0.40522322058677673,-0.1310092955827713,0.32552409172058105,0.31402620673179626,-0.15857693552970886,0.29599839448928833,0.2325575053691864,-0.17599308490753174,0.359316885471344,0.595996618270874,-0.09112252295017242,0.30239254236221313,0.5036958456039429,-0.1232515200972557,0.25933948159217834,0.43680232763290405,-0.14196723699569702,0.22056397795677185,0.3710361421108246,-0.156027689576149
open_palm,Left,0.5035224556922913,0.8556581735610962,1.7179074163209407e-08,0.5941611528396606,0.7889571189880371,-0.06408464908599854,0.6657903790473938,0.6772345900535583,-0.10908403992652893,0.709928035736084,0.5692341923713684,-0.149088054895401,0.7494996786117554,0.4871460497379303,-0.18979871273040771,0.5434456467628479,0.5005830526351929,-0.08117210119962692,0.5479441285133362,0.33421236276626587,-0.12227867543697357,0.5456861853599548,0.23500442504882812,-0.14969338476657867,0.5374519228935242,0.14139065146446228,-0.16823789477348328,0.4706445634365082,0.49860426783561707,-0.07652562856674194,0.4465150237083435,0.33814263343811035,-0.11260449141263962,0.427205890417099,0.2422839105129242,-0.1377115547657013,0.40310895442962646,0.1526673138141632,-0.15755753219127655,0.4141978919506073,0.5297596454620361,-0.07756134122610092,0.3692881464958191,0.39190080761909485,-0.11295166611671448,0.33784380555152893,0.30195021629333496,-0.1382485181093216,0.30939623713493347,0.22171863913536072,-0.1555139720439911,0.3677211403846741,0.5850489735603333,-0.08480890095233917,0.3103749752044678,0.49658524990081787,-0.1111542284488678,0.2678132951259613,0.43540096282958984,-0.12868022918701172,0.22901132702827454,0.3713896870613098,-0.14222125709056854
open_palm,Left,0.5085707306861877,0.8563501834869385,1.6135425440211293e-08,0.5997284054756165,0.7974824905395508,-0.058577895164489746,0.676941990852356,0.69305419921875,-0.10261902958154678,0.7305201888084412,0.5907483100891113,-0.1428239643573761,0.7766764163970947,0.5139555335044861,-0.18447312712669373,0.5708093643188477,0.4992670714855194,-0.07811985164880753,0.5845975875854492,0.3378869593143463,-0.11825764179229736,0.5875821113586426,0.2417251467704773,-0.14532236754894257,0.58482825756073,0.15002283453941345,-0.16374093294143677,0.49769654870033264,0.4868934750556946,-0.07670024782419205,0.4830390214920044,0.32098090648651123,-0.10990475863218307,0.47060906887054443,0.22365045547485352,-0.13470984995365143,0.45401519536972046,0.1323825716972351,-0.15522754192352295,0.4383625090122223,0.5110369920730591,-0.08052776753902435,0.4019138216972351,0.36152514815330505,-0.11261582374572754,0.37605082988739014,0.26611077785491943,-0.13811464607715607,0.3522475063800812,0.17913448810577393,-0.15714062750339508,0.38780367374420166,0.5632765889167786,-0.08995498716831207,0.3354138433933258,0.460845947265625,-0.11466043442487717,0.29723262786865234,0.3945602476596832,-0.13191604614257812,0.26233774423599243,0.3242065906524658,-0.14637501537799835
open_palm,Left,0.5081753730773926,0.8631465435028076,1.4398217729194585e-08,0.6079121828079224,0.828120768070221,-0.054189469665288925,0.7028180360794067,0.7380120158195496,-0.09565845131874084,0.7788533568382263,0.6583631038665771,-0.1339513510465622,0.8462874889373779,0.610004186630249,-0.17368458211421967,0.6295750141143799,0.5255888104438782,-0.0761658102273941,0.6701193451881409,0.3708592653274536,-0.11525525152683258,0.6911783218383789,0.27814802527427673,-0.14179103076457977,0.7059454917907715,0.1870996356010437,-0.15969999134540558,0.5603523850440979,0.4916665852069855,-0.07616157829761505,0.5717774629592896,0.32041722536087036,-0.10652704536914825,0.5741650462150574,0.2163611352443695,-0.13009893894195557,0.5720229744911194,0.12036857008934021,-0.15122446417808533,0.4983616769313812,0.49773234128952026,-0.08092264831066132,0.487100213766098,0.33734196424484253,-0.10923629254102707,0.47654420137405396,0.235927551984787,-0.1326879858970642,0.46748700737953186,0.14799216389656067,-0.15176482498645782,0.44087210297584534,0.5300375819206238,-0.09132640063762665,0.4076552391052246,0.4165290594100952,-0.11232703924179077,0.38236141204833984,0.342915415763855,-0.1277310997247696,0.3605319857597351,0.2672823667526245,-0.14194828271865845
open_palm,Left,0.5167064666748047,0.8471779823303223,1.7029565313464445e-08,0.6145322918891907,0.8351501226425171,-0.04992085322737694,0.7166396975517273,0.7802612781524658,-0.09181789308786392,0.7965149879455566,0.72447270154953,-0.13054944574832916,0.8635648488998413,0.6888364553451538,-0.1703941971063614,0.66341233253479,0.5681979656219482,-0.08014305680990219,0.7211111783981323,0.4188108444213867,-0.12072974443435669,0.755675196647644,0.3272770941257477,-0.1477130949497223,0.7841919660568237,0.2358904480934143,-0.1668531894683838,0.5989055633544922,0.5162052512168884,-0.08255541324615479,0.6337338089942932,0.36181896924972534,-0.11702434718608856,0.6546796560287476,0.2572976350784302,-0.14041075110435486,0.6702045798301697,0.1550614833831787,-0.16119198501110077,0.5374282598495483,0.5047170519828796,-0.08839421719312668,0.5455094575881958,0.3536504805088043,-0.11923643946647644,0.5489572286605835,0.25197622179985046,-0.13892275094985962,0.5529512763023376,0.16064944863319397,-0.15510158240795135,0.4779421091079712,0.5191001892089844,-0.09937859326601028,0.45881128311157227,0.39695504307746887,-0.12195024639368057,0.4446488320827484,0.315001904964447,-0.13553455471992493,0.43458127975463867,0.23155134916305542,-0.14800243079662323
open_palm,Left,0.5099912881851196,0.8429167866706848,2.1806418004644e-08,0.6042426228523254,0.8204526901245117,-0.05879431590437889,0.6991203427314758,0.755535364151001,-0.10194369405508041,0.7716869711875916,0.6850342750549316,-0.14025656878948212,0.8295606374740601,0.6282298564910889,-0.17893902957439423,0.6290256381034851,0.5474060773849487,-0.08128300309181213,0.6772699952125549,0.3911258578300476,-0.12205320596694946,0.7048808932304382,0.29861125349998474,-0.14988164603710175,0.7258247137069702,0.21048793196678162,-0.17005908489227295,0.5653710961341858,0.5011996030807495,-0.07901927083730698,0.5861145257949829,0.34420764446258545,-0.11900156736373901,0.597079873085022,0.23570436239242554,-0.1476718783378601,0.6023146510124207,0.1325082778930664,-0.17049141228199005,0.5059947371482849,0.49758732318878174,-0.08066754788160324,0.4998162090778351,0.3499845266342163,-0.11982642114162445,0.49698519706726074,0.2503622770309448,-0.14466175436973572,0.4959384799003601,0.16286855936050415,-0.16166046261787415,0.45124757289886475,0.520108699798584,-0.08762820065021515,0.4232524037361145,0.4075724482536316,-0.11533099412918091,0.404313862323761,0.32763028144836426,-0.1314111351966858,0.39004239439964294,0.24987080693244934,-0.1440356820821762
open_palm,Left,0.5024847388267517,0.8397852778434753,2.141374721986722e-08,0.5906471610069275,0.7923085689544678,-0.06936649978160858,0.6666303873062134,0.7028002738952637,-0.12127069383859634,0.7191003561019897,0.6043694019317627,-0.1651516705751419,0.7594120502471924,0.5215725898742676,-0.20936118066310883,0.554975152015686,0.516520082950592,-0.11431493610143661,0.5705901980400085,0.34986379742622375,-0.16646870970726013,0.5768458247184753,0.25105980038642883,-0.20011456310749054,0.5798904895782471,0.15900880098342896,-0.2236645370721817,0.4828977584838867,0.5000669956207275,-0.10941929370164871,0.4704461991786957,0.3382158577442169,-0.16403347253799438,0.45664235949516296,0.23242905735969543,-0.19706089794635773,0.44178110361099243,0.13334530591964722,-0.22244733572006226,0.42436614632606506,0.5262979865074158,-0.10768727213144302,0.3896549642086029,0.3828156888484955,-0.15992510318756104,0.3591797351837158,0.2929767966270447,-0.18620695173740387,0.33610740303993225,0.21352294087409973,-0.20305220782756805,0.3766136169433594,0.5774060487747192,-0.11129550635814667,0.3267420530319214,0.4744143486022949,-0.1488322615623474,0.2900886535644531,0.40797093510627747,-0.1673894077539444,0.26146623492240906,0.34416013956069946,-0.18140648305416107
open_palm,Left,0.50407874584198,0.8366924524307251,2.0907309661311047e-08,0.5849802494049072,0.7557613849639893,-0.07795123755931854,0.6369847655296326,0.6473467946052551,-0.13251115381717682,0.6663118600845337,0.5384258031845093,-0.1784590780735016,0.6957894563674927,0.44738611578941345,-0.22481098771095276,0.48424747586250305,0.503213107585907,-0.11085236817598343,0.46191155910491943,0.3345996141433716,-0.16164487600326538,0.4476870596408844,0.23098841309547424,-0.194503515958786,0.42825302481651306,0.14106866717338562,-0.2165840119123459,0.41044068336486816,0.5186402201652527,-0.10159282386302948,0.355815589427948,0.3512471616268158,-0.1526746302843094,0.3172481954097748,0.24828770756721497,-0.1849328726530075,0.2777009606361389,0.16001227498054504,-0.2085883766412735,0.35910969972610474,0.5660174489021301,-0.0970025435090065,0.288682222366333,0.4354010224342346,-0.1459829956293106,0.24005845189094543,0.35290199518203735,-0.173683300614357,0.19922763109207153,0.27989810705184937,-0.1906125843524933,0.3242054581642151,0.6373626589775085,-0.0989152193069458,0.25446948409080505,0.5574373006820679,-0.13303865492343903,0.20703545212745667,0.5135888457298279,-0.15061697363853455,0.16616886854171753,0.47074049711227417,-0.16350999474525452
open_palm,Left,0.4909627139568329,0.8494269847869873,1.5372251027656603e-08,0.5795702934265137,0.7852133512496948,-0.07365713268518448,0.6483066082000732,0.6755870580673218,-0.12656916677951813,0.6967856287956238,0.5742090940475464,-0.17287451028823853,0.7397435903549194,0.4939090609550476,-0.22210337221622467,0.5226006507873535,0.4945851266384125,-0.1099318414926529,0.5278480052947998,0.3279353082180023,-0.16254311800003052,0.5243113040924072,0.22737354040145874,-0.19853514432907104,0.5132861733436584,0.12961363792419434,-0.22304381430149078,0.4471876919269562,0.49505460262298584,-0.1046503484249115,0.41820842027664185,0.3312643766403198,-0.15081745386123657,0.39668795466423035,0.231998473405838,-0.18442390859127045,0.3705848753452301,0.1375884711742401,-0.21216869354248047,0.3892701268196106,0.5304393172264099,-0.10472169518470764,0.3405993580818176,0.38738328218460083,-0.14905238151550293,0.3059349060058594,0.2948800325393677,-0.1850070059299469,0.27399951219558716,0.20590999722480774,-0.21121756732463837,0.34426167607307434,0.5915743112564087,-0.11084401607513428,0.2845441401004791,0.4961594343185425,-0.14696815609931946,0.242219477891922,0.43786290287971497,-0.17298631370067596,0.20355592668056488,0.37292033433914185,-0.19405123591423035
open_palm,Left,0.4926826059818268,0.8699476718902588,1.4880017218388275e-08,0.5914131999015808,0.8321276903152466,-0.05850447341799736,0.6853216290473938,0.7384645938873291,-0.10607565194368362,0.7600951194763184,0.6553819179534912,-0.14992593228816986,0.8234747648239136,0.6020271182060242,-0.1957235336303711,0.6062630414962769,0.5286052823066711,-0.09546182304620743,0.6476479768753052,0.3718046545982361,-0.14310668408870697,0.6651434898376465,0.27076292037963867,-0.1756259799003601,0.6747456192970276,0.17007768154144287,-0.19761371612548828,0.5360327363014221,0.49632740020751953,-0.09625334292650223,0.5490068793296814,0.32874494791030884,-0.13644424080848694,0.5490213632583618,0.22450008988380432,-0.16491279006004333,0.5407783389091492,0.12834852933883667,-0.18970277905464172,0.4718434810638428,0.5019245147705078,-0.1008809357881546,0.45663726329803467,0.3468030095100403,-0.1361120343208313,0.44126424193382263,0.24891528487205505,-0.16403847932815552,0.42450112104415894,0.16236725449562073,-0.18672576546669006,0.41206496953964233,0.5337430834770203,-0.11110880225896835,0.3723028898239136,0.4199792444705963,-0.13825027644634247,0.34315282106399536,0.3467977046966553,-0.157810777425766,0.3148200809955597,0.27119770646095276,-0.17577284574508667
open_palm,Left,0.4984848201274872,0.8788661956787109,1.613060973681968e-08,0.6028966903686523,0.8693796396255493,-0.04393569007515907,0.7068897485733032,0.8169001340866089,-0.07822082936763763,0.7914105653762817,0.762145459651947,-0.11057791858911514,0.8674383163452148,0.7339054346084595,-0.1432189792394638,0.6628290414810181,0.5835633277893066,-0.05667883902788162,0.7290903329849243,0.4383006691932678,-0.0862492248415947,0.7662010192871094,0.3494170904159546,-0.1058436706662178,0.7960920333862305,0.2594801187515259,-0.11961844563484192,0.6000263690948486,0.5221225023269653,-0.05812365189194679,0.6414129734039307,0.3601836562156677,-0.07937086373567581,0.6622568964958191,0.2549099624156952,-0.09562180936336517,0.6771270632743835,0.15600091218948364,-0.11171982437372208,0.5382909178733826,0.5034735202789307,-0.06360498815774918,0.5518646836280823,0.34613707661628723,-0.08430666476488113,0.5582869052886963,0.2454928755760193,-0.09985209256410599,0.5643225312232971,0.15640157461166382,-0.11330657452344894,0.476692795753479,0.5113517045974731,-0.07430493831634521,0.4606665372848511,0.38983458280563354,-0.08861076086759567,0.4484175145626068,0.311678946018219,-0.09831174463033676,0.4401834309101105,0.2320300042629242,-0.10793312638998032
open_palm,Left,0.4970032572746277,0.8613635897636414,2.0336129225029254e-08,0.598267138004303,0.8572449684143066,-0.04930542781949043,0.7038661241531372,0.8102207183837891,-0.08769910782575607,0.7879927754402161,0.7625654935836792,-0.12377338111400604,0.8611558079719543,0.7340521812438965,-0.16118882596492767,0.6612740159034729,0.5851253867149353,-0.07161454111337662,0.7323252558708191,0.4387139678001404,-0.1076749861240387,0.7705084681510925,0.35279878973960876,-0.13222771883010864,0.8038589954376221,0.2654564380645752,-0.15075433254241943,0.6001362204551697,0.5218484401702881,-0.07371370494365692,0.6406601667404175,0.36501312255859375,-0.10737499594688416,0.6625431776046753,0.26671651005744934,-0.13063910603523254,0.6795386672019958,0.17039722204208374,-0.1503310650587082,0.5386237502098083,0.5028119087219238,-0.07925824820995331,0.5511530637741089,0.3500649929046631,-0.11300968378782272,0.5588557720184326,0.2516644299030304,-0.13434046506881714,0.5658248066902161,0.16413253545761108,-0.14963428676128387,0.4800646901130676,0.5121005177497864,-0.08968035876750946,0.4643908739089966,0.39414721727371216,-0.11382155120372772,0.4536638855934143,0.3156091868877411,-0.12725989520549774,0.44558751583099365,0.23610171675682068,-0.1380930244922638
open_palm,Left,0.48471367359161377,0.8416446447372437,2.3310787966579483e-08,0.5803052186965942,0.8130733966827393,-0.05904722958803177,0.6597452163696289,0.7255655527114868,-0.10654286295175552,0.722486674785614,0.634490966796875,-0.14819559454917908,0.7789902687072754,0.5485212206840515,-0.19286730885505676,0.5660086274147034,0.5278205871582031,-0.10384460538625717,0.5874308943748474,0.3551236689090729,-0.1536465883255005,0.6004244685173035,0.2536405026912689,-0.18754786252975464,0.610249400138855,0.15720757842063904,-0.21209777891635895,0.4920003414154053,0.5071139931678772,-0.10463106632232666,0.47754642367362976,0.3345164954662323,-0.15507857501506805,0.4681410789489746,0.22257521748542786,-0.1869705319404602,0.4588428735733032,0.12951582670211792,-0.21386991441249847,0.42926305532455444,0.5327252149581909,-0.10742367058992386,0.39183223247528076,0.39156287908554077,-0.15832772850990295,0.36354926228523254,0.2856564521789551,-0.18418528139591217,0.3451588451862335,0.20196014642715454,-0.20253685116767883,0.37829238176345825,0.5848892331123352,-0.11498597264289856,0.33150455355644226,0.5105437636375427,-0.1518186628818512,0.3029792904853821,0.47465547919273376,-0.16644051671028137,0.284064382314682,0.4399048089981079,-0.1784142404794693
open_palm,Left,0.49173012375831604,0.8355298042297363,1.9103472581605274e-08,0.5804656147956848,0.7980067729949951,-0.07024216651916504,0.6592322587966919,0.7025380730628967,-0.12419743090867996,0.7142503261566162,0.6122005581855774,-0.1726386994123459,0.76596999168396,0.5449376106262207,-0.22293837368488312,0.5560412406921387,0.5224336385726929,-0.10960633307695389,0.5810611844062805,0.37040719389915466,-0.16544274985790253,0.5906325578689575,0.27908897399902344,-0.20243021845817566,0.5907281041145325,0.19107452034950256,-0.22791412472724915,0.48130300641059875,0.5025863647460938,-0.10866829007863998,0.47215983271598816,0.34779006242752075,-0.1643470972776413,0.4572261571884155,0.24989444017410278,-0.20126040279865265,0.43488556146621704,0.15520372986793518,-0.22965207695960999,0.42094147205352783,0.5248023271560669,-0.11253339052200317,0.38634923100471497,0.38241809606552124,-0.1664363145828247,0.360049843788147,0.2843637466430664,-0.20114271342754364,0.33493340015411377,0.19705107808113098,-0.2245066612958908,0.3703060746192932,0.5721256136894226,-0.12203468382358551,0.3152000904083252,0.47722315788269043,-0.16202682256698608,0.27134987711906433,0.40756577253341675,-0.1860387772321701,0.23108309507369995,0.3369150757789612,-0.2046954333782196
open_palm,Left,0.4943607747554779,0.8393526673316956,1.3745816929144894e-08,0.5866870284080505,0.803394079208374,-0.06675396114587784,0.6676932573318481,0.7013998031616211,-0.11569605022668839,0.7212775945663452,0.6044185161590576,-0.1594521403312683,0.7649675607681274,0.5261403918266296,-0.20408014953136444,0.570533037185669,0.5174325108528137,-0.09062633663415909,0.5989676117897034,0.3789292871952057,-0.1398053914308548,0.601889967918396,0.3049786686897278,-0.17214827239513397,0.5935606956481934,0.24859750270843506,-0.19344379007816315,0.4954527020454407,0.49493300914764404,-0.0880863219499588,0.49325183033943176,0.3580560088157654,-0.13624858856201172,0.47718939185142517,0.2735046446323395,-0.1716322898864746,0.45332396030426025,0.20166343450546265,-0.19823017716407776,0.43528828024864197,0.5125623941421509,-0.09111042320728302,0.4130026698112488,0.38527119159698486,-0.13573750853538513,0.39379990100860596,0.3110760450363159,-0.1673673838376999,0.373176634311676,0.2503719925880432,-0.18909291923046112,0.38300609588623047,0.5547649264335632,-0.10000810027122498,0.33399802446365356,0.4684916138648987,-0.13382475078105927,0.29433345794677734,0.405880868434906,-0.156891331076622,0.2584868371486664,0.34147554636001587,-0.1747702807188034
open_palm,Left,0.4960519075393677,0.8445524573326111,1.238350488819151e-08,0.5893681645393372,0.8148770332336426,-0.06732882559299469,0.6677711606025696,0.7178674936294556,-0.11570576578378677,0.7162954211235046,0.6214669346809387,-0.15908972918987274,0.7552868127822876,0.5408339500427246,-0.20422624051570892,0.5742782354354858,0.5202080607414246,-0.09111487865447998,0.6054550409317017,0.38254421949386597,-0.14261899888515472,0.6069516539573669,0.30931758880615234,-0.17745715379714966,0.5953285098075867,0.2557666599750519,-0.20086567103862762,0.5010647773742676,0.49741876125335693,-0.09057077020406723,0.4972359538078308,0.3565475642681122,-0.14445842802524567,0.47625860571861267,0.2720716893672943,-0.18530401587486267,0.44799986481666565,0.20601221919059753,-0.21507342159748077,0.4422001838684082,0.5177212357521057,-0.09564319998025894,0.4214848279953003,0.39244943857192993,-0.14828529953956604,0.40269023180007935,0.3230748772621155,-0.1861642599105835,0.382933646440506,0.2745843231678009,-0.21059802174568176,0.3910619616508484,0.5636487603187561,-0.10646224766969681,0.34685325622558594,0.48611554503440857,-0.1476759910583496,0.3143434524536133,0.4367974102497101,-0.17500904202461243,0.2864188253879547,0.3932660222053528,-0.1947447806596756
open_palm,Left,0.49811461567878723,0.8389331698417664,1.2340104937891283e-08,0.5909993648529053,0.8058362007141113,-0.06085304170846939,0.6690341830253601,0.7261054515838623,-0.10403041541576385,0.7139217853546143,0.6368853449821472,-0.14287804067134857,0.7334532141685486,0.5572801828384399,-0.18179498612880707,0.5731892585754395,0.5188432931900024,-0.07183025032281876,0.6015924215316772,0.3863670229911804,-0.11545765399932861,0.6070078015327454,0.3174397945404053,-0.14467363059520721,0.6003695726394653,0.2654866874217987,-0.16395416855812073,0.5023065209388733,0.49647581577301025,-0.0712723508477211,0.49655473232269287,0.3603574335575104,-0.11612047255039215,0.4788784980773926,0.28187352418899536,-0.1500084400177002,0.45413389801979065,0.21636536717414856,-0.17440679669380188,0.445059210062027,0.5153529644012451,-0.07669581472873688,0.4240783452987671,0.39409250020980835,-0.12202286720275879,0.40590184926986694,0.32142752408981323,-0.15421345829963684,0.3864617943763733,0.26641836762428284,-0.17447218298912048,0.39566949009895325,0.560719907283783,-0.08783597499132156,0.35200193524360657,0.4850693643093109,-0.12052739411592484,0.32149940729141235,0.4382917582988739,-0.14197316765785217,0.29520732164382935,0.39664945006370544,-0.15752165019512177
open_palm,Left,0.49722036719322205,0.825998842716217,1.2825747575107016e-08,0.5895922780036926,0.8028514385223389,-0.06794114410877228,0.6671626567840576,0.7296684384346008,-0.1162555068731308,0.7148641347885132,0.6470435261726379,-0.15900498628616333,0.7451103925704956,0.5716041922569275,-0.2020329236984253,0.5729299187660217,0.5203567743301392,-0.08378119766712189,0.6014315485954285,0.3879218101501465,-0.13066771626472473,0.6065883636474609,0.31902551651000977,-0.1623748242855072,0.5991167426109314,0.26561304926872253,-0.183470219373703,0.5018336772918701,0.4975898563861847,-0.08028118312358856,0.4978977143764496,0.36257922649383545,-0.12829573452472687,0.4804873466491699,0.28404831886291504,-0.16456924378871918,0.45510751008987427,0.2183881402015686,-0.19085755944252014,0.4449009895324707,0.515417754650116,-0.08280932158231735,0.4243658781051636,0.3959908187389374,-0.1309632509946823,0.40493065118789673,0.3246724009513855,-0.1655454784631729,0.3835775852203369,0.27062925696372986,-0.18740253150463104,0.39629632234573364,0.5581746101379395,-0.09123049676418304,0.3526384234428406,0.48450055718421936,-0.12645307183265686,0.32024043798446655,0.44016051292419434,-0.14968553185462952,0.2916718125343323,0.4006088078022003,-0.1665925830602646
open_palm,Left,0.497026652097702,0.8252739906311035,1.2712986219298728e-08,0.5880042314529419,0.8036000728607178,-0.07186751067638397,0.6657528281211853,0.7295615077018738,-0.12290863692760468,0.7132594585418701,0.6462536454200745,-0.1676994264125824,0.7426537275314331,0.5695325136184692,-0.213089719414711,0.5733519792556763,0.5200920701026917,-0.09150362759828568,0.6016432046890259,0.39008092880249023,-0.14151467382907867,0.6072733402252197,0.3202970623970032,-0.17554736137390137,0.6004155874252319,0.2644839286804199,-0.19824713468551636,0.5022616386413574,0.49654242396354675,-0.08719868212938309,0.49811869859695435,0.3596595525741577,-0.1383366733789444,0.4811842739582062,0.2786458134651184,-0.176832377910614,0.4560651481151581,0.20993798971176147,-0.2048589140176773,0.44535645842552185,0.514022171497345,-0.08898403495550156,0.42453691363334656,0.3925090730190277,-0.13971416652202606,0.4053231179714203,0.31947991251945496,-0.17607252299785614,0.3840937614440918,0.26393923163414,-0.19927236437797546,0.3968938887119293,0.556689977645874,-0.09685640037059784,0.3536195158958435,0.48086637258529663,-0.13409818708896637,0.32116830348968506,0.4365389347076416,-0.15855751931667328,0.2923429608345032,0.39710137248039246,-0.1765172779560089
open_palm,Left,0.5012158751487732,0.8307353258132935,1.3973513013354477e-08,0.593379557132721,0.7998040914535522,-0.06978334486484528,0.6702064871788025,0.7279353141784668,-0.12051001936197281,0.7170619964599609,0.6498264074325562,-0.1656423658132553,0.7466564178466797,0.5786882638931274,-0.2114134579896927,0.577533483505249,0.5190280675888062,-0.08835870027542114,0.6030465364456177,0.3803603947162628,-0.13575109839439392,0.6095477342605591,0.30442526936531067,-0.16861823201179504,0.6046435236930847,0.2389194369316101,-0.19116105139255524,0.5067882537841797,0.4982864260673523,-0.08491528034210205,0.49976664781570435,0.3495587706565857,-0.13200590014457703,0.4833241105079651,0.26079103350639343,-0.16812637448310852,0.4587419331073761,0.1811468005180359,-0.19545844197273254,0.4495832622051239,0.5182561278343201,-0.08753043413162231,0.42509889602661133,0.38794177770614624,-0.1344546526670456,0.40420931577682495,0.30631279945373535,-0.169589564204216,0.3814428448677063,0.23788827657699585,-0.1929396390914917,0.40057283639907837,0.5640762448310852,-0.09615148603916168,0.35494285821914673,0.48282375931739807,-0.13026516139507294,0.3205389380455017,0.4339659810066223,-0.15328218042850494,0.28927215933799744,0.38668471574783325,-0.17090250551700592
open_palm,Left,0.5036278963088989,0.8282662630081177,1.578098896004576e-08,0.5968121290206909,0.7948319911956787,-0.06206575408577919,0.6754927635192871,0.7240765690803528,-0.11200207471847534,0.7229120135307312,0.6462135910987854,-0.1563817411661148,0.7489282488822937,0.5837719440460205,-0.20076124370098114,0.5796247720718384,0.5250134468078613,-0.0984475314617157,0.6027168035507202,0.3769436478614807,-0.14697495102882385,0.6119616627693176,0.2866254448890686,-0.1779542863368988,0.6119063496589661,0.20321184396743774,-0.19882141053676605,0.5069114565849304,0.502097487449646,-0.09736094623804092,0.4987999200820923,0.345185250043869,-0.14388535916805267,0.4862397313117981,0.24682244658470154,-0.17304959893226624,0.4660677909851074,0.15531304478645325,-0.19591301679611206,0.4472123682498932,0.5188180804252625,-0.10042642056941986,0.41621866822242737,0.3723422884941101,-0.14462682604789734,0.39218035340309143,0.2742650508880615,-0.17213299870491028,0.36854982376098633,0.19033482670783997,-0.1910795420408249,0.39527446031570435,0.561217725276947,-0.10866261273622513,0.3397783637046814,0.46073710918426514,-0.13921232521533966,0.2965978980064392,0.3935930132865906,-0.15746289491653442,0.25829970836639404,0.328568696975708,-0.17235784232616425
open_palm,Left,0.5059170126914978,0.8329423666000366,1.7658388529184776e-08,0.6031371355056763,0.7921028137207031,-0.06328994780778885,0.6842519044876099,0.7101043462753296,-0.11317115277051926,0.7389853000640869,0.6266993284225464,-0.15799228847026825,0.7837976217269897,0.5552900433540344,-0.2037520706653595,0.5771066546440125,0.5158458352088928,-0.09526485204696655,0.5993120670318604,0.35601988434791565,-0.1423616111278534,0.6109010577201843,0.2554236054420471,-0.17363673448562622,0.6157863140106201,0.15734216570854187,-0.19551296532154083,0.504071831703186,0.49900567531585693,-0.0941045954823494,0.49435728788375854,0.3382214903831482,-0.13899967074394226,0.48408541083335876,0.23599138855934143,-0.16765902936458588,0.4677426517009735,0.1352483630180359,-0.19056057929992676,0.44432565569877625,0.52190101146698,-0.09735582023859024,0.410759299993515,0.3765336275100708,-0.14133191108703613,0.38366013765335083,0.2772156894207001,-0.16839422285556793,0.35866379737854004,0.18702006340026855,-0.1870175302028656,0.3936753571033478,0.5707185864448547,-0.10613404214382172,0.33974021673202515,0.47071361541748047,-0.1379789412021637,0.2971630096435547,0.4063343405723572,-0.15613950788974762,0.2592341899871826,0.34122008085250854,-0.17054955661296844
open_palm,Left,0.5088708996772766,0.8471026420593262,2.1816711992528326e-08,0.6036530137062073,0.8009676933288574,-0.054873526096343994,0.6897748112678528,0.709193229675293,-0.10203651338815689,0.7616804242134094,0.6365628242492676,-0.14628663659095764,0.8268751502037048,0.5874626636505127,-0.1918368637561798,0.5766707062721252,0.5239728093147278,-0.08670301735401154,0.5995358228683472,0.3637215793132782,-0.1311468631029129,0.6129002571105957,0.2619056701660156,-0.16178639233112335,0.6202729940414429,0.16038298606872559,-0.18342085182666779,0.5042808055877686,0.5066633224487305,-0.08903137594461441,0.49445343017578125,0.3415444791316986,-0.12759608030319214,0.48373591899871826,0.23452487587928772,-0.15392012894153595,0.46708112955093384,0.12942248582839966,-0.17698197066783905,0.44443273544311523,0.5280146598815918,-0.09527574479579926,0.40943384170532227,0.3781684935092926,-0.13149131834506989,0.38223928213119507,0.27520036697387695,-0.15550969541072845,0.35714712738990784,0.1828494369983673,-0.1742909550666809,0.3946893513202667,0.5738894939422607,-0.10686417669057846,0.3364057242870331,0.4765370190143585,-0.1316586434841156,0.2915000915527344,0.41426706314086914,-0.14600293338298798,0.25069093704223633,0.35002222657203674,-0.15931904315948486
open_palm,Left,0.5062361359596252,0.858038067817688,2.251281827625462e-08,0.6031824350357056,0.8093068599700928,-0.052576612681150436,0.6896997690200806,0.7142010927200317,-0.0935896635055542,0.758411705493927,0.633474588394165,-0.13263489305973053,0.8156550526618958,0.5869490504264832,-0.17270240187644958,0.5771102905273438,0.5254297256469727,-0.06697458028793335,0.6006830930709839,0.36418259143829346,-0.10525041073560715,0.6151961088180542,0.2626733183860779,-0.13238534331321716,0.6222575306892395,0.1617717444896698,-0.15130728483200073,0.5041230320930481,0.5076801776885986,-0.06909292191267014,0.4943065643310547,0.33917731046676636,-0.10018108785152435,0.4830893278121948,0.23088085651397705,-0.12389955669641495,0.4658213257789612,0.1283450722694397,-0.14514990150928497,0.44402363896369934,0.5300371050834656,-0.07636958360671997,0.40979886054992676,0.37595421075820923,-0.10804057121276855,0.3847256898880005,0.2730777859687805,-0.13114799559116364,0.36169713735580444,0.18078145384788513,-0.14868183434009552,0.3924359083175659,0.5757802128791809,-0.0894521102309227,0.33676373958587646,0.477834016084671,-0.11077652126550674,0.29543912410736084,0.41431742906570435,-0.12399061024188995,0.25845015048980713,0.34775352478027344,-0.1360461562871933
open_palm,Left,0.5065503716468811,0.8498053550720215,1.9604456724664487e-08,0.6017965078353882,0.8081825971603394,-0.05522549897432327,0.6836485862731934,0.725140392780304,-0.09812947362661362,0.7363786697387695,0.638718843460083,-0.13826769590377808,0.7712817192077637,0.5680357217788696,-0.17883776128292084,0.583948016166687,0.5275837182998657,-0.07195377349853516,0.611339807510376,0.3723095655441284,-0.11407481133937836,0.6242930293083191,0.27789175510406494,-0.14249290525913239,0.6287540793418884,0.18593749403953552,-0.16181792318820953,0.5113685727119446,0.5044230222702026,-0.07385852187871933,0.508540689945221,0.34734320640563965,-0.1117265596985817,0.4999891221523285,0.24532431364059448,-0.13803552091121674,0.4839033782482147,0.1461176872253418,-0.15957021713256836,0.45208442211151123,0.520781397819519,-0.08109249919652939,0.42599621415138245,0.3766067624092102,-0.11748713254928589,0.40639564394950867,0.28837016224861145,-0.13985717296600342,0.38652122020721436,0.2070353925228119,-0.1559026688337326,0.39945876598358154,0.5615029335021973,-0.09432806819677353,0.3482760190963745,0.4653773009777069,-0.11996094137430191,0.3086450397968292,0.4017452001571655,-0.134904682636261,0.27340343594551086,0.3333117961883545,-0.14725279808044434
open_palm,Left,0.505541205406189,0.831017255783081,1.5201798930775112e-08,0.6002538800239563,0.7981074452400208,-0.049393050372600555,0.6806361675262451,0.729435920715332,-0.0888989120721817,0.7297728657722473,0.6546326279640198,-0.12575164437294006,0.7494547963142395,0.5853465795516968,-0.16226747632026672,0.5851859450340271,0.5290676355361938,-0.06619445979595184,0.6147111654281616,0.39729684591293335,-0.10532397031784058,0.6285136342048645,0.3237786293029785,-0.13057063519954681,0.6335728168487549,0.26026996970176697,-0.14724016189575195,0.514281153678894,0.5024978518486023,-0.06922991573810577,0.5132700204849243,0.3635302782058716,-0.1059853658080101,0.505442202091217,0.2731993794441223,-0.13171504437923431,0.49109864234924316,0.19095653295516968,-0.15230968594551086,0.4568190574645996,0.5147480368614197,-0.0770692303776741,0.4367820918560028,0.3858675956726074,-0.11123855412006378,0.41993051767349243,0.3083074688911438,-0.13279694318771362,0.40312659740448,0.24194347858428955,-0.14835871756076813,0.4064210057258606,0.5527400374412537,-0.0902501568198204,0.35924047231674194,0.4635511040687561,-0.1143929734826088,0.3214430809020996,0.3998925983905792,-0.12916593253612518,0.28926989436149597,0.3370378017425537,-0.14133960008621216
open_palm,Left,0.5090187191963196,0.8336571455001831,5.707887495987052e-09,0.5996304154396057,0.8112286329269409,-0.07478618621826172,0.6763144135475159,0.740000307559967,-0.1318216621875763,0.7253687381744385,0.6672548055648804,-0.18315882980823517,0.7452346682548523,0.5933721661567688,-0.23582236468791962,0.5934699177742004,0.5087489485740662,-0.10540805011987686,0.613888680934906,0.3740765452384949,-0.16560165584087372,0.6283513903617859,0.3198469281196594,-0.20633026957511902,0.6369150876998901,0.30494219064712524,-0.2326621264219284,0.5258475542068481,0.4883435070514679,-0.10592367500066757,0.5205321907997131,0.3455256521701813,-0.1741740107536316,0.5196990966796875,0.2910016179084778,-0.22467529773712158,0.5183674097061157,0.2811707556247711,-0.2577475309371948,0.4681917130947113,0.5081763863563538,-0.11249684542417526,0.4490339756011963,0.38658028841018677,-0.17533281445503235,0.43951261043548584,0.3354841470718384,-0.22204838693141937,0.4359216094017029,0.3204261064529419,-0.250782310962677,0.4185682535171509,0.5580469965934753,-0.12502944469451904,0.3802092671394348,0.47467389702796936,-0.1735392063856125,0.3573196232318878,0.42910507321357727,-0.20714399218559265,0.3454158902168274,0.4024559557437897,-0.23101334273815155
open_palm,Left,0.5081230401992798,0.8239914774894714,5.336203923178573e-09,0.5969425439834595,0.807898759841919,-0.0802234560251236,0.6749139428138733,0.7409347295761108,-0.13828320801258087,0.7252635955810547,0.6693095564842224,-0.18940429389476776,0.74413001537323,0.5978845953941345,-0.24090337753295898,0.5970050096511841,0.505180299282074,-0.10619200021028519,0.6162936091423035,0.3707590699195862,-0.16471195220947266,0.6281859874725342,0.3210972547531128,-0.20347429811954498,0.6355338096618652,0.31525319814682007,-0.22845178842544556,0.5307538509368896,0.4835817515850067,-0.1032777652144432,0.5245437026023865,0.35141485929489136,-0.1699799746274948,0.5224907398223877,0.2988432049751282,-0.21954582631587982,0.5209707021713257,0.287040650844574,-0.2516167163848877,0.473287433385849,0.5009102821350098,-0.10701340436935425,0.4567411541938782,0.3855912983417511,-0.17013134062290192,0.45002973079681396,0.32893872261047363,-0.21800890564918518,0.44905075430870056,0.3078988790512085,-0.24707067012786865,0.4228832721710205,0.5468631386756897,-0.11699968576431274,0.38506871461868286,0.4691193103790283,-0.1649709790945053,0.3624454140663147,0.4248218238353729,-0.19870349764823914,0.35089045763015747,0.40001431107521057,-0.22246602177619934
open_palm,Left,0.5066327452659607,0.8276280164718628,1.4542942849971041e-08,0.5952426195144653,0.8040893077850342,-0.06378234922885895,0.6744071841239929,0.741517186164856,-0.11008855700492859,0.7259920239448547,0.6722774505615234,-0.15084412693977356,0.7514538764953613,0.6083753108978271,-0.19215798377990723,0.5903330445289612,0.524880588054657,-0.0858873724937439,0.6167555451393127,0.39431068301200867,-0.13107022643089294,0.6299617886543274,0.3201635181903839,-0.16223503649234772,0.6346713304519653,0.2543913722038269,-0.18341220915317535,0.5223599672317505,0.49838584661483765,-0.08310166746377945,0.5187494158744812,0.357927143573761,-0.12787622213363647,0.5106200575828552,0.2728361487388611,-0.160305455327034,0.49687930941581726,0.19696614146232605,-0.18495702743530273,0.46510422229766846,0.5140891671180725,-0.08547843992710114,0.44324326515197754,0.3904078006744385,-0.12954452633857727,0.42880135774612427,0.3119085133075714,-0.1601579338312149,0.4148563742637634,0.24672478437423706,-0.18042343854904175,0.4161055088043213,0.5576954483985901,-0.09359680116176605,0.3745204210281372,0.47750356793403625,-0.1251484900712967,0.3455117344856262,0.42365989089012146,-0.14543074369430542,0.3204416036605835,0.3728967308998108,-0.16092734038829803
open_palm,Left,0.5081655979156494,0.8277649879455566,1.6066177721540953e-08,0.5981166362762451,0.8010233640670776,-0.07182130217552185,0.67710280418396,0.740013599395752,-0.12763719260692596,0.726344108581543,0.6702171564102173,-0.1761508584022522,0.753115713596344,0.6064320802688599,-0.22551584243774414,0.587114691734314,0.5279406905174255,-0.11742964386940002,0.6134546995162964,0.37492671608924866,-0.17288066446781158,0.6291016936302185,0.28024718165397644,-0.21024087071418762,0.6361037492752075,0.18837937712669373,-0.2362489253282547,0.5166527628898621,0.5045417547225952,-0.11407110095024109,0.5118598937988281,0.3495815396308899,-0.16898620128631592,0.5035613179206848,0.2509898841381073,-0.20423217117786407,0.48803287744522095,0.1532251536846161,-0.23157918453216553,0.4582473337650299,0.5210254192352295,-0.11489961296319962,0.42929375171661377,0.38081249594688416,-0.1654510200023651,0.407762348651886,0.2867617607116699,-0.1967691034078598,0.3873242735862732,0.20213669538497925,-0.21859346330165863,0.40740588307380676,0.5639978647232056,-0.12160252034664154,0.35545116662979126,0.4624987840652466,-0.15864147245883942,0.3149067163467407,0.38948389887809753,-0.18112319707870483,0.27920761704444885,0.3180723786354065,-0.19893407821655273
open_palm,Left,0.5074670910835266,0.829339325428009,1.8785186739478377e-08,0.604647696018219,0.79292893409729,-0.06216507777571678,0.6931991577148438,0.7114932537078857,-0.11404905468225479,0.7633931636810303,0.646008312702179,-0.16110354661941528,0.8276913166046143,0.6009501218795776,-0.21000604331493378,0.5841864347457886,0.5253898501396179,-0.10655927658081055,0.6122668385505676,0.3686639964580536,-0.15692192316055298,0.6290310025215149,0.26763248443603516,-0.19134394824504852,0.6403552889823914,0.16571062803268433,-0.21592874825000763,0.5122891068458557,0.5057097673416138,-0.10718317329883575,0.506598711013794,0.3427598476409912,-0.15303677320480347,0.498782217502594,0.23522475361824036,-0.18327292799949646,0.4856390058994293,0.12781450152397156,-0.20924979448318481,0.4524431824684143,0.5244190692901611,-0.11128059029579163,0.4220729470252991,0.3769054412841797,-0.15314799547195435,0.3981318771839142,0.27393463253974915,-0.18019641935825348,0.3770914673805237,0.18261146545410156,-0.20126816630363464,0.40224459767341614,0.568198561668396,-0.12086336314678192,0.348301500082016,0.4630346894264221,-0.15187563002109528,0.30602067708969116,0.3935496509075165,-0.1699678897857666,0.26881518959999084,0.32604140043258667,-0.1858847290277481
open_palm,Left,0.5149959325790405,0.8473992347717285,2.258049214276525e-08,0.6111005544662476,0.803917646408081,-0.058964576572179794,0.6988128423690796,0.7145532965660095,-0.10552123934030533,0.7718083262443542,0.6442552208900452,-0.14891497790813446,0.8352864384651184,0.6013807058334351,-0.19378319382667542,0.5835248827934265,0.5252563953399658,-0.08181346207857132,0.6057283282279968,0.36882203817367554,-0.12479859590530396,0.6224677562713623,0.2701300084590912,-0.15572690963745117,0.6321602463722229,0.17071738839149475,-0.17763006687164307,0.5110247135162354,0.5068529844284058,-0.08251173049211502,0.4999285340309143,0.34259533882141113,-0.11834196746349335,0.4909030795097351,0.23447969555854797,-0.14609521627426147,0.47632673382759094,0.12981244921684265,-0.1709289252758026,0.4508785009384155,0.5281113386154175,-0.08816070854663849,0.41648828983306885,0.3783736824989319,-0.12329232692718506,0.392992228269577,0.27373915910720825,-0.14999061822891235,0.37209007143974304,0.1793665587902069,-0.17089635133743286,0.4005295932292938,0.5726897716522217,-0.0997428223490715,0.34565025568008423,0.4752407968044281,-0.12425240129232407,0.3050168752670288,0.40974879264831543,-0.13998651504516602,0.2687676250934601,0.3419753313064575,-0.15455280244350433
open_palm,Left,0.5017597079277039,0.8543704748153687,1.4072920606622574e-08,0.600130021572113,0.8156384825706482,-0.04983792454004288,0.6856693029403687,0.7380091547966003,-0.08884749561548233,0.7307174205780029,0.6451966166496277,-0.1253698319196701,0.7318564653396606,0.5634351372718811,-0.1609954684972763,0.5955299139022827,0.525354266166687,-0.0597466416656971,0.629960298538208,0.3846788704395294,-0.09617765992879868,0.6468575596809387,0.30557090044021606,-0.11891837418079376,0.6560882329940796,0.23521122336387634,-0.1334424465894699,0.5251906514167786,0.49764713644981384,-0.062431611120700836,0.5277584195137024,0.3428190350532532,-0.09344001114368439,0.522968053817749,0.24993428587913513,-0.11450177431106567,0.5123379230499268,0.1655418872833252,-0.13213326036930084,0.4665052890777588,0.5084186792373657,-0.07063809037208557,0.4505164921283722,0.36399605870246887,-0.09921085089445114,0.4383029043674469,0.279540479183197,-0.1157025471329689,0.42520347237586975,0.2060619592666626,-0.12852662801742554,0.4113641679286957,0.5444402694702148,-0.08486830443143845,0.3637765049934387,0.44648927450180054,-0.10342568904161453,0.3269180655479431,0.3774837255477905,-0.11436709761619568,0.29554983973503113,0.30691438913345337,-0.1243022158741951
open_palm,Left,0.5097944140434265,0.8274842500686646,1.2782501279673397e-08,0.5992608666419983,0.8011143207550049,-0.06240690127015114,0.6794837117195129,0.7383226156234741,-0.11158689856529236,0.7252966165542603,0.669413149356842,-0.15574957430362701,0.736814558506012,0.6057896018028259,-0.19964800775051117,0.5962449908256531,0.5200275182723999,-0.09153968095779419,0.6272779107093811,0.38731178641319275,-0.1413150429725647,0.6447818875312805,0.31719350814819336,-0.17299529910087585,0.654380202293396,0.25867706537246704,-0.19361338019371033,0.5251176357269287,0.49390730261802673,-0.09231586009263992,0.5241284966468811,0.3528255224227905,-0.1413443684577942,0.518373429775238,0.2730792760848999,-0.17252318561077118,0.5097320675849915,0.1998382806777954,-0.19576914608478546,0.4666326344013214,0.5080641508102417,-0.09841211140155792,0.4519762396812439,0.37596094608306885,-0.1433285027742386,0.4399736821651459,0.29769256711006165,-0.17042037844657898,0.42971810698509216,0.23193064332008362,-0.18885205686092377,0.4160255789756775,0.5476686954498291,-0.11049247533082962,0.3734012544155121,0.4574111998081207,-0.14154012501239777,0.33960235118865967,0.38989657163619995,-0.16081300377845764,0.31307512521743774,0.32227271795272827,-0.17638908326625824
open_palm,Left,0.5120349526405334,0.8300673365592957,1.3125373676814434e-08,0.6035999655723572,0.8017150163650513,-0.060419969260692596,0.6826969385147095,0.73758465051651,-0.10571938008069992,0.7251970171928406,0.6654581427574158,-0.14588052034378052,0.73011714220047,0.6062960028648376,-0.18548280000686646,0.5967419147491455,0.5188097953796387,-0.08368353545665741,0.6283711791038513,0.3873794674873352,-0.12853054702281952,0.6477702260017395,0.3139345645904541,-0.15779443085193634,0.6598222851753235,0.24538907408714294,-0.176968052983284,0.527171790599823,0.49309512972831726,-0.08240463584661484,0.525964081287384,0.35228875279426575,-0.12433700263500214,0.5226050019264221,0.2698231339454651,-0.15176641941070557,0.5151587724685669,0.18976715207099915,-0.17307768762111664,0.46983060240745544,0.5074984431266785,-0.08654449880123138,0.4533810615539551,0.3767942786216736,-0.12547241151332855,0.4409291744232178,0.29706308245658875,-0.1495012640953064,0.4296662211418152,0.22784578800201416,-0.1662319153547287,0.4197103977203369,0.5478511452674866,-0.09681489318609238,0.37500497698783875,0.4546991288661957,-0.12358380854129791,0.3386867344379425,0.3850533962249756,-0.140465646982193,0.30917853116989136,0.3149714767932892,-0.15428923070430756
open_palm,Left,0.5101920366287231,0.8314393758773804,1.4246047008725782e-08,0.6041763424873352,0.7992805242538452,-0.06466969847679138,0.6848791837692261,0.7378162145614624,-0.11622826755046844,0.7255859375,0.6663470268249512,-0.16139204800128937,0.7277958989143372,0.610232412815094,-0.20639021694660187,0.596064031124115,0.5235834717750549,-0.10572406649589539,0.6310304403305054,0.371584951877594,-0.15698853135108948,0.6514282822608948,0.27907970547676086,-0.19031496345996857,0.6639816164970398,0.1886889934539795,-0.21323859691619873,0.5254681706428528,0.5014325380325317,-0.10487931966781616,0.5235904455184937,0.34348684549331665,-0.15420691668987274,0.5185208320617676,0.24466022849082947,-0.18444228172302246,0.5082581043243408,0.14464253187179565,-0.20833642780780792,0.46699976921081543,0.5173304080963135,-0.10814905911684036,0.44408518075942993,0.3745090961456299,-0.15385381877422333,0.42719677090644836,0.2760210335254669,-0.1809314638376236,0.41261833906173706,0.18747678399085999,-0.19999882578849792,0.41615843772888184,0.5591266751289368,-0.11722130328416824,0.36612895131111145,0.4531383812427521,-0.14953699707984924,0.3268091380596161,0.3821805715560913,-0.1682916283607483,0.29465967416763306,0.3128618597984314,-0.18357646465301514
open_palm,Left,0.5089155435562134,0.8348742723464966,1.6304806393918625e-08,0.6070429682731628,0.8042820692062378,-0.06665031611919403,0.6937351226806641,0.7207322120666504,-0.11998802423477173,0.7556474804878235,0.6397830843925476,-0.16818790137767792,0.810043454170227,0.5774580836296082,-0.21844373643398285,0.5939647555351257,0.5202627778053284,-0.106991708278656,0.6237428784370422,0.36373984813690186,-0.15886785089969635,0.6398681402206421,0.2662818431854248,-0.19372597336769104,0.6509865522384644,0.1686643362045288,-0.21842819452285767,0.5226335525512695,0.49772584438323975,-0.10715076327323914,0.5186849236488342,0.33704090118408203,-0.15596042573451996,0.5127659440040588,0.2378351092338562,-0.18767425417900085,0.5022292137145996,0.13669437170028687,-0.2135031819343567,0.4634213149547577,0.5167639255523682,-0.11185864359140396,0.4378373920917511,0.36876460909843445,-0.15854525566101074,0.4186720848083496,0.2676946520805359,-0.188638836145401,0.4011366665363312,0.17709749937057495,-0.21034929156303406,0.4125797748565674,0.5619601607322693,-0.12225957959890366,0.36194416880607605,0.4588243365287781,-0.15754513442516327,0.32117635011672974,0.3895684480667114,-0.17866720259189606,0.2858092784881592,0.3203094005584717,-0.1958077996969223
open_palm,Left,0.5126397013664246,0.8354615569114685,2.0114347520916454e-08,0.6085367798805237,0.7949535846710205,-0.05694479122757912,0.6988391876220703,0.7087489366531372,-0.10256485641002655,0.7722903490066528,0.6399348974227905,-0.14493243396282196,0.8343896865844727,0.5971270203590393,-0.18874512612819672,0.5873470902442932,0.519101083278656,-0.08329788595438004,0.6161308288574219,0.3674229681491852,-0.12575940787792206,0.6359290480613708,0.27109330892562866,-0.15535733103752136,0.6502176523208618,0.17302772402763367,-0.1763664036989212,0.5172742009162903,0.49720311164855957,-0.08469615876674652,0.5146473050117493,0.3349294066429138,-0.11973975598812103,0.5117732882499695,0.22731664776802063,-0.1451519876718521,0.5040662884712219,0.1203870177268982,-0.1682817041873932,0.4581281840801239,0.5149272680282593,-0.0907253548502922,0.4340655207633972,0.36385419964790344,-0.12391521781682968,0.4174748957157135,0.25937190651893616,-0.1471630185842514,0.4030655026435852,0.1664378046989441,-0.1659070998430252,0.4075474441051483,0.5568799376487732,-0.10267595201730728,0.359798401594162,0.45197150111198425,-0.1260998696088791,0.32345137000083923,0.38030552864074707,-0.1404327154159546,0.29194068908691406,0.3081739544868469,-0.15379521250724792
open_palm,Left,0.5166977643966675,0.853400707244873,1.96911962291324e-08,0.6139672994613647,0.8090121746063232,-0.061447180807590485,0.7028650641441345,0.7134824991226196,-0.10684026032686234,0.7721303701400757,0.6314795017242432,-0.1490044742822647,0.8314402103424072,0.5769457221031189,-0.19281728565692902,0.5885511636734009,0.5219629406929016,-0.07852928340435028,0.6131930351257324,0.36689770221710205,-0.12193237245082855,0.630256712436676,0.27024921774864197,-0.15236341953277588,0.6413434743881226,0.1724453866481781,-0.17335709929466248,0.5181211233139038,0.500883936882019,-0.07872655242681503,0.5121657252311707,0.3352205753326416,-0.11523950845003128,0.5055063962936401,0.23047465085983276,-0.14255085587501526,0.49494469165802,0.12778308987617493,-0.16605708003044128,0.45998886227607727,0.5187565684318542,-0.08503405749797821,0.43526023626327515,0.36503106355667114,-0.12104738503694534,0.41843467950820923,0.2656676769256592,-0.1463596075773239,0.40458112955093384,0.17707383632659912,-0.165260449051857,0.40978366136550903,0.5589702725410461,-0.09796151518821716,0.36295562982559204,0.45477092266082764,-0.12421657145023346,0.32762783765792847,0.384513795375824,-0.14077794551849365,0.2980857491493225,0.31218650937080383,-0.15491271018981934
open_palm,Left,0.5131283402442932,0.8410639762878418,7.905051058187951e-10,0.6069924831390381,0.7782633900642395,-0.07350069284439087,0.6919462084770203,0.6786432266235352,-0.1282593011856079,0.7330338954925537,0.5724905729293823,-0.18148048222064972,0.7193981409072876,0.4608403444290161,-0.23428387939929962,0.6205114126205444,0.49092739820480347,-0.06334514915943146,0.630185604095459,0.3477542996406555,-0.12319645285606384,0.641869068145752,0.3296698033809662,-0.16797910630702972,0.6469041705131531,0.36680567264556885,-0.19474440813064575,0.5613411068916321,0.47481709718704224,-0.06501742452383041,0.5654803514480591,0.31381142139434814,-0.1400088518857956,0.5738500356674194,0.31277573108673096,-0.20644211769104004,0.575763463973999,0.3864555060863495,-0.2439969778060913,0.5030701756477356,0.48381882905960083,-0.07546328008174896,0.5018405318260193,0.32900428771972656,-0.14169391989707947,0.5108099579811096,0.317168653011322,-0.20070168375968933,0.5199980139732361,0.3765212893486023,-0.23406390845775604,0.4479953944683075,0.5162084102630615,-0.09256795793771744,0.4320107698440552,0.3867490589618683,-0.13685554265975952,0.42713987827301025,0.34871941804885864,-0.17473053932189941,0.4284838140010834,0.36231380701065063,-0.20129819214344025
open_palm,Left,0.5132668614387512,0.8166771531105042,9.325545669014446e-09,0.6072361469268799,0.7866344451904297,-0.06421017646789551,0.6911603212356567,0.7083691954612732,-0.10416046530008316,0.7358004450798035,0.608257532119751,-0.13797816634178162,0.7540238499641418,0.5072200298309326,-0.17192324995994568,0.618269145488739,0.5232082605361938,-0.07125186920166016,0.640048623085022,0.391865611076355,-0.10974185913801193,0.6479583382606506,0.3171360492706299,-0.13589085638523102,0.6516770124435425,0.25284579396247864,-0.15371493995189667,0.5570006370544434,0.49561449885368347,-0.06551700085401535,0.5612877011299133,0.36489856243133545,-0.10334788262844086,0.5621349811553955,0.2853686809539795,-0.13300307095050812,0.5613254308700562,0.2145499587059021,-0.1548752337694168,0.5018153190612793,0.5018818378448486,-0.06603088974952698,0.49688807129859924,0.3822805881500244,-0.10486593842506409,0.4954538941383362,0.3114756941795349,-0.13307899236679077,0.49745410680770874,0.25431686639785767,-0.15140773355960846,0.4501557946205139,0.5291544198989868,-0.07247794419527054,0.4276861846446991,0.439260870218277,-0.10261863470077515,0.41593289375305176,0.37699413299560547,-0.12346769869327545,0.41137799620628357,0.3197122812271118,-0.1384703814983368
open_palm,Left,0.519912838935852,0.8280326128005981,1.4212895749210475e-08,0.6110842227935791,0.7958505749702454,-0.058252304792404175,0.6923875212669373,0.7146114706993103,-0.1008913591504097,0.7494901418685913,0.6248255372047424,-0.1387721300125122,0.7983043193817139,0.5599597096443176,-0.1778927892446518,0.6035891175270081,0.5140060782432556,-0.08311261981725693,0.6287787556648254,0.35919639468193054,-0.12270347774028778,0.6422186493873596,0.2665151357650757,-0.15054555237293243,0.6515068411827087,0.1803903579711914,-0.1713002771139145,0.5377654433250427,0.4861528277397156,-0.08128464967012405,0.5369178056716919,0.3262593746185303,-0.11871258169412613,0.5355212092399597,0.23337063193321228,-0.14692647755146027,0.530617356300354,0.14204585552215576,-0.16977599263191223,0.4805416464805603,0.5008214712142944,-0.08368128538131714,0.45914801955223083,0.3530677556991577,-0.12027687579393387,0.44765663146972656,0.2562251091003418,-0.14850914478302002,0.4360063970088959,0.17244836688041687,-0.16878099739551544,0.4293624758720398,0.5447873473167419,-0.09102781862020493,0.3846691846847534,0.4369083642959595,-0.11906135082244873,0.3529382348060608,0.3627583980560303,-0.13867156207561493,0.3249736428260803,0.2902136445045471,-0.15421593189239502
open_palm,Left,0.5212847590446472,0.8414859771728516,1.738461641309641e-08,0.6180857419967651,0.7960015535354614,-0.06073873117566109,0.7048566341400146,0.6979079246520996,-0.1045353040099144,0.7676516175270081,0.6061554551124573,-0.1443755030632019,0.821458101272583,0.5387147665023804,-0.1853857934474945,0.5985117554664612,0.5120601058006287,-0.07734929770231247,0.6235554218292236,0.3592832684516907,-0.11821398138999939,0.6377986669540405,0.26724281907081604,-0.14657597243785858,0.6468222141265869,0.17672649025917053,-0.1664653867483139,0.5295138359069824,0.49075818061828613,-0.0755423977971077,0.5260028839111328,0.33458977937698364,-0.11210589855909348,0.5204631090164185,0.23654261231422424,-0.13935959339141846,0.5096414685249329,0.14126801490783691,-0.1616067737340927,0.47192203998565674,0.5092562437057495,-0.07928074151277542,0.44876009225845337,0.3649037182331085,-0.11586513370275497,0.4325249195098877,0.2687857747077942,-0.14195887744426727,0.4172162413597107,0.18514570593833923,-0.1603783220052719,0.4227803945541382,0.5507732629776001,-0.08903468400239944,0.379202663898468,0.44833099842071533,-0.11586108803749084,0.34539586305618286,0.3767840564250946,-0.13297121226787567,0.3150668740272522,0.3050647974014282,-0.14663690328598022
open_palm,Left,0.5197461247444153,0.8347097039222717,1.7445827893425303e-08,0.6158193349838257,0.7946239709854126,-0.06033279746770859,0.7066792249679565,0.6974384784698486,-0.10508205741643906,0.773348331451416,0.6063295602798462,-0.1461164951324463,0.8291656970977783,0.542758584022522,-0.1882883608341217,0.5986261963844299,0.5185204744338989,-0.08051024377346039,0.6260627508163452,0.36974993348121643,-0.12372297793626785,0.641510546207428,0.2778087556362152,-0.15271790325641632,0.650359570980072,0.18634891510009766,-0.17257621884346008,0.5296443700790405,0.4948733448982239,-0.08004634082317352,0.5295829176902771,0.3394247889518738,-0.11738959699869156,0.5248380899429321,0.23978790640830994,-0.1440424770116806,0.5142407417297363,0.1400129199028015,-0.16638122498989105,0.47259193658828735,0.5088756084442139,-0.08515188843011856,0.4519544243812561,0.36321407556533813,-0.1210588589310646,0.4365572929382324,0.2686719298362732,-0.14489971101284027,0.42226558923721313,0.186052143573761,-0.16236820816993713,0.4229826331138611,0.5440247058868408,-0.0965316891670227,0.3801882266998291,0.4401662349700928,-0.12258816510438919,0.3448781967163086,0.3699255585670471,-0.13867630064487457,0.31401753425598145,0.2991531491279602,-0.15203948318958282
open_palm,Left,0.5264086723327637,0.8218388557434082,2.034090762492724e-08,0.6182224750518799,0.7694757580757141,-0.056461554020643234,0.7053016424179077,0.6726993322372437,-0.09956753253936768,0.7738713622093201,0.5895591378211975,-0.13910514116287231,0.8340140581130981,0.5331938862800598,-0.179890438914299,0.5927606225013733,0.5133184790611267,-0.0797286257147789,0.6161432862281799,0.3623846769332886,-0.11994947493076324,0.6320419907569885,0.26602914929389954,-0.14820943772792816,0.6422631144523621,0.1680043339729309,-0.16850239038467407,0.5221277475357056,0.49356815218925476,-0.07969781011343002,0.5160802006721497,0.3404271900653839,-0.11414661258459091,0.5110917687416077,0.23836171627044678,-0.13987745344638824,0.5011747479438782,0.1379598081111908,-0.16276350617408752,0.4631282091140747,0.5115267038345337,-0.08408298343420029,0.4339461326599121,0.3669804334640503,-0.11746858060359955,0.41681650280952454,0.2677665948867798,-0.14142698049545288,0.4021332859992981,0.18018850684165955,-0.16028618812561035,0.4127006530761719,0.5510638952255249,-0.09397663176059723,0.36054953932762146,0.45315414667129517,-0.11756721884012222,0.3230825960636139,0.38434267044067383,-0.13270767033100128,0.2906927466392517,0.3135005533695221,-0.146402046084404
open_palm,Left,0.5300156474113464,0.8170392513275146,2.3943515614632815e-08,0.6189889907836914,0.7523459196090698,-0.05064854398369789,0.699129045009613,0.6514192819595337,-0.09206641465425491,0.7712088227272034,0.5748271942138672,-0.13168591260910034,0.8371020555496216,0.5287238359451294,-0.17193476855754852,0.5674660801887512,0.4935923218727112,-0.06278641521930695,0.5724917054176331,0.34871068596839905,-0.09914727509021759,0.5804134607315063,0.2485453188419342,-0.1265321522951126,0.582694411277771,0.15043550729751587,-0.1458861231803894,0.49509185552597046,0.4896271824836731,-0.06531648337841034,0.471617192029953,0.34552711248397827,-0.09436105191707611,0.45543140172958374,0.24653074145317078,-0.11715908348560333,0.4348462224006653,0.15302589535713196,-0.13806268572807312,0.43718910217285156,0.5229575634002686,-0.07278589904308319,0.3925504684448242,0.39240264892578125,-0.10135151445865631,0.3634335398674011,0.2982892394065857,-0.12121398746967316,0.33750009536743164,0.21443232893943787,-0.1375088393688202,0.38992801308631897,0.5772255659103394,-0.08610504120588303,0.3294842839241028,0.49612659215927124,-0.1046820804476738,0.28460296988487244,0.4383729100227356,-0.1155209094285965,0.24381092190742493,0.3772011399269104,-0.12664176523685455
open_palm,Left,0.5146471858024597,0.8540105819702148,2.0120829447023425e-08,0.6098647713661194,0.7934907674789429,-0.05132896453142166,0.6969754695892334,0.6879926323890686,-0.09222719818353653,0.7739747166633606,0.6026223301887512,-0.13015258312225342,0.8390430212020874,0.552142858505249,-0.16887448728084564,0.5831841230392456,0.510805070400238,-0.07245893031358719,0.6015805006027222,0.3511275351047516,-0.10993367433547974,0.6106698513031006,0.24989348649978638,-0.1354772448539734,0.6132208108901978,0.1510820984840393,-0.15274378657341003,0.5102700591087341,0.499449759721756,-0.07299347221851349,0.4990714490413666,0.3324061334133148,-0.1013493612408638,0.4861360192298889,0.22402486205101013,-0.12147092819213867,0.46859872341156006,0.12736669182777405,-0.14054054021835327,0.4493081271648407,0.5237080454826355,-0.07804591208696365,0.416828989982605,0.3740862011909485,-0.10429824143648148,0.3922501504421234,0.27262985706329346,-0.12323489785194397,0.36999034881591797,0.18152251839637756,-0.13909325003623962,0.39719945192337036,0.5707834959030151,-0.08888483792543411,0.34366047382354736,0.47301748394966125,-0.10775458812713623,0.30819207429885864,0.40554243326187134,-0.11978849023580551,0.27720749378204346,0.3331949710845947,-0.13147886097431183
open_palm,Left,0.5226632356643677,0.8730777502059937,1.7500996207786557e-08,0.6247333884239197,0.8286875486373901,-0.04595532640814781,0.7183873653411865,0.7395062446594238,-0.0835687592625618,0.7987684011459351,0.6731535196304321,-0.11992280930280685,0.8679459095001221,0.6420110464096069,-0.15815219283103943,0.6294710636138916,0.5337823033332825,-0.0624646358191967,0.6715499758720398,0.38093405961990356,-0.09866847097873688,0.6966982483863831,0.2832338809967041,-0.12542510032653809,0.7146224975585938,0.1903034746646881,-0.14371822774410248,0.5577621459960938,0.5037891864776611,-0.06625355035066605,0.5682805776596069,0.33138781785964966,-0.09234662353992462,0.570875883102417,0.21476012468338013,-0.11583792418241501,0.5694792866706848,0.11181765794754028,-0.1384083330631256,0.4948061406612396,0.5107259750366211,-0.07453557103872299,0.4848673939704895,0.3455667495727539,-0.09786371886730194,0.4776636064052582,0.23677948117256165,-0.11928189545869827,0.4725504517555237,0.14168629050254822,-0.13852886855602264,0.4385826587677002,0.5429583787918091,-0.08854759484529495,0.4014732241630554,0.4211108684539795,-0.10632985085248947,0.37685906887054443,0.34354811906814575,-0.11972685903310776,0.3567066788673401,0.2656392455101013,-0.13351741433143616
open_palm,Left,0.5141907334327698,0.8544581532478333,1.753599576659326e-08,0.6179315447807312,0.8272527456283569,-0.04548213630914688,0.7193434238433838,0.7611980438232422,-0.08104679733514786,0.8012874126434326,0.7037078142166138,-0.11500541120767593,0.871290385723114,0.6745160222053528,-0.14966803789138794,0.6430786848068237,0.5436756610870361,-0.0560380257666111,0.6933552622795105,0.39877402782440186,-0.0879574567079544,0.724273681640625,0.3098972737789154,-0.11024098098278046,0.7500966787338257,0.22002872824668884,-0.12577562034130096,0.5754010677337646,0.502991795539856,-0.05858625844120979,0.5995909571647644,0.3454206585884094,-0.08253984153270721,0.6112223267555237,0.24368351697921753,-0.1006523072719574,0.6194561719894409,0.148491770029068,-0.11790119856595993,0.5134615898132324,0.5014930367469788,-0.06583796441555023,0.5187448263168335,0.3535568118095398,-0.08963979035615921,0.5206701755523682,0.2559260427951813,-0.10529870539903641,0.5238677263259888,0.16949725151062012,-0.11835688352584839,0.45480450987815857,0.523370087146759,-0.07879699021577835,0.4294816255569458,0.4103303849697113,-0.09538626670837402,0.4145023226737976,0.34033069014549255,-0.10504989326000214,0.40568286180496216,0.2700924277305603,-0.11449076980352402
open_palm,Left,0.5194699168205261,0.8170068264007568,2.3339897126106735e-08,0.6109836101531982,0.7761582732200623,-0.05373750627040863,0.6966882944107056,0.6955779194831848,-0.09536544233560562,0.7636153697967529,0.613383948802948,-0.1325109601020813,0.8138290643692017,0.5445533990859985,-0.1700250804424286,0.5823183059692383,0.5238787531852722,-0.08051285892724991,0.6042268872261047,0.3692663311958313,-0.12022072076797485,0.6195625066757202,0.26896414160728455,-0.14664989709854126,0.6309632062911987,0.1720137894153595,-0.16543063521385193,0.512448787689209,0.5017113089561462,-0.08029978722333908,0.5069987773895264,0.35048919916152954,-0.11646348983049393,0.5033087134361267,0.23959645628929138,-0.1391434222459793,0.49496954679489136,0.13730096817016602,-0.15916204452514648,0.4525802433490753,0.5184795260429382,-0.0835154801607132,0.4304458796977997,0.3729601502418518,-0.11865417659282684,0.41548919677734375,0.2748187780380249,-0.13591882586479187,0.403756320476532,0.18946433067321777,-0.1493108570575714,0.4022306203842163,0.5572900176048279,-0.09189797192811966,0.3528291583061218,0.45904341340065,-0.11457318067550659,0.31777259707450867,0.3872668743133545,-0.12454897165298462,0.29034388065338135,0.3162374794483185,-0.13408146798610687
open_palm,Left,0.5336734056472778,0.8231691122055054,2.365217710575962e-08,0.6147507429122925,0.7442178130149841,-0.06570913642644882,0.6764702796936035,0.6364414691925049,-0.11345363408327103,0.7176568508148193,0.5360611081123352,-0.15549609065055847,0.7492226958274841,0.4565102756023407,-0.19812439382076263,0.5304948091506958,0.4995647966861725,-0.08831870555877686,0.5194764137268066,0.35077789425849915,-0.1343962401151657,0.5164741277694702,0.2480505406856537,-0.16589391231536865,0.5082792043685913,0.1506587266921997,-0.18724150955677032,0.4581573009490967,0.5081929564476013,-0.0853302851319313,0.41945523023605347,0.35232454538345337,-0.1286052167415619,0.39289364218711853,0.24700310826301575,-0.15776477754116058,0.3632389307022095,0.15223872661590576,-0.18101364374160767,0.4036208987236023,0.550788164138794,-0.08747081458568573,0.3473086655139923,0.41311848163604736,-0.129482239484787,0.3110784590244293,0.3200627565383911,-0.1542409062385559,0.27970197796821594,0.23684391379356384,-0.1712523251771927,0.36160844564437866,0.6160225868225098,-0.09582812339067459,0.29510849714279175,0.5301524996757507,-0.12491392344236374,0.24893975257873535,0.4696725606918335,-0.14052467048168182,0.20863962173461914,0.40914618968963623,-0.15341143310070038
open_palm,Left,0.522223174571991,0.8460113406181335,1.6298674410109015e-08,0.6057357788085938,0.7632792592048645,-0.06730905175209045,0.6705092787742615,0.6445481181144714,-0.11688721179962158,0.7183871865272522,0.5477927923202515,-0.1615755558013916,0.7600341439247131,0.4840807616710663,-0.20839542150497437,0.5330300331115723,0.48551177978515625,-0.09437548369169235,0.529458224773407,0.32459568977355957,-0.14267875254154205,0.5238568782806396,0.22269311547279358,-0.17740879952907562,0.5125584006309509,0.125016987323761,-0.2011333554983139,0.4628867506980896,0.4971216022968292,-0.09173109382390976,0.4263983368873596,0.336148738861084,-0.13222816586494446,0.39900586009025574,0.23691242933273315,-0.1637740582227707,0.36854124069213867,0.1470140814781189,-0.19036486744880676,0.40948453545570374,0.5396683812141418,-0.09492874890565872,0.35759204626083374,0.39926883578300476,-0.13193318247795105,0.3199491500854492,0.3084588646888733,-0.16309355199337006,0.28721773624420166,0.2269311249256134,-0.18711818754673004,0.3679589033126831,0.6058472394943237,-0.10482652485370636,0.30308717489242554,0.5206047892570496,-0.13440245389938354,0.2550687789916992,0.46144556999206543,-0.1562887579202652,0.21200969815254211,0.3972797095775604,-0.17497776448726654
open_palm,Left,0.5164167881011963,0.8490765690803528,1.4758620991983662e-08,0.6150639057159424,0.7936719655990601,-0.06644392758607864,0.7001388669013977,0.6805620193481445,-0.11586537957191467,0.7737941741943359,0.5933743119239807,-0.15944410860538483,0.8384885191917419,0.5416550040245056,-0.20518141984939575,0.5888340473175049,0.5093166828155518,-0.10333603620529175,0.6071707010269165,0.344746470451355,-0.15127043426036835,0.6154062747955322,0.24341294169425964,-0.1845802217721939,0.6181620955467224,0.14459732174873352,-0.2069971263408661,0.5143279433250427,0.49858972430229187,-0.09888269007205963,0.5007763504981995,0.33026599884033203,-0.1374189555644989,0.4875032901763916,0.22455447912216187,-0.16698475182056427,0.4706575274467468,0.12742364406585693,-0.19328661262989044,0.45348724722862244,0.521094024181366,-0.09901487827301025,0.4243961572647095,0.36414945125579834,-0.13224205374717712,0.40497151017189026,0.2644030451774597,-0.1618463099002838,0.3888445794582367,0.1764216125011444,-0.18623796105384827,0.40251725912094116,0.5658844113349915,-0.10538090765476227,0.3513329029083252,0.4599802494049072,-0.1309853345155716,0.31500232219696045,0.38829684257507324,-0.15188977122306824,0.2832249701023102,0.31223970651626587,-0.1712578535079956
open_palm,Left,0.5127533674240112,0.8824015855789185,1.5314222778783915e-08,0.6163948774337769,0.8345562219619751,-0.04444415867328644,0.7126319408416748,0.734779953956604,-0.08055680245161057,0.794148862361908,0.6603714823722839,-0.11565776914358139,0.8620051145553589,0.6238088607788086,-0.15213477611541748,0.629620373249054,0.5272794961929321,-0.0566575862467289,0.6701220273971558,0.3729972243309021,-0.08995828032493591,0.6920509338378906,0.278356671333313,-0.11442066729068756,0.7074673175811768,0.18831512331962585,-0.13124999403953552,0.5589586496353149,0.4981352686882019,-0.06020498648285866,0.5703852772712708,0.32925736904144287,-0.08302409946918488,0.5716208219528198,0.21993568539619446,-0.1043693870306015,0.5689778327941895,0.1226702332496643,-0.12514431774616241,0.49630773067474365,0.5066528916358948,-0.06848497688770294,0.48992210626602173,0.34490683674812317,-0.08883313834667206,0.4843654930591583,0.24009639024734497,-0.1085502952337265,0.4802767336368561,0.14734134078025818,-0.1266992837190628,0.43875399231910706,0.5392683148384094,-0.08242300152778625,0.40513044595718384,0.4174793064594269,-0.09776109457015991,0.38171350955963135,0.3396965563297272,-0.11016274988651276,0.36252361536026,0.25896888971328735,-0.12327661365270615
open_palm,Left,0.5186415314674377,0.8576820492744446,1.926575876609604e-08,0.6183265447616577,0.8164513111114502,-0.053741153329610825,0.7121726274490356,0.7324220538139343,-0.09584744274616241,0.7841459512710571,0.6607793569564819,-0.13552656769752502,0.8462121486663818,0.6112716794013977,-0.1765972524881363,0.6175202131271362,0.538275957107544,-0.0745406374335289,0.655789852142334,0.3818766474723816,-0.11498335748910904,0.67842698097229,0.2887841761112213,-0.1426778882741928,0.6968376040458679,0.19477546215057373,-0.1622585505247116,0.5463972091674805,0.5061469078063965,-0.07698014378547668,0.5551232099533081,0.34228193759918213,-0.11336931586265564,0.5586481690406799,0.23779001832008362,-0.13853396475315094,0.5599352717399597,0.1372363269329071,-0.15979433059692383,0.48487213253974915,0.5138375163078308,-0.08413801342248917,0.4756757915019989,0.35852155089378357,-0.11967659741640091,0.4719317555427551,0.2580355703830719,-0.14139026403427124,0.4704573154449463,0.16896310448646545,-0.157396599650383,0.43135184049606323,0.5445017218589783,-0.0970178171992302,0.3996100425720215,0.4323159456253052,-0.12185001373291016,0.37960681319236755,0.35820290446281433,-0.13549059629440308,0.364804744720459,0.28292739391326904,-0.147264301776886
open_palm,Left,0.5225486755371094,0.8354917764663696,2.311608682248334e-08,0.6103729009628296,0.774967610836029,-0.06155605614185333,0.6861072778701782,0.6831579208374023,-0.10996842384338379,0.7398499250411987,0.597854733467102,-0.15361633896827698,0.780744194984436,0.5294042825698853,-0.19814935326576233,0.5630473494529724,0.5184088945388794,-0.09203507006168365,0.5698425769805908,0.36042988300323486,-0.13963966071605682,0.5780616998672485,0.2568797767162323,-0.17222847044467926,0.581349790096283,0.15721875429153442,-0.19481061398983002,0.49192166328430176,0.5108205676078796,-0.09216747432947159,0.47094953060150146,0.34522899985313416,-0.13796043395996094,0.4549286365509033,0.23550280928611755,-0.16733884811401367,0.43464791774749756,0.13296666741371155,-0.1907547563314438,0.43461722135543823,0.5393221378326416,-0.09667188674211502,0.39655110239982605,0.38981714844703674,-0.13949191570281982,0.37055134773254395,0.2953284680843353,-0.16293182969093323,0.3484615087509155,0.20989403128623962,-0.1793743520975113,0.3873605728149414,0.591471254825592,-0.10697856545448303,0.3345481753349304,0.48900067806243896,-0.13662362098693848,0.2953081727027893,0.41832536458969116,-0.15175573527812958,0.2610557973384857,0.3487115502357483,-0.16442978382110596
open_palm,Left,0.5257884860038757,0.8342390060424805,1.92427229706027e-08,0.6112380027770996,0.7596749663352966,-0.07882458716630936,0.672821581363678,0.6518157124519348,-0.13641706109046936,0.7135721445083618,0.557008683681488,-0.1868995875120163,0.7512457370758057,0.4799222946166992,-0.23939035832881927,0.5317326188087463,0.5055213570594788,-0.1121964380145073,0.5198705196380615,0.35266387462615967,-0.16770853102207184,0.5134056210517883,0.24970215559005737,-0.20674550533294678,0.49998223781585693,0.15357756614685059,-0.23360510170459747,0.4580995738506317,0.5160058736801147,-0.10717712342739105,0.4143245220184326,0.3513750433921814,-0.15954478085041046,0.3826918601989746,0.24547410011291504,-0.19780495762825012,0.34799206256866455,0.1512698531150818,-0.22809526324272156,0.40354371070861816,0.5585982203483582,-0.10812278091907501,0.3455504775047302,0.4173031449317932,-0.15827612578868866,0.3069700598716736,0.31813812255859375,-0.19419749081134796,0.2734818160533905,0.23212048411369324,-0.21957212686538696,0.36075377464294434,0.6261897683143616,-0.11581625044345856,0.2943349778652191,0.5351185202598572,-0.15396979451179504,0.24582701921463013,0.47199469804763794,-0.17851859331130981,0.20311307907104492,0.41140279173851013,-0.19851996004581451
open_palm,Left,0.5146487951278687,0.8470258712768555,1.5011487164429127e-08,0.6089032888412476,0.7951061129570007,-0.08129685372114182,0.689068078994751,0.6826663017272949,-0.14338244497776031,0.7557621598243713,0.5938032269477844,-0.19752533733844757,0.814075231552124,0.5310277342796326,-0.25553780794143677,0.5711784362792969,0.5136536359786987,-0.13709315657615662,0.5868734121322632,0.3512127995491028,-0.20057618618011475,0.5896722674369812,0.24862515926361084,-0.2446381151676178,0.5858373045921326,0.14629295468330383,-0.27433353662490845,0.4955996572971344,0.5088327527046204,-0.1313934624195099,0.4761721193790436,0.3421630263328552,-0.1874009519815445,0.4569109380245209,0.23757979273796082,-0.22843295335769653,0.4344847500324249,0.1396091878414154,-0.2624987065792084,0.43490779399871826,0.5364736914634705,-0.1303086280822754,0.3994482159614563,0.38033607602119446,-0.17929282784461975,0.37295931577682495,0.27885448932647705,-0.2203066200017929,0.35099029541015625,0.18632271885871887,-0.2520184814929962,0.3847227692604065,0.5858228206634521,-0.13561269640922546,0.32978948950767517,0.4842361807823181,-0.17420203983783722,0.2899169921875,0.41729891300201416,-0.20396114885807037,0.25564634799957275,0.34450116753578186,-0.229841947555542
open_palm,Left,0.5151408314704895,0.8816622495651245,1.3719178681981248e-08,0.621123194694519,0.8448632955551147,-0.05146479979157448,0.7192555069923401,0.7522701025009155,-0.09083842486143112,0.797554612159729,0.6705355048179626,-0.1272992491722107,0.8617653846740723,0.6207845211029053,-0.1647515892982483,0.6431723833084106,0.5418810248374939,-0.0725042000412941,0.6909798979759216,0.39074191451072693,-0.11009185761213303,0.7151049375534058,0.29573410749435425,-0.13496486842632294,0.7316746711730957,0.20104166865348816,-0.15148459374904633,0.5737193822860718,0.5043250918388367,-0.0734962522983551,0.5907920598983765,0.33201825618743896,-0.10228930413722992,0.5942507982254028,0.22214239835739136,-0.12368828803300858,0.5921911001205444,0.12292763590812683,-0.14382275938987732,0.5105952620506287,0.5053648352622986,-0.07900261133909225,0.5066162347793579,0.3411908745765686,-0.10584450513124466,0.5025091767311096,0.23734977841377258,-0.12629835307598114,0.498711496591568,0.14617854356765747,-0.14360149204730988,0.45013511180877686,0.5314735174179077,-0.09027401357889175,0.417432576417923,0.41389575600624084,-0.10997597128152847,0.39634305238723755,0.34064674377441406,-0.12328241020441055,0.3792088031768799,0.2654825747013092,-0.13614992797374725
open_palm,Left,0.5046714544296265,0.8747271299362183,1.4331612341322852e-08,0.6114422082901001,0.873522937297821,-0.04564164951443672,0.7193325161933899,0.8234055638313293,-0.08033548295497894,0.8062427043914795,0.7773076891899109,-0.11352044343948364,0.879638671875,0.7579021453857422,-0.1477336436510086,0.6794970631599426,0.5917437076568604,-0.05666302517056465,0.7481708526611328,0.4520001709461212,-0.08853910863399506,0.7869700193405151,0.3685310482978821,-0.11101437360048294,0.8189054727554321,0.2845990061759949,-0.1270723193883896,0.618677020072937,0.5315874218940735,-0.05932709574699402,0.665562629699707,0.37387803196907043,-0.08283910900354385,0.6885981559753418,0.2726929485797882,-0.10319333523511887,0.7061881422996521,0.1751994490623474,-0.12244254350662231,0.5581414103507996,0.5116157531738281,-0.0667412132024765,0.5841888189315796,0.35914117097854614,-0.08917220681905746,0.5962719917297363,0.2628153860569,-0.10840854048728943,0.6081851720809937,0.1756702959537506,-0.12493991106748581,0.49708810448646545,0.5174978971481323,-0.07973688095808029,0.489133358001709,0.39618247747421265,-0.09692622721195221,0.4812796413898468,0.3177748918533325,-0.10969671607017517,0.4785000681877136,0.23684275150299072,-0.12179308384656906
open_palm,Left,0.4988512098789215,0.8712502121925354,1.5921727936074603e-08,0.6033570170402527,0.8757848739624023,-0.05087925121188164,0.7138235569000244,0.8393856287002563,-0.0873643085360527,0.8014459013938904,0.8015269041061401,-0.1214914470911026,0.8725111484527588,0.780317485332489,-0.15742097795009613,0.6843231320381165,0.6065114736557007,-0.06521720439195633,0.7597882151603699,0.4739360213279724,-0.09935417771339417,0.8014844655990601,0.3943321704864502,-0.12392250448465347,0.8388714790344238,0.31379827857017517,-0.14298959076404572,0.629030168056488,0.5402463674545288,-0.06783036142587662,0.6823460459709167,0.3872063159942627,-0.0972127690911293,0.7106876969337463,0.28895464539527893,-0.12203417718410492,0.7341341376304626,0.19637024402618408,-0.1441507786512375,0.5701600313186646,0.5152991414070129,-0.07503261417150497,0.6023529171943665,0.3754769265651703,-0.10570754110813141,0.6230955719947815,0.284708708524704,-0.13057339191436768,0.6424992084503174,0.2025076448917389,-0.14956842362880707,0.5096829533576965,0.5191589593887329,-0.08761118352413177,0.5085247159004211,0.4018915295600891,-0.11253726482391357,0.5086555480957031,0.3270241916179657,-0.12959833443164825,0.5119149684906006,0.25305622816085815,-0.14355586469173431
open_palm,Left,0.5171781778335571,0.8386062979698181,2.1709579911544097e-08,0.6138705015182495,0.8097536563873291,-0.0542561411857605,0.6954238414764404,0.7187330722808838,-0.10195265710353851,0.7540910243988037,0.6258832216262817,-0.14385008811950684,0.8048166036605835,0.5372164249420166,-0.1895354986190796,0.6009671688079834,0.5282342433929443,-0.11672227084636688,0.6252095103263855,0.3606328070163727,-0.17200295627117157,0.6411821842193604,0.264585018157959,-0.20834296941757202,0.6576139330863953,0.17250195145606995,-0.23456025123596191,0.5290708541870117,0.5112932920455933,-0.1210557073354721,0.514825701713562,0.34265339374542236,-0.181062713265419,0.5090201497077942,0.23467019200325012,-0.2153187245130539,0.5062776803970337,0.14272159337997437,-0.24296636879444122,0.4666287302970886,0.5374594926834106,-0.12559841573238373,0.4358151853084564,0.3941313624382019,-0.18331369757652283,0.4146304726600647,0.2865050137042999,-0.20925816893577576,0.40379175543785095,0.20023009181022644,-0.22727236151695251,0.41450226306915283,0.5876325964927673,-0.1339254528284073,0.3714607357978821,0.5034077763557434,-0.17606677114963531,0.3440118134021759,0.4474288821220398,-0.19288961589336395,0.32641685009002686,0.39149338006973267,-0.20638853311538696
open_palm,Left,0.5468469858169556,0.8151955604553223,2.1989064791227975e-08,0.6289718747138977,0.7302430868148804,-0.06634530425071716,0.6853194236755371,0.621680498123169,-0.11855871230363846,0.7193493247032166,0.5179567337036133,-0.16555415093898773,0.7439049482345581,0.43002885580062866,-0.21393261849880219,0.5374392867088318,0.5015913844108582,-0.09768307209014893,0.5195974707603455,0.3513813018798828,-0.1500343531370163,0.5117238163948059,0.2481655478477478,-0.18733683228492737,0.49987006187438965,0.15170389413833618,-0.21361728012561798,0.46698224544525146,0.5196675658226013,-0.09762656688690186,0.41594207286834717,0.3673906922340393,-0.14858609437942505,0.381538987159729,0.2606695294380188,-0.185435488820076,0.34605872631073,0.1640811264514923,-0.2152186930179596,0.41534411907196045,0.570369303226471,-0.10196071118116379,0.34707340598106384,0.4419054388999939,-0.15288780629634857,0.30204176902770996,0.3564099967479706,-0.18407875299453735,0.2651906907558441,0.27684712409973145,-0.2060839980840683,0.3785635530948639,0.6442054510116577,-0.11187499761581421,0.3027614951133728,0.5801368951797485,-0.14781613647937775,0.251101016998291,0.5461299419403076,-0.1660175770521164,0.2076658010482788,0.5084273219108582,-0.18144387006759644
open_palm,Left,0.5443078279495239,0.8073723316192627,1.8121770750667565e-08,0.6225163340568542,0.7113739252090454,-0.07854269444942474,0.666443943977356,0.5773600935935974,-0.14263767004013062,0.6919848918914795,0.47216933965682983,-0.19949087500572205,0.7189098596572876,0.38705605268478394,-0.2599344849586487,0.518530011177063,0.4966138005256653,-0.14337922632694244,0.487870454788208,0.34389829635620117,-0.21029159426689148,0.46752142906188965,0.24093636870384216,-0.2557811737060547,0.44146791100502014,0.14179012179374695,-0.28784170746803284,0.44744396209716797,0.5304564833641052,-0.14312246441841125,0.38131219148635864,0.387653648853302,-0.20530271530151367,0.33712634444236755,0.2952534258365631,-0.24783289432525635,0.2903105616569519,0.2059970498085022,-0.2834033668041229,0.3983670175075531,0.5888195037841797,-0.14695359766483307,0.3159119784832001,0.4712107181549072,-0.20312802493572235,0.26174426078796387,0.38701653480529785,-0.2433006763458252,0.21465635299682617,0.3099304735660553,-0.2743796408176422,0.3645115792751312,0.6662230491638184,-0.15656931698322296,0.2718539237976074,0.6213083267211914,-0.20018702745437622,0.20287713408470154,0.5927938222885132,-0.2288341522216797,0.14145007729530334,0.5569219589233398,-0.2537510395050049
open_palm,Left,0.5450729727745056,0.8344138860702515,1.5798221397744783e-08,0.6258267164230347,0.7436045408248901,-0.07682707160711288,0.6806668043136597,0.6135252118110657,-0.13651499152183533,0.7186280488967896,0.5086268782615662,-0.18967129290103912,0.7528676986694336,0.4263901114463806,-0.24696898460388184,0.5440776348114014,0.4923170208930969,-0.1289289891719818,0.5361815690994263,0.32912585139274597,-0.1918085515499115,0.5266774892807007,0.22846928238868713,-0.23512661457061768,0.5096254348754883,0.13074317574501038,-0.2646050751209259,0.4709465503692627,0.5139062404632568,-0.1265799105167389,0.42520377039909363,0.3582260012626648,-0.18217480182647705,0.39486366510391235,0.26425185799598694,-0.22303254902362823,0.35954272747039795,0.17584571242332458,-0.2571728825569153,0.41664478182792664,0.5628859400749207,-0.12932798266410828,0.35202497243881226,0.42666390538215637,-0.1793726086616516,0.31071433424949646,0.33831363916397095,-0.221632182598114,0.2725719213485718,0.2531326413154602,-0.25438740849494934,0.3748786747455597,0.6352877020835876,-0.1379876285791397,0.2967837452888489,0.5678150653839111,-0.17783096432685852,0.2379375845193863,0.5258556008338928,-0.2086441069841385,0.18372255563735962,0.47255411744117737,-0.23535293340682983
open_palm,Left,0.5319691896438599,0.8563299179077148,1.532483828725617e-08,0.6243634223937988,0.7927026748657227,-0.06267460435628891,0.7018907070159912,0.6740756034851074,-0.11354232579469681,0.7663149833679199,0.5801452994346619,-0.15991553664207458,0.8230836391448975,0.5178070068359375,-0.2091875821352005,0.5920782089233398,0.509595513343811,-0.10714708268642426,0.6132879257202148,0.35071778297424316,-0.16096442937850952,0.622142493724823,0.25060126185417175,-0.19795379042625427,0.6236298084259033,0.1495869755744934,-0.22259585559368134,0.5186489820480347,0.5024426579475403,-0.10728904604911804,0.5035568475723267,0.3324892818927765,-0.15292374789714813,0.48982536792755127,0.2259736955165863,-0.1862470507621765,0.47130823135375977,0.1261412799358368,-0.21502679586410522,0.45742446184158325,0.5290563106536865,-0.11156675964593887,0.4214073419570923,0.37256723642349243,-0.14960162341594696,0.39557650685310364,0.27803653478622437,-0.18094536662101746,0.3728133738040924,0.19119641184806824,-0.20674507319927216,0.4057915210723877,0.579749584197998,-0.12152063846588135,0.3480403423309326,0.47592511773109436,-0.15048493444919586,0.3057849407196045,0.41039472818374634,-0.17255651950836182,0.2677951455116272,0.3391101360321045,-0.1931106299161911
open_palm,Left,0.5042288303375244,0.888030469417572,1.2639528534919009e-08,0.6128299236297607,0.850832462310791,-0.036004628986120224,0.7161431312561035,0.7677663564682007,-0.06532049179077148,0.8000128865242004,0.6951767802238464,-0.09383627027273178,0.8718411922454834,0.6621575951576233,-0.12259513139724731,0.658482551574707,0.5458323955535889,-0.04966190084815025,0.7187358736991882,0.3963542580604553,-0.07689797133207321,0.7533735632896423,0.305882066488266,-0.09500674158334732,0.7805615663528442,0.21604594588279724,-0.10687734186649323,0.5930748581886292,0.5001475811004639,-0.05367588624358177,0.6259092092514038,0.3343902826309204,-0.07093221694231033,0.6427145600318909,0.23215091228485107,-0.08525244891643524,0.6520783305168152,0.1415209174156189,-0.10044942051172256,0.5306927561759949,0.49412378668785095,-0.06097760796546936,0.5395874381065369,0.3323872983455658,-0.07566037774085999,0.5464070439338684,0.23049357533454895,-0.08976675570011139,0.5514521598815918,0.14241230487823486,-0.10370128601789474,0.46875855326652527,0.5131009817123413,-0.07313872873783112,0.44496655464172363,0.39153987169265747,-0.08284341543912888,0.429893434047699,0.3137654662132263,-0.0910503938794136,0.4179089367389679,0.23445263504981995,-0.10084178298711777
open_palm,Left,0.513580858707428,0.831658124923706,2.124115816570793e-08,0.6108111143112183,0.8032634258270264,-0.053313761949539185,0.7025284171104431,0.7361509799957275,-0.09326241910457611,0.7730467915534973,0.6641677618026733,-0.12916280329227448,0.8288664817810059,0.6080819368362427,-0.16569557785987854,0.6225230693817139,0.5397464036941528,-0.07492204010486603,0.6681491732597351,0.38035205006599426,-0.11222761124372482,0.6970055103302002,0.28493112325668335,-0.1379212886095047,0.7198016047477722,0.19308102130889893,-0.15694093704223633,0.5547651648521423,0.4959361255168915,-0.07477332651615143,0.5723550915718079,0.3348235487937927,-0.10868013650178909,0.5840194225311279,0.22504457831382751,-0.13344596326351166,0.590503454208374,0.12287044525146484,-0.15508553385734558,0.49311572313308716,0.494021475315094,-0.07830645889043808,0.4881933927536011,0.34305816888809204,-0.1123756393790245,0.48825207352638245,0.2393573522567749,-0.1343764215707779,0.4890441596508026,0.14975550770759583,-0.15103362500667572,0.4374529719352722,0.5183980464935303,-0.08685756474733353,0.4044370651245117,0.4048013687133789,-0.11115030199289322,0.38125330209732056,0.32412827014923096,-0.1251538246870041,0.3640817105770111,0.2462870478630066,-0.13721796870231628
open_palm,Left,0.5111848711967468,0.8346289396286011,2.311001701116311e-08,0.6001750826835632,0.7694109082221985,-0.06589958816766739,0.6699953079223633,0.6672353744506836,-0.11785436421632767,0.719841718673706,0.5654608011245728,-0.16279038786888123,0.7610928416252136,0.48101553320884705,-0.20986473560333252,0.5478819608688354,0.5056318640708923,-0.11908137798309326,0.5545558333396912,0.3305847644805908,-0.1752271205186844,0.5573758482933044,0.2233041524887085,-0.21255043148994446,0.5578750967979431,0.1234690248966217,-0.23905408382415771,0.4724035859107971,0.4990905821323395,-0.11849404126405716,0.4469178318977356,0.3284180164337158,-0.17651896178722382,0.4260772466659546,0.21203359961509705,-0.2126908153295517,0.40683063864707947,0.11181673407554626,-0.2418217658996582,0.41276562213897705,0.536288857460022,-0.12023971974849701,0.3657953143119812,0.38957464694976807,-0.1768696904182434,0.32979172468185425,0.2915210723876953,-0.20649969577789307,0.30500319600105286,0.20743760466575623,-0.22687751054763794,0.3674600124359131,0.599431037902832,-0.12680567800998688,0.30820900201797485,0.5096205472946167,-0.16844569146633148,0.26864323019981384,0.45624151825904846,-0.18813416361808777,0.240314781665802,0.40404602885246277,-0.20394298434257507
open_palm,Left,0.5190264582633972,0.8193707466125488,1.9108929549815912e-08,0.6046645641326904,0.7478172183036804,-0.07350508868694305,0.6680567264556885,0.6375611424446106,-0.13325507938861847,0.710442841053009,0.5471539497375488,-0.18724696338176727,0.751817524433136,0.47318071126937866,-0.2441662698984146,0.5340557098388672,0.4962587356567383,-0.125208780169487,0.5354175567626953,0.32928019762039185,-0.18705236911773682,0.5380577445030212,0.2224118411540985,-0.22919774055480957,0.5324601531028748,0.11626583337783813,-0.2585495412349701,0.46112844347953796,0.5061919689178467,-0.12570035457611084,0.4255165457725525,0.3397732675075531,-0.18451027572155,0.3995017409324646,0.2339741587638855,-0.22425994277000427,0.3681691288948059,0.13313230872154236,-0.25650665163993835,0.40619710087776184,0.5482733249664307,-0.13091206550598145,0.34872591495513916,0.4048022925853729,-0.1850079745054245,0.308361679315567,0.3021313548088074,-0.22257211804389954,0.27322280406951904,0.210499107837677,-0.2502046823501587,0.36278635263442993,0.612714409828186,-0.14208053052425385,0.2887899577617645,0.5232974886894226,-0.1836194396018982,0.233241468667984,0.4607253670692444,-0.21021243929862976,0.1846969723701477,0.3982400894165039,-0.23236268758773804
open_palm,Left,0.5202997326850891,0.8059095740318298,1.1216580553252697e-08,0.610098659992218,0.7358224391937256,-0.0699249804019928,0.6759173274040222,0.621637761592865,-0.12260887026786804,0.719312310218811,0.5229437351226807,-0.16970661282539368,0.7582014799118042,0.4437955617904663,-0.2189493179321289,0.5563085079193115,0.4841553568840027,-0.10337524861097336,0.5559085011482239,0.350578635931015,-0.1582469940185547,0.5523340106010437,0.2659611701965332,-0.19461961090564728,0.5450066328048706,0.18390655517578125,-0.2182663530111313,0.4880167543888092,0.48844966292381287,-0.10159549117088318,0.47365567088127136,0.3362286686897278,-0.15028731524944305,0.4614379107952118,0.23761749267578125,-0.18565382063388824,0.44563013315200806,0.14667603373527527,-0.21404792368412018,0.4318016469478607,0.5198506712913513,-0.10573823004961014,0.4037439227104187,0.37164872884750366,-0.1504952758550644,0.38457444310188293,0.2739696502685547,-0.18424664437770844,0.3680058419704437,0.18233627080917358,-0.20935088396072388,0.38124239444732666,0.5751467347145081,-0.1159934401512146,0.3332488536834717,0.469555139541626,-0.15108825266361237,0.2981758713722229,0.39442673325538635,-0.17609147727489471,0.2682616114616394,0.3149075508117676,-0.19713211059570312
open_palm,Left,0.511630654335022,0.7881890535354614,1.056716136815794e-08,0.6045223474502563,0.7406432032585144,-0.07041698694229126,0.6774849891662598,0.6428673267364502,-0.12477957457304001,0.7233839631080627,0.5520210266113281,-0.17327284812927246,0.761450469493866,0.4725503921508789,-0.2239370495080948,0.5649108290672302,0.49030402302742004,-0.10648210346698761,0.570570707321167,0.3624885082244873,-0.16332033276557922,0.5707517266273499,0.28550177812576294,-0.20043432712554932,0.5669397115707397,0.21346116065979004,-0.22452788054943085,0.49870672821998596,0.48921146988868713,-0.10499465465545654,0.4943193197250366,0.35704970359802246,-0.1608521044254303,0.48812395334243774,0.2775646448135376,-0.19821102917194366,0.47852638363838196,0.20437100529670715,-0.22535713016986847,0.4420030117034912,0.518071711063385,-0.10892752557992935,0.4216098189353943,0.388014554977417,-0.16152317821979523,0.4039752781391144,0.29982101917266846,-0.1968434453010559,0.3902072310447693,0.21952921152114868,-0.22032690048217773,0.3904785215854645,0.5687416195869446,-0.11852697283029556,0.3509727120399475,0.46816274523735046,-0.15888407826423645,0.3250485956668854,0.39637795090675354,-0.18517668545246124,0.3057166635990143,0.32375603914260864,-0.20546495914459229
open_palm,Left,0.512323796749115,0.8047912120819092,1.56368678005947e-08,0.5994486808776855,0.7280725836753845,-0.04700186476111412,0.6642894744873047,0.6193652153015137,-0.08205051720142365,0.7030475735664368,0.5171788334846497,-0.11539433896541595,0.7324132323265076,0.4423016309738159,-0.14981640875339508,0.548409640789032,0.46518540382385254,-0.05798931419849396,0.5555252432823181,0.31593436002731323,-0.09187084436416626,0.5614778995513916,0.22207912802696228,-0.11597918719053268,0.5616517066955566,0.1308455467224121,-0.1335979402065277,0.48230332136154175,0.4573231339454651,-0.061447929590940475,0.4632473587989807,0.2987615764141083,-0.0892636626958847,0.45209306478500366,0.19947615265846252,-0.11293461173772812,0.4360465109348297,0.10345467925071716,-0.13419029116630554,0.4296671152114868,0.48484691977500916,-0.07000309973955154,0.38849788904190063,0.3440457880496979,-0.09848186373710632,0.36506927013397217,0.2455865740776062,-0.12250939011573792,0.34484824538230896,0.1580539047718048,-0.14145627617835999,0.38524913787841797,0.5396364331245422,-0.0835999846458435,0.32678401470184326,0.44526001811027527,-0.10506462305784225,0.28687331080436707,0.3872205317020416,-0.12021684646606445,0.2525341510772705,0.33052921295166016,-0.13347339630126953
open_palm,Left,0.5029625296592712,0.7882000207901001,1.2140104921343209e-08,0.592402458190918,0.7104483842849731,-0.03206276521086693,0.6586730480194092,0.5955474972724915,-0.05463118851184845,0.6937788128852844,0.47997966408729553,-0.07754617184400558,0.714982271194458,0.3914048373699188,-0.10010024905204773,0.5418874621391296,0.45956185460090637,-0.02212953381240368,0.5483799576759338,0.327131986618042,-0.04365954175591469,0.5516816973686218,0.24682080745697021,-0.057364948093891144,0.5502350330352783,0.1732277274131775,-0.0661984235048294,0.47962480783462524,0.4493193030357361,-0.026318294927477837,0.46607235074043274,0.30976223945617676,-0.04080019146203995,0.45609617233276367,0.22271272540092468,-0.0534498393535614,0.4409804344177246,0.1414153277873993,-0.06488654017448425,0.42912912368774414,0.46959275007247925,-0.035905953496694565,0.40162479877471924,0.3392239809036255,-0.05240119248628616,0.38686856627464294,0.25242292881011963,-0.0640263557434082,0.3721843361854553,0.17570778727531433,-0.07301709800958633,0.383522629737854,0.5118179321289062,-0.05040310323238373,0.3375032842159271,0.4244571924209595,-0.06167810410261154,0.3045450448989868,0.3614073693752289,-0.0689208135008812,0.27451908588409424,0.2951662540435791,-0.07522538304328918
open_palm,Left,0.48219799995422363,0.7805124521255493,1.2407974203654248e-08,0.5698346495628357,0.7008941769599915,-0.02895287238061428,0.6357361674308777,0.5936741828918457,-0.0465397834777832,0.6695491075515747,0.4832821786403656,-0.06478115916252136,0.6836751699447632,0.3956007659435272,-0.08166409283876419,0.5331935286521912,0.4698074460029602,-0.0043805669993162155,0.5409302711486816,0.355877161026001,-0.018755260854959488,0.5433624386787415,0.2876993417739868,-0.02837279625236988,0.5413992404937744,0.22881239652633667,-0.03378220647573471,0.473921537399292,0.45962807536125183,-0.006504143588244915,0.4661466181278229,0.33503156900405884,-0.014245170168578625,0.45815253257751465,0.2597121000289917,-0.02400384098291397,0.44720908999443054,0.1961713433265686,-0.0324903205037117,0.4243844151496887,0.47697293758392334,-0.014434624463319778,0.4048817753791809,0.35864999890327454,-0.023803269490599632,0.3948012590408325,0.2910570204257965,-0.030405540019273758,0.3861725628376007,0.23644810914993286,-0.03564067929983139,0.3786845803260803,0.5120909810066223,-0.02758950926363468,0.34277790784835815,0.42906853556632996,-0.03234824538230896,0.31717395782470703,0.37169525027275085,-0.03547782078385353,0.29616501927375793,0.3156760632991791,-0.038477521389722824
open_palm,Left,0.4784787595272064,0.7860682010650635,1.2623110556830852e-08,0.5602564811706543,0.7098782658576965,-0.02409115806221962,0.6229395866394043,0.6171489953994751,-0.038470227271318436,0.6501308679580688,0.5146901607513428,-0.0538303479552269,0.6501758694648743,0.42826390266418457,-0.06682908535003662,0.5341699719429016,0.48538562655448914,0.003942406270653009,0.5440693497657776,0.37167567014694214,-0.005743542220443487,0.5472553968429565,0.3081899881362915,-0.012256162241101265,0.5463930368423462,0.2542814612388611,-0.016322607174515724,0.47786781191825867,0.47171688079833984,0.0010231436463072896,0.47271424531936646,0.35348159074783325,-0.0029710326343774796,0.46693897247314453,0.2794662117958069,-0.01039038598537445,0.4579395353794098,0.2150551974773407,-0.017450612038373947,0.4289487898349762,0.4852977693080902,-0.007298673968762159,0.41219520568847656,0.3741392493247986,-0.013467898592352867,0.4036872684955597,0.31125372648239136,-0.017940286546945572,0.3962973654270172,0.2597494125366211,-0.02201412245631218,0.38269662857055664,0.5171798467636108,-0.0204309169203043,0.34808993339538574,0.43768277764320374,-0.022588923573493958,0.3253685235977173,0.3850501775741577,-0.02381519228219986,0.3067467212677002,0.33455440402030945,-0.025406580418348312
open_palm,Left,0.4837648570537567,0.7844283580780029,1.030465313078821e-08,0.5684568285942078,0.7160441279411316,-0.034617044031620026,0.6335073709487915,0.6158580780029297,-0.05644097551703453,0.6603654623031616,0.5098599195480347,-0.07628671079874039,0.6707569360733032,0.42604151368141174,-0.09542480856180191,0.5373159050941467,0.4831630289554596,-0.033148959279060364,0.5438141822814941,0.3540325462818146,-0.05323626846075058,0.5441678762435913,0.2735826075077057,-0.06628400087356567,0.540270984172821,0.2023276388645172,-0.0756281241774559,0.47713497281074524,0.47225046157836914,-0.033008795231580734,0.4696196913719177,0.33666083216667175,-0.049679532647132874,0.46300145983695984,0.2531457245349884,-0.06334107369184494,0.4513145983219147,0.17598360776901245,-0.07506820559501648,0.4268762767314911,0.4882119297981262,-0.03681803122162819,0.4038962721824646,0.3658858835697174,-0.0547294020652771,0.39049431681632996,0.2867603600025177,-0.06736806780099869,0.37762343883514404,0.21965324878692627,-0.0768517479300499,0.3809482753276825,0.5252745151519775,-0.044853877276182175,0.3388088047504425,0.4351174831390381,-0.05845235288143158,0.3094809651374817,0.3722171485424042,-0.06721153110265732,0.28372257947921753,0.3112475275993347,-0.07401947677135468
open_palm,Left,0.4949210286140442,0.8138771057128906,1.0007058293126647e-08,0.5860162377357483,0.7511670589447021,-0.050873786211013794,0.6581889390945435,0.6490265727043152,-0.08614327758550644,0.6949406862258911,0.542209267616272,-0.11675617098808289,0.7165926098823547,0.4476485550403595,-0.14802446961402893,0.5613657236099243,0.49326291680336,-0.06919925659894943,0.5752124786376953,0.3436148762702942,-0.10293833911418915,0.5804929137229919,0.2521311342716217,-0.1238919273018837,0.5816026329994202,0.16655275225639343,-0.13847558200359344,0.4977075159549713,0.4774928092956543,-0.06666019558906555,0.49182572960853577,0.3191559314727783,-0.09705106914043427,0.4868258535861969,0.22686198353767395,-0.11764968186616898,0.4777539372444153,0.13865384459495544,-0.13420931994915009,0.44311490654945374,0.49281126260757446,-0.06832995265722275,0.42280876636505127,0.3475424647331238,-0.09877654910087585,0.4108341932296753,0.25512054562568665,-0.12045517563819885,0.40042242407798767,0.17254620790481567,-0.13583840429782867,0.3933500051498413,0.5354482531547546,-0.0745253935456276,0.34917914867401123,0.4283432066440582,-0.0989082083106041,0.317960262298584,0.3574545979499817,-0.11506763100624084,0.2926311790943146,0.2873549163341522,-0.12752404808998108
open_palm,Left,0.499702513217926,0.816321611404419,1.3408201660070063e-08,0.5948933362960815,0.7661638259887695,-0.06606784462928772,0.6691572666168213,0.6619117259979248,-0.11508380621671677,0.7098188400268555,0.5605021119117737,-0.15778888761997223,0.7421676516532898,0.4762272834777832,-0.202611044049263,0.5671473145484924,0.5055549144744873,-0.10683710873126984,0.5858344435691833,0.3609989285469055,-0.1577853262424469,0.5947800278663635,0.268637478351593,-0.19058246910572052,0.5987453460693359,0.17821285128593445,-0.21356356143951416,0.4974537789821625,0.4894363582134247,-0.10540246218442917,0.4875650405883789,0.32995232939720154,-0.15399262309074402,0.4801948666572571,0.22820600867271423,-0.18665234744548798,0.46873074769973755,0.12572064995765686,-0.21326316893100739,0.43897658586502075,0.5088688135147095,-0.10846253484487534,0.4090215563774109,0.36110028624534607,-0.15576890110969543,0.39056408405303955,0.2574697434902191,-0.18867123126983643,0.3752979636192322,0.16280952095985413,-0.2123986929655075,0.3863790035247803,0.5555500984191895,-0.11653219163417816,0.3331710696220398,0.44836875796318054,-0.15387457609176636,0.29215219616889954,0.3761309087276459,-0.17777782678604126,0.25822100043296814,0.30543383955955505,-0.1968560814857483
open_palm,Left,0.5030994415283203,0.8250483274459839,1.7112773420535632e-08,0.6012223362922668,0.7842564582824707,-0.0732804536819458,0.68379145860672,0.6802527904510498,-0.13662151992321014,0.7402501106262207,0.5961607694625854,-0.19266867637634277,0.7909160256385803,0.5266406536102295,-0.25229883193969727,0.5795763731002808,0.5339463949203491,-0.14929668605327606,0.6113946437835693,0.38866227865219116,-0.21871894598007202,0.6300443410873413,0.2933301329612732,-0.2629367411136627,0.6429697275161743,0.19691148400306702,-0.29356858134269714,0.5046165585517883,0.5213432312011719,-0.15094050765037537,0.4993751049041748,0.35872378945350647,-0.21824096143245697,0.4950089156627655,0.24967941641807556,-0.259802907705307,0.48632559180259705,0.13750779628753662,-0.2939161956310272,0.4410546123981476,0.5445246696472168,-0.15538452565670013,0.40881508588790894,0.38951998949050903,-0.21657878160476685,0.38445785641670227,0.28151828050613403,-0.2547692656517029,0.36485493183135986,0.17784342169761658,-0.2835375964641571,0.3863689601421356,0.5925472974777222,-0.164421945810318,0.32447361946105957,0.4869604706764221,-0.21159271895885468,0.2758890986442566,0.4131718575954437,-0.23923882842063904,0.23534411191940308,0.3360753655433655,-0.2626834511756897
open_palm,Left,0.5038304924964905,0.8426473140716553,2.0751263818397092e-08,0.5965883135795593,0.7725265026092529,-0.05624143034219742,0.6787567734718323,0.656505823135376,-0.10212701559066772,0.741281270980835,0.5606241226196289,-0.1460590809583664,0.798484742641449,0.4958322048187256,-0.19208718836307526,0.5618115663528442,0.503984272480011,-0.08410898596048355,0.5800305604934692,0.34060513973236084,-0.13061867654323578,0.5911675691604614,0.23496651649475098,-0.16378282010555267,0.5952142477035522,0.1297435462474823,-0.18760788440704346,0.4875143766403198,0.49505341053009033,-0.0889265164732933,0.4718374013900757,0.3264029026031494,-0.13099098205566406,0.4573146402835846,0.21657946705818176,-0.1624087393283844,0.43756166100502014,0.1096978485584259,-0.18926222622394562,0.42591267824172974,0.52315753698349,-0.098361074924469,0.38443511724472046,0.37112462520599365,-0.13852572441101074,0.3565373420715332,0.2684176564216614,-0.16677409410476685,0.33289772272109985,0.1769963502883911,-0.18836355209350586,0.3737053871154785,0.5746302008628845,-0.11343582719564438,0.3140488862991333,0.4715763032436371,-0.14264462888240814,0.2706860601902008,0.40567731857299805,-0.16058264672756195,0.2323145568370819,0.3394481837749481,-0.17628085613250732
open_palm,Left,0.4894523024559021,0.8166780471801758,1.9584678767614605e-08,0.5800289511680603,0.7350806593894958,-0.04365277290344238,0.6524264812469482,0.6192020773887634,-0.07271351665258408,0.6989364624023438,0.5066760182380676,-0.10099495947360992,0.7323871850967407,0.4267677068710327,-0.12850330770015717,0.5300150513648987,0.4726640284061432,-0.030068326741456985,0.534771740436554,0.32436227798461914,-0.053698472678661346,0.5350587368011475,0.2313583493232727,-0.07086770236492157,0.529229998588562,0.14501824975013733,-0.08259457349777222,0.45819592475891113,0.4629781246185303,-0.030692463740706444,0.43869203329086304,0.31717705726623535,-0.04780685901641846,0.42242011427879333,0.22107332944869995,-0.06391128897666931,0.40215903520584106,0.13422933220863342,-0.07841765880584717,0.4007526636123657,0.4894483983516693,-0.03728392347693443,0.3613927960395813,0.35770872235298157,-0.056564029306173325,0.33664941787719727,0.2701706290245056,-0.06975723803043365,0.31473392248153687,0.19492784142494202,-0.07987141609191895,0.3514645993709564,0.5354363322257996,-0.049998022615909576,0.29998379945755005,0.4490009546279907,-0.061665479093790054,0.2651585638523102,0.39250174164772034,-0.06837070733308792,0.23392623662948608,0.33447813987731934,-0.07456883788108826
open_palm,Left,0.46714890003204346,0.7840027809143066,1.6412281311772858e-08,0.5551921725273132,0.7069485783576965,-0.046620264649391174,0.6239960789680481,0.5929203033447266,-0.07644567638635635,0.6649475693702698,0.4805189371109009,-0.10426302999258041,0.6916671991348267,0.39542168378829956,-0.1313009262084961,0.5061472654342651,0.4719056487083435,-0.036903999745845795,0.5103163123130798,0.3420466184616089,-0.06255368143320084,0.5101533532142639,0.2613193988800049,-0.07996490597724915,0.5037619471549988,0.18891498446464539,-0.0910431519150734,0.438671350479126,0.46407192945480347,-0.03474169597029686,0.42058420181274414,0.32797539234161377,-0.05365346744656563,0.4045376479625702,0.24125877022743225,-0.07021045684814453,0.3848378658294678,0.165265291929245,-0.08447775989770889,0.384430468082428,0.48528993129730225,-0.03853105753660202,0.3507518172264099,0.3604314625263214,-0.05773412063717842,0.32994595170021057,0.2842009663581848,-0.07046152651309967,0.3114122152328491,0.22025519609451294,-0.08024510741233826,0.3368925452232361,0.5235460996627808,-0.048484764993190765,0.2913704514503479,0.441528856754303,-0.060012709349393845,0.2589266300201416,0.3880924582481384,-0.0671803429722786,0.22987601161003113,0.33421385288238525,-0.07376089692115784
open_palm,Left,0.46479716897010803,0.7818278670310974,1.3998604941889425e-08,0.5545535087585449,0.712069571018219,-0.03966090828180313,0.6250412464141846,0.6029757261276245,-0.06645692884922028,0.6666505932807922,0.49035122990608215,-0.0921926498413086,0.6971582174301147,0.40365076065063477,-0.1168554350733757,0.5091537833213806,0.46712273359298706,-0.029429469257593155,0.5196348428726196,0.3338158130645752,-0.051393453031778336,0.5206518769264221,0.2544606626033783,-0.06547638028860092,0.5151203274726868,0.1840806007385254,-0.07430022209882736,0.4434616267681122,0.45767900347709656,-0.029022125527262688,0.4316295385360718,0.3242751955986023,-0.04398006573319435,0.4174509048461914,0.24264729022979736,-0.0561046376824379,0.3972107470035553,0.17146188020706177,-0.0667152926325798,0.3902549743652344,0.4785107970237732,-0.03410410135984421,0.36152708530426025,0.3573421239852905,-0.049759864807128906,0.3413906693458557,0.2818651795387268,-0.059386372566223145,0.32104361057281494,0.21843674778938293,-0.06674453616142273,0.342203825712204,0.5196483731269836,-0.04470275714993477,0.29792654514312744,0.4395061731338501,-0.05426497384905815,0.26601162552833557,0.3844987750053406,-0.059770651161670685,0.2354203760623932,0.3277844786643982,-0.06465989351272583
open_palm,Left,0.48244425654411316,0.8079704642295837,1.5869630942688673e-08,0.5766138434410095,0.7446588277816772,-0.058741699904203415,0.6472794413566589,0.6403113603591919,-0.10041113942861557,0.6870942711830139,0.5384665131568909,-0.1376771628856659,0.7194870710372925,0.45898258686065674,-0.17594388127326965,0.5262777209281921,0.47637939453125,-0.0772043764591217,0.5394337177276611,0.3218287229537964,-0.11646220088005066,0.545396089553833,0.2270721197128296,-0.1422065794467926,0.545526385307312,0.13601097464561462,-0.1600782573223114,0.4554869532585144,0.46708500385284424,-0.07509423792362213,0.4394418001174927,0.3121400773525238,-0.10897114127874374,0.42762285470962524,0.21481728553771973,-0.1328084021806717,0.4101603031158447,0.11931958794593811,-0.1529158651828766,0.39953845739364624,0.4915383458137512,-0.07837824523448944,0.3642827868461609,0.35342711210250854,-0.11295020580291748,0.3409537374973297,0.25777482986450195,-0.13765576481819153,0.31947389245033264,0.1693577766418457,-0.1555275171995163,0.35141128301620483,0.5419729948043823,-0.08729758858680725,0.2965157926082611,0.44813358783721924,-0.11401213705539703,0.25558462738990784,0.386465847492218,-0.13126902282238007,0.2197079360485077,0.3231924772262573,-0.1450318992137909
open_palm,Left,0.4881882965564728,0.824596643447876,1.8831761039450612e-08,0.5837708711624146,0.7683196067810059,-0.07170793414115906,0.6573740839958191,0.6592972278594971,-0.1300155520439148,0.7055455446243286,0.5653711557388306,-0.18158690631389618,0.750155508518219,0.4944750964641571,-0.23604996502399445,0.5363805294036865,0.503720223903656,-0.1285444051027298,0.5509554743766785,0.3391515612602234,-0.18843884766101837,0.5589693784713745,0.23365798592567444,-0.2266327440738678,0.5609250664710999,0.12957006692886353,-0.25285443663597107,0.4614095985889435,0.4990493953227997,-0.12796787917613983,0.4401143193244934,0.33153778314590454,-0.18324343860149384,0.42568787932395935,0.2262054979801178,-0.2172549068927765,0.40658798813819885,0.1216854453086853,-0.24538247287273407,0.40174591541290283,0.5297284126281738,-0.13151875138282776,0.3570263981819153,0.3763972222805023,-0.18397435545921326,0.3235006034374237,0.2650981545448303,-0.2188042402267456,0.2946774959564209,0.16286125779151917,-0.24444468319416046,0.35257285833358765,0.5865685343742371,-0.140333354473114,0.2859596610069275,0.48798418045043945,-0.18047857284545898,0.2332330346107483,0.42240023612976074,-0.20508159697055817,0.18765637278556824,0.3554415702819824,-0.22561860084533691
open_palm,Left,0.4677419066429138,0.8845884799957275,1.533251214880238e-08,0.5711778402328491,0.8498610258102417,-0.0560099259018898,0.6688916683197021,0.7597192525863647,-0.10389740020036697,0.7473992109298706,0.6841382384300232,-0.14833112061023712,0.8114712238311768,0.6385707855224609,-0.19544687867164612,0.59376460313797,0.5466694831848145,-0.09924320876598358,0.6437165141105652,0.3912326693534851,-0.14875611662864685,0.6683937907218933,0.28888046741485596,-0.1824665069580078,0.6851725578308105,0.18444839119911194,-0.20522242784500122,0.5218424201011658,0.5086133480072021,-0.10213229805231094,0.5363919734954834,0.33306723833084106,-0.1430974155664444,0.5403594970703125,0.2182328701019287,-0.17215684056282043,0.5383334159851074,0.11377578973770142,-0.1985202580690384,0.45520731806755066,0.5116907954216003,-0.1085176169872284,0.44297173619270325,0.3424186110496521,-0.1439698338508606,0.43106526136398315,0.23425543308258057,-0.1723269671201706,0.42022058367729187,0.1393660306930542,-0.1963167041540146,0.39269500970840454,0.5431854724884033,-0.12009642273187637,0.35175126791000366,0.42048177123069763,-0.147316113114357,0.3220791518688202,0.3410612940788269,-0.1668587028980255,0.296197772026062,0.2596943974494934,-0.18564482033252716
open_palm,Left,0.44991016387939453,0.9036981463432312,1.4948563276107052e-08,0.5566565990447998,0.886759877204895,-0.03956557437777519,0.6628289818763733,0.8249586820602417,-0.0693877786397934,0.7480184435844421,0.7638772130012512,-0.09931647032499313,0.8182657957077026,0.732459545135498,-0.12944479286670685,0.6270130276679993,0.5833990573883057,-0.03525989130139351,0.6924424171447754,0.43625080585479736,-0.05987756699323654,0.7287066578865051,0.3510517477989197,-0.07767582684755325,0.7580954432487488,0.26878809928894043,-0.09055426716804504,0.5632665157318115,0.5239286422729492,-0.039395276457071304,0.6047273278236389,0.35950779914855957,-0.05556048825383186,0.6255221962928772,0.2574896812438965,-0.0716756135225296,0.6423081755638123,0.1629665195941925,-0.08765596896409988,0.49981462955474854,0.5085986852645874,-0.04907042533159256,0.5215151309967041,0.35144850611686707,-0.06685639917850494,0.5333494544029236,0.2513340413570404,-0.0830351784825325,0.5454362034797668,0.1621628999710083,-0.09700645506381989,0.4352790117263794,0.5213643312454224,-0.06431113928556442,0.4215759038925171,0.39700451493263245,-0.07708372920751572,0.41069239377975464,0.31847721338272095,-0.0869036465883255,0.4054689407348633,0.23798954486846924,-0.09659931808710098
open_palm,Left,0.45396339893341064,0.8640503883361816,1.8851006089448674e-08,0.5554473400115967,0.8496814966201782,-0.05286262184381485,0.6557830572128296,0.7864280343055725,-0.08926285058259964,0.7344900965690613,0.7183954119682312,-0.12197112292051315,0.7988384962081909,0.6697343587875366,-0.15580503642559052,0.6028231978416443,0.5635161995887756,-0.06709887087345123,0.6634669303894043,0.4116680920124054,-0.10003682225942612,0.6968982815742493,0.32093238830566406,-0.12403101474046707,0.7249842882156372,0.2328980565071106,-0.14270950853824615,0.5412843823432922,0.508307158946991,-0.0661003440618515,0.5728910565376282,0.3476853370666504,-0.09592828154563904,0.590251624584198,0.24423199892044067,-0.12070095539093018,0.602741539478302,0.14474621415138245,-0.14226068556308746,0.48024797439575195,0.4974265694618225,-0.069147989153862,0.48967576026916504,0.3426785469055176,-0.10070627927780151,0.4987061321735382,0.243353009223938,-0.12524527311325073,0.5062031745910645,0.15463662147521973,-0.14343789219856262,0.4220276474952698,0.5155985951423645,-0.0771990567445755,0.40093231201171875,0.39684349298477173,-0.10065492242574692,0.3871966004371643,0.3164215385913849,-0.11645469069480896,0.377292275428772,0.23557892441749573,-0.12941303849220276
open_palm,Left,0.4691997170448303,0.8288519382476807,2.0435461323131676e-08,0.5601729154586792,0.794543981552124,-0.0648605078458786,0.6438236832618713,0.7161267399787903,-0.1190517246723175,0.705604612827301,0.6279758810997009,-0.16576457023620605,0.7550614476203918,0.5503424406051636,-0.21470175683498383,0.54731285572052,0.5333958864212036,-0.12914550304412842,0.5734752416610718,0.3582388460636139,-0.18709933757781982,0.5845412015914917,0.24956014752388,-0.2245939075946808,0.5904045104980469,0.15292248129844666,-0.2515956163406372,0.4717521369457245,0.504961371421814,-0.12877818942070007,0.4662363529205322,0.32975679636001587,-0.1910594254732132,0.45693784952163696,0.21144580841064453,-0.22848570346832275,0.44596052169799805,0.1059543788433075,-0.25790947675704956,0.40728726983070374,0.5219252705574036,-0.12929771840572357,0.3811337351799011,0.3667340874671936,-0.18797487020492554,0.3568909168243408,0.26302939653396606,-0.21747544407844543,0.33813565969467163,0.17489942908287048,-0.2378900796175003,0.3537106513977051,0.5683389902114868,-0.13410498201847076,0.30398768186569214,0.4615015387535095,-0.17676673829555511,0.26697292923927307,0.3927556872367859,-0.1972775161266327,0.23796561360359192,0.3265203833580017,-0.2136419415473938
open_palm,Left,0.47451841831207275,0.8539976477622986,2.1990850029851572e-08,0.5615249276161194,0.7727378606796265,-0.07547049224376678,0.6236808896064758,0.6584227085113525,-0.13298803567886353,0.6615325212478638,0.5505678057670593,-0.18175223469734192,0.6923520565032959,0.4628806710243225,-0.23194357752799988,0.4807252585887909,0.4991227686405182,-0.12599289417266846,0.47175928950309753,0.317806214094162,-0.18337585031986237,0.4687333405017853,0.1995808184146881,-0.22165565192699432,0.45951512455940247,0.09682577848434448,-0.2482139617204666,0.4017665386199951,0.5058819055557251,-0.12001779675483704,0.3558870553970337,0.3236388862133026,-0.1782902181148529,0.3229849934577942,0.20594733953475952,-0.21501749753952026,0.28756362199783325,0.10621994733810425,-0.24317948520183563,0.34212836623191833,0.5498084425926208,-0.11692763864994049,0.27940231561660767,0.4005860388278961,-0.17153866589069366,0.2364167869091034,0.2999715805053711,-0.20301379263401031,0.19970294833183289,0.21291226148605347,-0.2243099957704544,0.2984076738357544,0.621998131275177,-0.1195649579167366,0.2277601659297943,0.5349181294441223,-0.15699918568134308,0.17993202805519104,0.4869087040424347,-0.17604181170463562,0.13854268193244934,0.4395657181739807,-0.19170349836349487
open_palm,Left,0.4740394353866577,0.8418617248535156,1.8036390159181792e-08,0.5636565685272217,0.7579982876777649,-0.09313375502824783,0.6215735077857971,0.6288333535194397,-0.1617540568113327,0.6535396575927734,0.5165361762046814,-0.22039061784744263,0.6873595714569092,0.4235003888607025,-0.2826038599014282,0.46321454644203186,0.4898969829082489,-0.15317405760288239,0.44511109590530396,0.31548401713371277,-0.22350601851940155,0.4310877025127411,0.2005651295185089,-0.2711435556411743,0.4094456732273102,0.09427237510681152,-0.30412521958351135,0.3820151388645172,0.5102468729019165,-0.14589785039424896,0.32404911518096924,0.3368664085865021,-0.21267260611057281,0.2807926535606384,0.23066496849060059,-0.25923433899879456,0.23305585980415344,0.13233539462089539,-0.2963101863861084,0.3254493772983551,0.5609320402145386,-0.1439087688922882,0.2524135708808899,0.41122063994407654,-0.20748770236968994,0.19899550080299377,0.3134005069732666,-0.253515362739563,0.15065845847129822,0.22711637616157532,-0.28610959649086,0.2851889729499817,0.6359837055206299,-0.14867755770683289,0.19903454184532166,0.5530188083648682,-0.19929024577140808,0.13486820459365845,0.507105827331543,-0.23224636912345886,0.07705119252204895,0.4631662368774414,-0.2583875358104706
thumbs_up,Left,0.8111271858215332,0.6377792358398438,2.5797182168219024e-09,0.8271940350532532,0.5147202610969543,-0.027763541787862778,0.8085496425628662,0.4040393829345703,-0.04587863013148308,0.778428852558136,0.3184424042701721,-0.06220122426748276,0.7582868933677673,0.23754888772964478,-0.07571200281381607,0.7178010940551758,0.4569368064403534,-0.014687035232782364,0.667229950428009,0.42536765336990356,-0.022356215864419937,0.6580848097801208,0.4255479574203491,-0.019959943369030952,0.6515202522277832,0.4282415211200714,-0.018318597227334976,0.693673849105835,0.5223810076713562,-0.011844797059893608,0.6369401216506958,0.49292340874671936,-0.026934022083878517,0.6552432775497437,0.5051313638687134,-0.02555699646472931,0.660140335559845,0.5108246803283691,-0.01804250292479992,0.6786242127418518,0.588752031326294,-0.012727871537208557,0.623927891254425,0.5670676231384277,-0.03154284879565239,0.6468064188957214,0.5766042470932007,-0.029703490436077118,0.6581218838691711,0.5822054147720337,-0.021064672619104385,0.6740380525588989,0.6584997773170471,-0.016063809394836426,0.628563642501831,0.6402465105056763,-0.02792532742023468,0.6442806124687195,0.634171187877655,-0.027379225939512253,0.6580085158348083,0.6306477785110474,-0.022241225466132164
thumbs_up,Left,0.7122685313224792,0.6758458614349365,-4.671753206508811e-09,0.7007954120635986,0.5618119239807129,-0.04957136884331703,0.6662105917930603,0.4714857041835785,-0.07488500326871872,0.6306174993515015,0.4051271677017212,-0.09515383839607239,0.6036981344223022,0.3461207151412964,-0.11065775156021118,0.5743446946144104,0.5328435897827148,-0.029715444892644882,0.521283745765686,0.5328475832939148,-0.04322124645113945,0.55179762840271,0.5421013832092285,-0.04124649614095688,0.5795564651489258,0.5490480661392212,-0.039689477533102036,0.5693897008895874,0.6015729308128357,-0.020668616518378258,0.5213081240653992,0.604314923286438,-0.04656026139855385,0.5722258687019348,0.6122860312461853,-0.051795877516269684,0.5916348099708557,0.6103604435920715,-0.04623420909047127,0.573113203048706,0.6634127497673035,-0.017952201887965202,0.5282835364341736,0.6705019474029541,-0.047799285501241684,0.5693490505218506,0.6697728633880615,-0.0556524358689785,0.5854455232620239,0.6622971892356873,-0.051395632326602936,0.5853663086891174,0.7234310507774353,-0.019036369398236275,0.5474820733070374,0.7272269129753113,-0.037643808871507645,0.5709236264228821,0.7181854248046875,-0.04404104873538017,0.5851387977600098,0.7080265283584595,-0.042712271213531494
thumbs_up,Left,0.6989285945892334,0.5707072019577026,-4.430864120053002e-09,0.6790154576301575,0.4521154463291168,-0.035600148141384125,0.642842173576355,0.3592645525932312,-0.061088964343070984,0.6146446466445923,0.28603968024253845,-0.08504652976989746,0.5958447456359863,0.21936288475990295,-0.10468139499425888,0.5511810183525085,0.4213065803050995,-0.030438408255577087,0.49216949939727783,0.43021053075790405,-0.044076934456825256,0.5270282626152039,0.4341311752796173,-0.039264947175979614,0.5598470568656921,0.4436603784561157,-0.03590420261025429,0.548119306564331,0.49540433287620544,-0.0313282310962677,0.4907280504703522,0.5017200112342834,-0.057184383273124695,0.5444543957710266,0.5017028450965881,-0.057010967284440994,0.5715547204017639,0.5028923749923706,-0.04823344945907593,0.5554401278495789,0.5636133551597595,-0.037158865481615067,0.5016343593597412,0.574259877204895,-0.06532236933708191,0.5440317988395691,0.5640906691551208,-0.06731318682432175,0.5648587346076965,0.5588952302932739,-0.060042090713977814,0.573909342288971,0.6302241086959839,-0.0458342619240284,0.5286932587623596,0.6380550265312195,-0.0629015564918518,0.5506383776664734,0.6210792660713196,-0.06525891274213791,0.565703809261322,0.6114611625671387,-0.06169942766427994
thumbs_up,Left,0.744900107383728,0.6168609857559204,7.205915864005874e-09,0.7311224937438965,0.4934132695198059,-0.03836965188384056,0.6947203874588013,0.3872312903404236,-0.0653364509344101,0.6611576080322266,0.30287793278694153,-0.08986979722976685,0.6375216245651245,0.2342960685491562,-0.10878259688615799,0.5894344449043274,0.4481199383735657,-0.028957583010196686,0.5362452268600464,0.4564955234527588,-0.04238498583436012,0.583479642868042,0.4676833152770996,-0.03645921126008034,0.6158057451248169,0.475524365901947,-0.033156950026750565,0.5857375860214233,0.5254701375961304,-0.029371293261647224,0.5384091138839722,0.5292125940322876,-0.05735896900296211,0.6032606363296509,0.5332435369491577,-0.056381963193416595,0.6241512298583984,0.5346297025680542,-0.0467926561832428,0.5914053320884705,0.5947707295417786,-0.034614335745573044,0.5496237277984619,0.6001792550086975,-0.06511878967285156,0.6059808135032654,0.5928581953048706,-0.06363404542207718,0.6188256740570068,0.5876412987709045,-0.053546804934740067,0.6043781638145447,0.6607625484466553,-0.042905114591121674,0.5648946166038513,0.656780481338501,-0.059483613818883896,0.6034576296806335,0.6411278247833252,-0.05796418339014053,0.6198570132255554,0.6333305239677429,-0.051734477281570435
thumbs_up,Left,0.7349156141281128,0.5873216986656189,8.915251870078578e-11,0.7158370614051819,0.4650711715221405,-0.03911156207323074,0.6789569854736328,0.3581920266151428,-0.06469085812568665,0.6479292511940002,0.276317834854126,-0.08784337341785431,0.6242268085479736,0.2084077000617981,-0.10563552379608154,0.5809430480003357,0.4325409531593323,-0.02503034844994545,0.5234196186065674,0.4423264265060425,-0.03587978705763817,0.5683887600898743,0.4472293555736542,-0.02968931943178177,0.6035674214363098,0.45242413878440857,-0.026223737746477127,0.5785654187202454,0.5087049603462219,-0.023410048335790634,0.5284073352813721,0.5138314366340637,-0.04803905263543129,0.5891675353050232,0.5152750015258789,-0.048670947551727295,0.6145645380020142,0.5154752731323242,-0.040697403252124786,0.5847521424293518,0.5765750408172607,-0.02682962454855442,0.5401106476783752,0.5799557566642761,-0.05426391214132309,0.592198371887207,0.5732624530792236,-0.054935894906520844,0.6099998950958252,0.5671307444572449,-0.046814288944005966,0.5982120633125305,0.6415322422981262,-0.03346041962504387,0.5538123250007629,0.6372327208518982,-0.049071282148361206,0.5882084965705872,0.6219145059585571,-0.049241721630096436,0.6072807908058167,0.6127594113349915,-0.04419383406639099
thumbs_up,Left,0.7091982364654541,0.6185355186462402,1.8397763312805182e-09,0.6883398294448853,0.49487364292144775,-0.033902544528245926,0.6544683575630188,0.38911327719688416,-0.058893028646707535,0.6276167035102844,0.30194154381752014,-0.08305740356445312,0.6090095639228821,0.24043306708335876,-0.10209959745407104,0.5601465702056885,0.464011013507843,-0.024633806198835373,0.5071683526039124,0.47283822298049927,-0.04047250375151634,0.5514519810676575,0.480585515499115,-0.03811314329504967,0.5817744135856628,0.48336297273635864,-0.036648690700531006,0.5552947521209717,0.5397244691848755,-0.02781815640628338,0.5051166415214539,0.543269157409668,-0.058924924582242966,0.5657294988632202,0.5471609234809875,-0.06199546903371811,0.5899335145950317,0.5456489324569702,-0.054668862372636795,0.5599755048751831,0.6079230308532715,-0.035861771553754807,0.5135265588760376,0.6178739070892334,-0.0670805498957634,0.5642410516738892,0.6102408170700073,-0.06806504726409912,0.5828789472579956,0.6007801294326782,-0.05935700610280037,0.5742216110229492,0.6716657280921936,-0.046868760138750076,0.5314502716064453,0.6765456199645996,-0.062428489327430725,0.5622662901878357,0.6607042551040649,-0.0624554269015789,0.5788972973823547,0.6473754644393921,-0.057576313614845276
thumbs_up,Left,0.7352217435836792,0.6088512539863586,5.7546736265123855e-09,0.7199921011924744,0.48549261689186096,-0.04226204752922058,0.6856592893600464,0.3793509006500244,-0.06962215155363083,0.6567530632019043,0.2906562089920044,-0.09451401233673096,0.639029860496521,0.21651002764701843,-0.11367077380418777,0.5803677439689636,0.44757822155952454,-0.022621653974056244,0.5343559980392456,0.45194146037101746,-0.03844603896141052,0.5836102366447449,0.4645722508430481,-0.03756637126207352,0.6106279492378235,0.47270938754081726,-0.03801979124546051,0.5761155486106873,0.5206464529037476,-0.0221590343862772,0.5352670550346375,0.518898606300354,-0.05128674954175949,0.6005699038505554,0.526536226272583,-0.05647927522659302,0.6149575710296631,0.5283434987068176,-0.05179162323474884,0.5807780027389526,0.5883781909942627,-0.02799432910978794,0.5425931811332703,0.5873243808746338,-0.0608983188867569,0.599389374256134,0.585267186164856,-0.06563045084476471,0.6107019186019897,0.5822661519050598,-0.05961722880601883,0.5920378565788269,0.6536784768104553,-0.037349771708250046,0.5544443726539612,0.6453814506530762,-0.05566469579935074,0.5935022830963135,0.63294517993927,-0.05792862921953201,0.610045850276947,0.6273581385612488,-0.05462481454014778
thumbs_up,Left,0.7492258548736572,0.6162304878234863,5.312267070678445e-09,0.7287489771842957,0.4929311275482178,-0.04013461619615555,0.6971467733383179,0.3934406638145447,-0.06757953017950058,0.6698265075683594,0.30708348751068115,-0.09330795705318451,0.6515166759490967,0.23742635548114777,-0.11367717385292053,0.5984315872192383,0.46056634187698364,-0.023681070655584335,0.5474118590354919,0.4638465642929077,-0.04027656093239784,0.5906030535697937,0.47192618250846863,-0.03989531099796295,0.619522213935852,0.47949540615081787,-0.040385205298662186,0.5949822068214417,0.5334072113037109,-0.02432023361325264,0.5508817434310913,0.5356404781341553,-0.05444611236453056,0.6115268468856812,0.5396628975868225,-0.06024899333715439,0.6298704743385315,0.5378209352493286,-0.05601291358470917,0.6008836030960083,0.6015713214874268,-0.030842483043670654,0.5585066676139832,0.6048990488052368,-0.06458544731140137,0.6117133498191833,0.5967085361480713,-0.07003135979175568,0.6278935074806213,0.5890028476715088,-0.06435293704271317,0.6154005527496338,0.6672040224075317,-0.040494389832019806,0.5751928687095642,0.66489577293396,-0.05978548154234886,0.6083589196205139,0.6465140581130981,-0.06265883892774582,0.6253028512001038,0.6360905766487122,-0.05972551554441452
thumbs_up,Left,0.7492179870605469,0.6167274713516235,2.1451529441662842e-09,0.7315050959587097,0.4952346086502075,-0.037044279277324677,0.6968196630477905,0.39194455742836,-0.06370960921049118,0.667681097984314,0.30613839626312256,-0.08928266167640686,0.6492620706558228,0.2372833490371704,-0.10986850410699844,0.6014248132705688,0.45921653509140015,-0.02542245388031006,0.549148678779602,0.46233421564102173,-0.040229856967926025,0.5944526791572571,0.471785306930542,-0.03774033486843109,0.6283003687858582,0.47857433557510376,-0.03681707754731178,0.596865713596344,0.5335372090339661,-0.026959171518683434,0.5499219298362732,0.5323101878166199,-0.05690852180123329,0.6092972755432129,0.5389902591705322,-0.06235244497656822,0.6329670548439026,0.5401671528816223,-0.05766129493713379,0.6016531586647034,0.6015738844871521,-0.0333346351981163,0.5576933026313782,0.6031796336174011,-0.0650104433298111,0.6103047728538513,0.5985823273658752,-0.06935601681470871,0.6302899718284607,0.5931469798088074,-0.06338933110237122,0.6149042844772339,0.6673287153244019,-0.042652327567338943,0.5734578967094421,0.6637187004089355,-0.06004470959305763,0.6064901351928711,0.6471973657608032,-0.06219514086842537,0.624884843826294,0.6364716291427612,-0.059047967195510864
thumbs_up,Left,0.7499974370002747,0.6172266006469727,2.180017721897798e-09,0.734053373336792,0.49776729941368103,-0.04063848406076431,0.6984223127365112,0.3957405388355255,-0.06738048046827316,0.66834557056427,0.31224173307418823,-0.09219394624233246,0.6493117213249207,0.24487461149692535,-0.11213503032922745,0.6034948229789734,0.462730348110199,-0.025821013376116753,0.5507256388664246,0.4645763337612152,-0.04035796597599983,0.5937805771827698,0.47225630283355713,-0.0384218730032444,0.6278283596038818,0.47858792543411255,-0.03767574205994606,0.5994577407836914,0.5361970663070679,-0.024759061634540558,0.551459550857544,0.534311056137085,-0.054082438349723816,0.6087426543235779,0.5413051843643188,-0.060993634164333344,0.633402407169342,0.5435582995414734,-0.05726315453648567,0.6042441725730896,0.603435754776001,-0.02888912707567215,0.5593805313110352,0.6040219068527222,-0.06023305654525757,0.6094786524772644,0.6001946330070496,-0.0667232945561409,0.629673182964325,0.5960010886192322,-0.06214761734008789,0.6170970797538757,0.6689758896827698,-0.036229826509952545,0.574062705039978,0.6646400690078735,-0.05410582944750786,0.6056886315345764,0.6490716934204102,-0.0576685406267643,0.6248224973678589,0.6392312049865723,-0.05539211258292198
thumbs_up,Left,0.7517797946929932,0.6180416941642761,2.045798641603369e-09,0.7331029176712036,0.49589404463768005,-0.03571406379342079,0.698421835899353,0.39491212368011475,-0.06136910244822502,0.6686701774597168,0.30866217613220215,-0.08610278367996216,0.6497094035148621,0.23819094896316528,-0.10564792156219482,0.6040357947349548,0.4612332582473755,-0.021625421941280365,0.5510216355323792,0.46315163373947144,-0.03469747304916382,0.5960171222686768,0.4729384779930115,-0.031071485951542854,0.6289680004119873,0.48058995604515076,-0.02949424833059311,0.5994365215301514,0.5355307459831238,-0.023252129554748535,0.5516848564147949,0.5337414145469666,-0.05129076912999153,0.6107087135314941,0.540800929069519,-0.0557846799492836,0.633126437664032,0.5428755879402161,-0.050431881099939346,0.604021430015564,0.6034724116325378,-0.029751142486929893,0.5576620101928711,0.6051610112190247,-0.06027437001466751,0.6087304949760437,0.5996504426002502,-0.06471476703882217,0.6280695796012878,0.5956310629844666,-0.058629781007766724,0.6175217032432556,0.6688256859779358,-0.03895311802625656,0.5737271904945374,0.6664882898330688,-0.05561672896146774,0.6051558256149292,0.6485711932182312,-0.05779566243290901,0.6234356164932251,0.6387299299240112,-0.05453663319349289
thumbs_up,Left,0.7449187636375427,0.609595775604248,1.5561215649384508e-09,0.7267436385154724,0.4899902045726776,-0.032192811369895935,0.6904475688934326,0.390231192111969,-0.057678867131471634,0.6616057753562927,0.3089987337589264,-0.08342970162630081,0.6429533958435059,0.24124109745025635,-0.1045193001627922,0.5929256677627563,0.46059367060661316,-0.019604837521910667,0.5428299307823181,0.46422114968299866,-0.03439808636903763,0.5862307548522949,0.4716034531593323,-0.032772112637758255,0.6175965666770935,0.4778544306755066,-0.032548751682043076,0.5897282958030701,0.5346688628196716,-0.024179978296160698,0.5471816658973694,0.5324928760528564,-0.052734892815351486,0.6061093807220459,0.5370156168937683,-0.05754076689481735,0.6267062425613403,0.5402777791023254,-0.05277416110038757,0.595612108707428,0.6019058227539062,-0.03365394100546837,0.5547592043876648,0.6020810008049011,-0.06383585929870605,0.6063795685768127,0.596443772315979,-0.06637466698884964,0.6230539679527283,0.5942403674125671,-0.05983874946832657,0.6092655658721924,0.6681265234947205,-0.04596969112753868,0.5688043832778931,0.6648844480514526,-0.06265861541032791,0.6028487682342529,0.6478182077407837,-0.06327887624502182,0.6198707818984985,0.6392214298248291,-0.059205714613199234
thumbs_up,Left,0.7429097890853882,0.6028802990913391,1.310112685004583e-09,0.7269811034202576,0.48378804326057434,-0.04174255579710007,0.6934852004051208,0.3809964656829834,-0.0720968246459961,0.6661791801452637,0.2960358262062073,-0.1005813404917717,0.64612877368927,0.22945818305015564,-0.12399300187826157,0.5923013091087341,0.4503118097782135,-0.03178086131811142,0.5461694598197937,0.4537641406059265,-0.05050651356577873,0.5913996696472168,0.46486377716064453,-0.051187798380851746,0.6236468553543091,0.4711433947086334,-0.052213046699762344,0.5884785056114197,0.52546626329422,-0.032459668815135956,0.5478205680847168,0.5257900953292847,-0.06502863764762878,0.6083624958992004,0.5328428745269775,-0.07208546251058578,0.6288856267929077,0.5327065587043762,-0.06877396255731583,0.5941397547721863,0.5946403741836548,-0.03849009424448013,0.554461658000946,0.5952033996582031,-0.0725519061088562,0.606846272945404,0.592024028301239,-0.07733873277902603,0.6238269805908203,0.5866529941558838,-0.07208669185638428,0.6078464984893799,0.6614747047424316,-0.04791716858744621,0.569599986076355,0.658381462097168,-0.06735999137163162,0.6040473580360413,0.6435738801956177,-0.0696663036942482,0.621404230594635,0.6335065960884094,-0.06674789637327194
thumbs_up,Left,0.7130523920059204,0.5708591341972351,-2.167236834438313e-09,0.7062379121780396,0.44986969232559204,-0.03886488080024719,0.6784893870353699,0.33995190262794495,-0.06575750559568405,0.6549850106239319,0.2538018226623535,-0.0910758525133133,0.6395138502120972,0.18364369869232178,-0.11171343177556992,0.581534743309021,0.39751124382019043,-0.02931198664009571,0.5238581895828247,0.3995795249938965,-0.04343334212899208,0.568416953086853,0.4149017333984375,-0.04062558338046074,0.6037024259567261,0.4216459095478058,-0.03915698826313019,0.5711697340011597,0.47064268589019775,-0.028978237882256508,0.5202223658561707,0.4716348350048065,-0.05657635256648064,0.577211856842041,0.484346479177475,-0.06154683232307434,0.6036788821220398,0.48628881573677063,-0.056743789464235306,0.5702818632125854,0.5377440452575684,-0.03352406993508339,0.5240712761878967,0.5418660640716553,-0.06176229193806648,0.5712276697158813,0.543563961982727,-0.0669618546962738,0.5928046703338623,0.5386967062950134,-0.06257576495409012,0.5785061717033386,0.601524829864502,-0.041337497532367706,0.5371134281158447,0.6004748940467834,-0.057051315903663635,0.566715657711029,0.5930160880088806,-0.0602116622030735,0.5870310068130493,0.5850930213928223,-0.05807102471590042
thumbs_up,Left,0.7199686765670776,0.59945148229599,5.360556887268331e-09,0.7059050798416138,0.4726824164390564,-0.040329236537218094,0.681514322757721,0.3634326159954071,-0.06672193109989166,0.6568590402603149,0.27011603116989136,-0.09077087789773941,0.6389046311378479,0.200466588139534,-0.1090870201587677,0.5817179083824158,0.42285263538360596,-0.022928887978196144,0.5283894538879395,0.4168040454387665,-0.03678151220083237,0.5749900937080383,0.43173909187316895,-0.033645108342170715,0.6066480278968811,0.444916695356369,-0.032363615930080414,0.5731244683265686,0.49434196949005127,-0.02201129123568535,0.5251244902610779,0.4886114299297333,-0.050546132028102875,0.5856881141662598,0.5010291337966919,-0.05570721626281738,0.6068881750106812,0.5056929588317871,-0.05089334771037102,0.5743787288665771,0.5624513030052185,-0.026696838438510895,0.5298234820365906,0.5599583387374878,-0.058702949434518814,0.5836287140846252,0.5599033832550049,-0.0654558539390564,0.6007603406906128,0.5560351610183716,-0.06070428341627121,0.5848941802978516,0.6288799047470093,-0.03424496576189995,0.5453444719314575,0.620598554611206,-0.05204344168305397,0.5806633234024048,0.6074037551879883,-0.05597083643078804,0.5995219945907593,0.5998444557189941,-0.05390346050262451
thumbs_up,Left,0.7189415097236633,0.6193710565567017,4.489391969286771e-09,0.7062928080558777,0.4973192811012268,-0.04120694473385811,0.6789840459823608,0.38599762320518494,-0.06759551167488098,0.6537193059921265,0.291444331407547,-0.09112699329853058,0.6357011795043945,0.22228418290615082,-0.10878635942935944,0.5790508985519409,0.44530171155929565,-0.0251576267182827,0.528941810131073,0.44109001755714417,-0.038750119507312775,0.5772009491920471,0.4594183564186096,-0.03558068722486496,0.6058779954910278,0.46967175602912903,-0.03454923629760742,0.5702055096626282,0.5183513164520264,-0.02382545731961727,0.5264819860458374,0.5109947323799133,-0.05123931169509888,0.5877184271812439,0.5250851511955261,-0.05529309809207916,0.6055771708488464,0.5271751880645752,-0.0502413772046566,0.5713051557540894,0.5873700976371765,-0.027958858758211136,0.5301941633224487,0.5826613903045654,-0.0575731061398983,0.5841928124427795,0.5840257406234741,-0.061741285026073456,0.5993055701255798,0.5799567699432373,-0.05591234564781189,0.5809358358383179,0.654281497001648,-0.035326357930898666,0.5443496108055115,0.647010862827301,-0.05032453313469887,0.5799276828765869,0.6347053647041321,-0.05218038707971573,0.5964533686637878,0.6260939836502075,-0.04907568544149399
thumbs_up,Left,0.7304943799972534,0.6132977604866028,4.52920190241457e-09,0.717736005783081,0.48955944180488586,-0.03600987792015076,0.6874582767486572,0.38278043270111084,-0.06327183544635773,0.6622914671897888,0.2951119840145111,-0.08957193791866302,0.6452634334564209,0.2239440381526947,-0.11072316765785217,0.586480975151062,0.44390857219696045,-0.024076538160443306,0.5365167856216431,0.4401260316371918,-0.038975778967142105,0.5833556056022644,0.45374178886413574,-0.03709792345762253,0.6140925288200378,0.46714022755622864,-0.03673696517944336,0.5790176391601562,0.5171732902526855,-0.02625679038465023,0.5349165201187134,0.5116345286369324,-0.05393862724304199,0.5948865413665771,0.5224244594573975,-0.0583932027220726,0.614520251750946,0.5284205079078674,-0.053966086357831955,0.5814644694328308,0.58707594871521,-0.033367495983839035,0.5393336415290833,0.5839470028877258,-0.06304753571748734,0.592030942440033,0.5839310884475708,-0.06616823375225067,0.608931303024292,0.5824606418609619,-0.060353271663188934,0.591741144657135,0.6572181582450867,-0.043406300246715546,0.5516548752784729,0.647050678730011,-0.05925338342785835,0.5868834257125854,0.6356419324874878,-0.059948455542325974,0.6048470735549927,0.630577027797699,-0.05633686110377312
thumbs_up,Left,0.7302465438842773,0.6125962734222412,2.1217860801669985e-09,0.7166423797607422,0.49239587783813477,-0.035473983734846115,0.6843200325965881,0.3868700861930847,-0.06243356689810753,0.6579758524894714,0.29938066005706787,-0.08872127532958984,0.6410386562347412,0.2287808656692505,-0.11025995761156082,0.5884096622467041,0.44673967361450195,-0.025484133511781693,0.5348901748657227,0.44280776381492615,-0.04035595804452896,0.5794247984886169,0.45521238446235657,-0.03815950080752373,0.6140255928039551,0.4667520523071289,-0.03745118901133537,0.5812559127807617,0.5196380615234375,-0.028101805597543716,0.5343931317329407,0.5131767988204956,-0.05754028633236885,0.5922653675079346,0.5251545906066895,-0.0632966011762619,0.6174648404121399,0.5310041904449463,-0.05909183621406555,0.5834315419197083,0.5871996879577637,-0.035254329442977905,0.5382334589958191,0.5838051438331604,-0.06551796942949295,0.5882242321968079,0.5848674774169922,-0.06952307373285294,0.6084290146827698,0.5833114385604858,-0.0640738382935524,0.5941824913024902,0.6535086631774902,-0.04530338570475578,0.55015629529953,0.6455509662628174,-0.06185198947787285,0.5828217267990112,0.6331376433372498,-0.0632530227303505,0.6026762127876282,0.6252960562705994,-0.05990682914853096
thumbs_up,Left,0.7297241687774658,0.6144332885742188,2.347765981625116e-09,0.7144908905029297,0.494866281747818,-0.037321750074625015,0.684242308139801,0.3913312554359436,-0.06565161049365997,0.6588389873504639,0.30182507634162903,-0.09252142161130905,0.6411884427070618,0.23211859166622162,-0.1142280325293541,0.592336118221283,0.4489719271659851,-0.031077109277248383,0.5338972806930542,0.4472516179084778,-0.04639048874378204,0.5783071517944336,0.4599326252937317,-0.042669642716646194,0.6128349900245667,0.47006627917289734,-0.040792547166347504,0.585407555103302,0.5224282145500183,-0.03264094889163971,0.5329618453979492,0.5180718898773193,-0.0630645677447319,0.590570867061615,0.5293799042701721,-0.06667283177375793,0.6145823001861572,0.5332684516906738,-0.06049404293298721,0.5873199105262756,0.5906249284744263,-0.038732416927814484,0.5364505648612976,0.5892709493637085,-0.07047779858112335,0.5854690670967102,0.5895127654075623,-0.07365940511226654,0.6055343747138977,0.5874343514442444,-0.0668867900967598,0.598629891872406,0.6573048830032349,-0.04751851037144661,0.5502361059188843,0.6519527435302734,-0.06514091044664383,0.5807681083679199,0.6386623382568359,-0.06660552322864532,0.6005067825317383,0.6310318112373352,-0.06280914694070816
thumbs_up,Left,0.7323927879333496,0.615531325340271,2.4239763529720904e-09,0.7211011052131653,0.494698166847229,-0.041111670434474945,0.6893778443336487,0.3852381408214569,-0.0703834518790245,0.6629759073257446,0.29633527994155884,-0.09773234277963638,0.6452749371528625,0.2264775037765503,-0.12013272941112518,0.590581476688385,0.44545048475265503,-0.031191742047667503,0.5388010740280151,0.44388607144355774,-0.04800879582762718,0.5848749279975891,0.45966261625289917,-0.046999260783195496,0.6188464760780334,0.47124403715133667,-0.04692857712507248,0.582887589931488,0.5194253325462341,-0.03126510977745056,0.5371937155723572,0.516337513923645,-0.0626884326338768,0.5960530042648315,0.5303968787193298,-0.06955839693546295,0.619671106338501,0.5350506901741028,-0.0659581869840622,0.5847463011741638,0.5883482694625854,-0.03630267083644867,0.5413512587547302,0.5874451398849487,-0.06870763003826141,0.5925641059875488,0.5902968645095825,-0.07397805154323578,0.6117434501647949,0.5871586203575134,-0.06906934827566147,0.5950263738632202,0.6555070281028748,-0.04463403671979904,0.5536907911300659,0.6481257081031799,-0.06263525038957596,0.5879239439964294,0.6386936902999878,-0.06501004099845886,0.6075196862220764,0.6311090588569641,-0.06222625449299812
thumbs_up,Left,0.7332678437232971,0.612777829170227,2.107375607351969e-09,0.7192134261131287,0.4936664402484894,-0.039383627474308014,0.6872263550758362,0.38976967334747314,-0.06834859400987625,0.6610145568847656,0.30169129371643066,-0.09564581513404846,0.6439131498336792,0.2299976348876953,-0.1178504154086113,0.5917326211929321,0.44602400064468384,-0.03179879114031792,0.5377882122993469,0.445669561624527,-0.04814989119768143,0.5846967697143555,0.46085530519485474,-0.04572119191288948,0.618662416934967,0.4709755480289459,-0.044749148190021515,0.5845816731452942,0.5204106569290161,-0.03299693018198013,0.5357874035835266,0.5159305334091187,-0.06427156925201416,0.5950418710708618,0.5284754633903503,-0.06916915625333786,0.6181001663208008,0.5316175222396851,-0.06410152465105057,0.5870161652565002,0.5884445309638977,-0.03898250684142113,0.5396007895469666,0.5875186920166016,-0.07132317125797272,0.5903080105781555,0.5882548689842224,-0.07481972873210907,0.609599232673645,0.5849456787109375,-0.06847140192985535,0.5983443856239319,0.6549663543701172,-0.04799109324812889,0.5524499416351318,0.6489273309707642,-0.0660332590341568,0.5847320556640625,0.6364532113075256,-0.06761118024587631,0.6039859056472778,0.6280592679977417,-0.06405401974916458
thumbs_up,Left,0.7334738373756409,0.6114911437034607,1.9805042050791144e-09,0.7181515097618103,0.4889664053916931,-0.034467075020074844,0.6865469217300415,0.3844924569129944,-0.0609760619699955,0.659304678440094,0.29598283767700195,-0.08679100126028061,0.6412653923034668,0.2234545350074768,-0.10734593123197556,0.5913087725639343,0.44445836544036865,-0.023270240053534508,0.5364557504653931,0.44143804907798767,-0.03673559054732323,0.5818129777908325,0.4550623595714569,-0.032559216022491455,0.6141700148582458,0.46622568368911743,-0.030631445348262787,0.5839776992797852,0.5176657438278198,-0.025864750146865845,0.5347769856452942,0.5115710496902466,-0.054380692541599274,0.5940514206886292,0.524735152721405,-0.05749004706740379,0.6160333156585693,0.5311459302902222,-0.05097274109721184,0.5854807496070862,0.5857136845588684,-0.0330524742603302,0.5381262898445129,0.5819835066795349,-0.06332985311746597,0.5899578928947449,0.5840014815330505,-0.06538088619709015,0.6081516742706299,0.5849660634994507,-0.05781516432762146,0.5956188440322876,0.6528252363204956,-0.0428917296230793,0.5502725839614868,0.6443083882331848,-0.05902600288391113,0.5838128924369812,0.6315019130706787,-0.05942975729703903,0.6026511192321777,0.6259397864341736,-0.054899342358112335
thumbs_up,Left,0.7279621362686157,0.6188052892684937,1.2387468828478632e-09,0.7129616737365723,0.5004841089248657,-0.034641679376363754,0.6715813875198364,0.3984287679195404,-0.05698509141802788,0.6322290897369385,0.3172234296798706,-0.0780450776219368,0.6060618162155151,0.25029605627059937,-0.09397464245557785,0.5873817801475525,0.4508723020553589,-0.01916540041565895,0.5355662703514099,0.455941766500473,-0.03047175146639347,0.5827708840370178,0.46888333559036255,-0.024490294978022575,0.6136666536331177,0.47326478362083435,-0.02151080034673214,0.5789353847503662,0.5245510339736938,-0.021096164360642433,0.5344997644424438,0.5257091522216797,-0.04641805589199066,0.5942707061767578,0.5339949131011963,-0.048011086881160736,0.6141701340675354,0.5329970717430115,-0.04110865294933319,0.580925703048706,0.5910096764564514,-0.028056496754288673,0.5394225716590881,0.5959079265594482,-0.05609130859375,0.591494619846344,0.5918437838554382,-0.057396795600652695,0.6071653366088867,0.5841391682624817,-0.04989016056060791,0.5911697149276733,0.6524202227592468,-0.037848666310310364,0.552198052406311,0.6524138450622559,-0.052779026329517365,0.5873264670372009,0.6353458762168884,-0.05305613949894905,0.6040841937065125,0.6213374137878418,-0.04854651167988777
thumbs_up,Left,0.7230268716812134,0.6122785806655884,-1.675335870032768e-09,0.7079079151153564,0.490424245595932,-0.03277432918548584,0.6562047004699707,0.4000511169433594,-0.052933305501937866,0.6065540909767151,0.3461760878562927,-0.0719044953584671,0.5721733570098877,0.2950679659843445,-0.08656188100576401,0.5745393633842468,0.4481237828731537,-0.019817985594272614,0.5302752256393433,0.4601173400878906,-0.03175217658281326,0.5760213732719421,0.46764546632766724,-0.025652075186371803,0.6043983697891235,0.46945643424987793,-0.022051075473427773,0.5682242512702942,0.5241034626960754,-0.021922249346971512,0.5297585129737854,0.5304089784622192,-0.04688509926199913,0.5907491445541382,0.5332328677177429,-0.04577387124300003,0.6091537475585938,0.5321135520935059,-0.036832600831985474,0.5725700855255127,0.5913923978805542,-0.02897469326853752,0.5348505973815918,0.6007267832756042,-0.058140989392995834,0.5876659154891968,0.5931999683380127,-0.05650007352232933,0.6023526787757874,0.5870868563652039,-0.04672979563474655,0.583654522895813,0.6545356512069702,-0.03872402012348175,0.5495284199714661,0.6576636433601379,-0.05577746406197548,0.5848779082298279,0.6390209794044495,-0.05505535006523132,0.599315881729126,0.6266087889671326,-0.049221981316804886
thumbs_up,Left,0.7226492762565613,0.6176050305366516,-1.3455938585593685e-09,0.7103850841522217,0.49884456396102905,-0.03588749095797539,0.6562491655349731,0.4057331681251526,-0.05339786410331726,0.6020138263702393,0.3546837568283081,-0.06825350224971771,0.56471186876297,0.3107624650001526,-0.07827623933553696,0.5748133659362793,0.45307010412216187,-0.015996821224689484,0.5331234335899353,0.4642142355442047,-0.026016434654593468,0.5823712944984436,0.47603368759155273,-0.01884240284562111,0.6085981726646423,0.47711724042892456,-0.01443598885089159,0.5694594979286194,0.5275065302848816,-0.014733324758708477,0.5310571193695068,0.5347646474838257,-0.03732511028647423,0.5943026542663574,0.5396428108215332,-0.03574801981449127,0.6107028126716614,0.535694420337677,-0.026352696120738983,0.5735486149787903,0.593817412853241,-0.019019752740859985,0.5361817479133606,0.6027672290802002,-0.04692335054278374,0.5920885801315308,0.5975369811058044,-0.04580258950591087,0.6071879267692566,0.5898726582527161,-0.035845447331666946,0.5825586318969727,0.653639554977417,-0.026354821398854256,0.5512758493423462,0.657353401184082,-0.04192230850458145,0.5894647836685181,0.6420324444770813,-0.041515037417411804,0.6046175956726074,0.6297496557235718,-0.03561744838953018
thumbs_up,Left,0.7262957096099854,0.6188555359840393,-1.8342072305443935e-09,0.7093346118927002,0.4984612762928009,-0.03076753206551075,0.656733512878418,0.40630075335502625,-0.04689684510231018,0.6046612858772278,0.35078132152557373,-0.061730559915304184,0.5712130665779114,0.30024105310440063,-0.07152030616998672,0.5748739242553711,0.4534454941749573,-0.009725465439260006,0.5335661768913269,0.4660559296607971,-0.01756119169294834,0.5815800428390503,0.4794430732727051,-0.009320525452494621,0.6055929064750671,0.48097431659698486,-0.004864817019551992,0.5697152018547058,0.5287264585494995,-0.011480563320219517,0.5318048596382141,0.5349987149238586,-0.03271652013063431,0.5945788621902466,0.5400106906890869,-0.030190205201506615,0.6088470220565796,0.5360320210456848,-0.020381323993206024,0.5742017030715942,0.5963702201843262,-0.0184932854026556,0.5360850691795349,0.6042057275772095,-0.04578690603375435,0.5919867157936096,0.5980681777000427,-0.044131990522146225,0.6056399941444397,0.5908395051956177,-0.03378092125058174,0.5847805142402649,0.657665491104126,-0.028103789314627647,0.5522227883338928,0.6602281332015991,-0.04301537573337555,0.58941251039505,0.6427525877952576,-0.04216964170336723,0.6038153767585754,0.6311107277870178,-0.036101456731557846
thumbs_up,Left,0.7284528613090515,0.6214321851730347,-4.2377226727730033e-10,0.7118897438049316,0.501939058303833,-0.029566625133156776,0.6628534197807312,0.4069225490093231,-0.045762158930301666,0.6145020127296448,0.34338265657424927,-0.061126381158828735,0.5833467245101929,0.2886584401130676,-0.07169138640165329,0.5805450081825256,0.4571800231933594,-0.008113877847790718,0.5414245128631592,0.46736451983451843,-0.017208749428391457,0.5877771973609924,0.48030638694763184,-0.010440273210406303,0.611679196357727,0.4823284149169922,-0.006664742715656757,0.5742775797843933,0.5304620265960693,-0.010770922526717186,0.5375485420227051,0.5361620783805847,-0.032777316868305206,0.5986264944076538,0.5430169105529785,-0.03151952102780342,0.612980306148529,0.5396276712417603,-0.02262713760137558,0.5777304172515869,0.5971535444259644,-0.018732400611042976,0.540895402431488,0.6039098501205444,-0.04633939638733864,0.59521484375,0.6000034213066101,-0.04519755393266678,0.608918309211731,0.5934383273124695,-0.035297147929668427,0.5874205231666565,0.657833456993103,-0.029326021671295166,0.5559598803520203,0.6603386402130127,-0.04429568722844124,0.5923055410385132,0.644614577293396,-0.043457839637994766,0.6066823601722717,0.6335324048995972,-0.03748394548892975
thumbs_up,Left,0.7308566570281982,0.6220660209655762,-7.208775243405796e-10,0.7152062654495239,0.500136137008667,-0.034357085824012756,0.6718708872795105,0.3981521427631378,-0.05491805821657181,0.6308832168579102,0.3189704418182373,-0.07373527437448502,0.6062077879905701,0.2567582428455353,-0.08737217634916306,0.5848272442817688,0.4532431960105896,-0.017276879400014877,0.5428422689437866,0.4672815203666687,-0.028115663677453995,0.5906033515930176,0.4787709712982178,-0.021716780960559845,0.6146194934844971,0.47874346375465393,-0.01833556406199932,0.5777221322059631,0.5281364917755127,-0.0187072716653347,0.5372296571731567,0.5336864590644836,-0.04237835109233856,0.600418746471405,0.5392836928367615,-0.04027939960360527,0.6145971417427063,0.5346065163612366,-0.03083955869078636,0.5812768936157227,0.5955415964126587,-0.025680964812636375,0.5410038828849792,0.6030721068382263,-0.054604753851890564,0.5966461896896362,0.5975297093391418,-0.053364530205726624,0.6102083921432495,0.5907762050628662,-0.043215032666921616,0.5927977561950684,0.6567212343215942,-0.03548629209399223,0.5586311221122742,0.6613948345184326,-0.05123773589730263,0.5943957567214966,0.6433649063110352,-0.0509541779756546,0.6079985499382019,0.6312482953071594,-0.045397352427244186
thumbs_up,Left,0.7322325706481934,0.6243900060653687,-3.6149488350650794e-12,0.7183460593223572,0.50405353307724,-0.031791411340236664,0.682807445526123,0.40038561820983887,-0.055086132138967514,0.6499049663543701,0.3158140480518341,-0.07769203931093216,0.6274280548095703,0.2563351094722748,-0.09552846848964691,0.5913006663322449,0.45171117782592773,-0.021428853273391724,0.5460737347602844,0.4627839922904968,-0.03553750365972519,0.5909460783004761,0.47612857818603516,-0.03189752995967865,0.62089604139328,0.4806731641292572,-0.030087539926171303,0.5827006697654724,0.526196300983429,-0.025545205920934677,0.5402463674545288,0.5299033522605896,-0.05374043807387352,0.6006835103034973,0.5398960113525391,-0.05576450750231743,0.6200684309005737,0.5393257141113281,-0.04901988059282303,0.5844865441322327,0.5946791768074036,-0.034437570720911026,0.5418403148651123,0.6003412008285522,-0.06584186106920242,0.5945274233818054,0.5983825325965881,-0.06718622148036957,0.6121598482131958,0.5936293601989746,-0.05925949290394783,0.5954960584640503,0.6597489714622498,-0.045836616307497025,0.5565840601921082,0.6596813201904297,-0.06362173706293106,0.5902376174926758,0.6448785066604614,-0.0644591897726059,0.6067797541618347,0.6352759599685669,-0.060154445469379425
thumbs_up,Left,0.7325369715690613,0.624376118183136,9.604697037701726e-10,0.7207461595535278,0.5025357604026794,-0.032329898327589035,0.6877917647361755,0.3954055905342102,-0.056468889117240906,0.6601594090461731,0.30789071321487427,-0.08009785413742065,0.6425426006317139,0.24506014585494995,-0.09881805628538132,0.5920323133468628,0.44780924916267395,-0.021417560055851936,0.5440641641616821,0.4579436480998993,-0.03522487357258797,0.5904829502105713,0.4685743749141693,-0.031925685703754425,0.6210719347000122,0.4712584614753723,-0.03057565912604332,0.5827378630638123,0.521634042263031,-0.025518221780657768,0.5405426621437073,0.525366485118866,-0.05177140608429909,0.6009389162063599,0.5334922075271606,-0.0537489652633667,0.6195632219314575,0.5326315760612488,-0.04778477922081947,0.5836467742919922,0.5906224846839905,-0.034546222537755966,0.5426113605499268,0.595798671245575,-0.06315407902002335,0.5953689813613892,0.5929142236709595,-0.06391172111034393,0.6111947894096375,0.5868141055107117,-0.05678439885377884,0.5928784608840942,0.6568136811256409,-0.046409402042627335,0.5540377497673035,0.6544891595840454,-0.06209072470664978,0.5894620418548584,0.6389459371566772,-0.062153395265340805,0.6060758233070374,0.6280785202980042,-0.058023542165756226
thumbs_up,Left,0.7318550944328308,0.6254788637161255,1.2086145417811167e-09,0.7194002270698547,0.5059431195259094,-0.03057066537439823,0.6852504014968872,0.39953213930130005,-0.054931022226810455,0.6568713188171387,0.3121257424354553,-0.07961256057024002,0.6402645111083984,0.24658708274364471,-0.09983877092599869,0.5918407440185547,0.44883301854133606,-0.019924961030483246,0.5430659055709839,0.4570874869823456,-0.03434280306100845,0.5876763463020325,0.46558791399002075,-0.03217928856611252,0.6200335025787354,0.4686741530895233,-0.031583502888679504,0.5823266506195068,0.5219854116439819,-0.025888366624712944,0.5389801859855652,0.5240153074264526,-0.05307934433221817,0.5968894362449646,0.5332322716712952,-0.05701034143567085,0.6191338896751404,0.5340359807014465,-0.05241065472364426,0.5828853845596313,0.590327262878418,-0.03658335283398628,0.5403556227684021,0.5938628911972046,-0.06520411372184753,0.5911366939544678,0.5929621458053589,-0.06689666211605072,0.6094818711280823,0.5878744125366211,-0.060714248567819595,0.5927121639251709,0.6556639671325684,-0.05010590702295303,0.5520721077919006,0.6517179012298584,-0.06576772779226303,0.5869696736335754,0.6374084949493408,-0.06570590287446976,0.6058717370033264,0.6268044710159302,-0.06171458214521408
thumbs_up,Left,0.727810263633728,0.6185054779052734,3.1962593682877127e-10,0.7141290903091431,0.4965386390686035,-0.03241213038563728,0.6649357080459595,0.4023227095603943,-0.05263686925172806,0.6170845031738281,0.34081941843032837,-0.07199087738990784,0.5860000848770142,0.28557854890823364,-0.08709172159433365,0.5838254690170288,0.45069754123687744,-0.01702563650906086,0.5421244502067566,0.4614371061325073,-0.030111657455563545,0.5889402627944946,0.47058483958244324,-0.026457497850060463,0.6128803491592407,0.47267860174179077,-0.024753408506512642,0.5755163431167603,0.5246994495391846,-0.019838780164718628,0.5397752523422241,0.5293391346931458,-0.04446405917406082,0.6001091599464417,0.5333883166313171,-0.04562411084771156,0.6142038702964783,0.5324150323867798,-0.039235230535268784,0.5779415369033813,0.5926159024238586,-0.02790888212621212,0.5410078763961792,0.598905622959137,-0.056525297462940216,0.5942409634590149,0.5933958292007446,-0.05636560916900635,0.6073312163352966,0.5889471769332886,-0.04830092564225197,0.5867688059806824,0.6564173698425293,-0.038821589201688766,0.5534446239471436,0.6568750739097595,-0.054842203855514526,0.5904653072357178,0.6393937468528748,-0.05440082028508186,0.6050049662590027,0.628196120262146,-0.049461472779512405
thumbs_up,Left,0.723036527633667,0.6219353675842285,-3.3423690481981794e-09,0.7136288285255432,0.4994738698005676,-0.033226631581783295,0.6513022780418396,0.4117048680782318,-0.0504787378013134,0.5895763635635376,0.3752274215221405,-0.06620702892541885,0.5478635430335999,0.33762243390083313,-0.07797396183013916,0.5777536630630493,0.4542085826396942,-0.020268142223358154,0.5344948768615723,0.46062466502189636,-0.03248275816440582,0.583918571472168,0.4769400358200073,-0.026309294626116753,0.6106642484664917,0.48226019740104675,-0.02263670228421688,0.5706366300582886,0.5291358828544617,-0.021383341401815414,0.534362256526947,0.5298208594322205,-0.046593908220529556,0.5971464514732361,0.5380141735076904,-0.04597679153084755,0.6142381429672241,0.5374719500541687,-0.0374966636300087,0.5738868713378906,0.5973713397979736,-0.02737901359796524,0.5360226035118103,0.6024524569511414,-0.05634971708059311,0.5913798809051514,0.5986761450767517,-0.053926266729831696,0.6092222332954407,0.5944327116012573,-0.04367400333285332,0.582455575466156,0.6614203453063965,-0.036300189793109894,0.5483782291412354,0.6634082794189453,-0.052371107041835785,0.5863191485404968,0.6493211984634399,-0.05088357999920845,0.6025006771087646,0.6401422619819641,-0.044626180082559586
thumbs_up,Left,0.7197660803794861,0.6270056366920471,-2.3650144065356926e-09,0.7143101692199707,0.5044985413551331,-0.03439485654234886,0.6501522660255432,0.41060304641723633,-0.051369234919548035,0.5870204567909241,0.3738531470298767,-0.06623680889606476,0.5458722114562988,0.33591049909591675,-0.07709281146526337,0.5713277459144592,0.45398080348968506,-0.020129181444644928,0.5381481647491455,0.45741939544677734,-0.034159351140260696,0.5894973278045654,0.47291243076324463,-0.0299664419144392,0.6113979816436768,0.4807400703430176,-0.027280494570732117,0.563291072845459,0.5233222246170044,-0.02027527242898941,0.5378698706626892,0.5251873135566711,-0.04504901170730591,0.6023799777030945,0.5319415330886841,-0.043811749666929245,0.6148479580879211,0.5356170535087585,-0.03531946614384651,0.565770149230957,0.589073896408081,-0.025866655632853508,0.5397087931632996,0.5921825766563416,-0.05479231849312782,0.5961020588874817,0.5901913642883301,-0.05255614221096039,0.6078592538833618,0.5908232927322388,-0.042740631848573685,0.5711039900779724,0.6526638269424438,-0.03473486006259918,0.5507113337516785,0.6506938338279724,-0.05044982209801674,0.5915300846099854,0.6402210593223572,-0.04934351518750191,0.6034680008888245,0.6358513236045837,-0.04355097562074661
thumbs_up,Left,0.7266085147857666,0.6254327297210693,-1.5692510624276679e-09,0.7148703336715698,0.5062016844749451,-0.03192189708352089,0.6608749032020569,0.4103953540325165,-0.04954168200492859,0.607478678226471,0.35759156942367554,-0.06531050056219101,0.570789098739624,0.310973197221756,-0.07690609246492386,0.5821154117584229,0.4552728533744812,-0.018898140639066696,0.5465245246887207,0.4599156379699707,-0.03053685650229454,0.5945572257041931,0.47671008110046387,-0.024917669594287872,0.6182486414909363,0.48075583577156067,-0.02176809310913086,0.5751498341560364,0.5289874076843262,-0.020237499848008156,0.5423402190208435,0.5331788063049316,-0.043373338878154755,0.6036893725395203,0.5416113138198853,-0.04175878316164017,0.6187011003494263,0.5371864438056946,-0.03359386697411537,0.5783650279045105,0.5970658659934998,-0.026396092027425766,0.5435234308242798,0.6030283570289612,-0.054482653737068176,0.5979028344154358,0.6009658575057983,-0.05205287039279938,0.6125067472457886,0.594011664390564,-0.042351868003606796,0.5868670344352722,0.6610442399978638,-0.03530121594667435,0.5560396313667297,0.6618558168411255,-0.05147778242826462,0.5939025282859802,0.6484082937240601,-0.05009501799941063,0.6091455221176147,0.6378984451293945,-0.04414515569806099
thumbs_up,Left,0.7315329909324646,0.6289838552474976,-1.6619979836818288e-09,0.7204784154891968,0.507639467716217,-0.03172769024968147,0.6698905229568481,0.41183987259864807,-0.04878171905875206,0.618918240070343,0.35123318433761597,-0.0644279345870018,0.5888940691947937,0.2929152250289917,-0.07548168301582336,0.5841875076293945,0.4583953619003296,-0.010385440662503242,0.5545433163642883,0.4648182690143585,-0.020270265638828278,0.6029923558235168,0.480747789144516,-0.015670575201511383,0.6206498146057129,0.482780396938324,-0.014090861193835735,0.5759122371673584,0.5316116213798523,-0.01228691078722477,0.5500192046165466,0.5351904034614563,-0.03332539647817612,0.6122702956199646,0.5422046184539795,-0.03301782160997391,0.6203776001930237,0.536959707736969,-0.02637217752635479,0.5784369111061096,0.5991121530532837,-0.019576117396354675,0.5490553975105286,0.6016605496406555,-0.047289732843637466,0.6047985553741455,0.5998964309692383,-0.04687250033020973,0.6145533323287964,0.5958935618400574,-0.03839774429798126,0.5868797302246094,0.661689281463623,-0.029561327770352364,0.5601556897163391,0.6606727242469788,-0.04506892338395119,0.5989981293678284,0.6463061571121216,-0.04463978856801987,0.6120972633361816,0.6380378007888794,-0.03958146646618843
thumbs_up,Left,0.7318463325500488,0.6281096339225769,-2.2872517213556876e-09,0.7229738831520081,0.508484423160553,-0.03534378111362457,0.6796802282333374,0.4056578278541565,-0.055666010826826096,0.6372395157814026,0.33254051208496094,-0.0742533728480339,0.6112210750579834,0.275255024433136,-0.08836495876312256,0.5875357985496521,0.45429861545562744,-0.01759032905101776,0.5579358339309692,0.46819308400154114,-0.030282925814390182,0.6029753684997559,0.4855174720287323,-0.02826904132962227,0.6231664419174194,0.48626500368118286,-0.0279915202409029,0.5775076150894165,0.5276198983192444,-0.01876651868224144,0.5523954033851624,0.5375385880470276,-0.042110029608011246,0.6109769940376282,0.5471954345703125,-0.04402244836091995,0.621969997882843,0.5397678017616272,-0.0391656830906868,0.5795271992683411,0.5956587791442871,-0.025446582585573196,0.5520319938659668,0.6039454936981201,-0.053465161472558975,0.6038755178451538,0.6036583781242371,-0.054003357887268066,0.6159307360649109,0.5954056978225708,-0.04683169350028038,0.5892643928527832,0.6584246158599854,-0.03538792207837105,0.5632465481758118,0.6643025279045105,-0.05142361670732498,0.5980105400085449,0.650667130947113,-0.0520482212305069,0.6104553937911987,0.6367948651313782,-0.04803783819079399
thumbs_up,Left,0.7348873615264893,0.630314826965332,-1.627856405228556e-09,0.723364531993866,0.5091718435287476,-0.036897704005241394,0.6907515525817871,0.40401142835617065,-0.062145862728357315,0.6588664650917053,0.31979846954345703,-0.08573421835899353,0.6363160610198975,0.25563111901283264,-0.10454888641834259,0.5910536646842957,0.4555487036705017,-0.023821134120225906,0.5569915175437927,0.4665345847606659,-0.038757309317588806,0.601672887802124,0.481733500957489,-0.03803478553891182,0.6275734901428223,0.4855329692363739,-0.03852919116616249,0.5807904601097107,0.5281496644020081,-0.025481989607214928,0.5512602925300598,0.5328993797302246,-0.05229244381189346,0.6098769903182983,0.5425640344619751,-0.05608866736292839,0.6248410940170288,0.5404495596885681,-0.05214187875390053,0.5826849937438965,0.5958257913589478,-0.03240475431084633,0.5507109761238098,0.6002834439277649,-0.06260709464550018,0.6018359065055847,0.5983023047447205,-0.0649881437420845,0.6165949106216431,0.5927294492721558,-0.059035200625658035,0.5942136645317078,0.6605305075645447,-0.042436711490154266,0.5631441473960876,0.6612598299980164,-0.059908974915742874,0.59683758020401,0.646100640296936,-0.0614786259829998,0.611502468585968,0.6351426243782043,-0.05831681191921234
thumbs_up,Left,0.7359224557876587,0.6306602358818054,8.400962148158442e-10,0.7285448908805847,0.511248767375946,-0.02987769991159439,0.6990758180618286,0.4002157747745514,-0.054796718060970306,0.6777811050415039,0.3073715567588806,-0.0803431048989296,0.6672800779342651,0.2383253574371338,-0.1015801653265953,0.6005537509918213,0.448331356048584,-0.021829525008797646,0.5577151775360107,0.4541490972042084,-0.037450890988111496,0.6020310521125793,0.4708011746406555,-0.03764062747359276,0.6304508447647095,0.477109432220459,-0.03866148740053177,0.5895882248878479,0.5182660222053528,-0.028107330203056335,0.5524933338165283,0.5205396413803101,-0.05467011779546738,0.6082876920700073,0.5335853695869446,-0.05957654491066933,0.6269320845603943,0.5344699621200562,-0.05674520507454872,0.5892449617385864,0.5867287516593933,-0.03895937278866768,0.5523502826690674,0.5898681879043579,-0.06563437730073929,0.6008839011192322,0.5911015868186951,-0.0672064945101738,0.618373453617096,0.5864465236663818,-0.06208738684654236,0.5974681377410889,0.652778148651123,-0.05288052186369896,0.5620061755180359,0.6514569520950317,-0.06652162224054337,0.5950206518173218,0.6387679576873779,-0.06628593802452087,0.6116195321083069,0.6273049116134644,-0.0630367323756218
thumbs_up,Left,0.7331163883209229,0.6317484974861145,9.821420343669729e-10,0.7213321924209595,0.5094705820083618,-0.032419558614492416,0.6787828803062439,0.4070497155189514,-0.054053205996751785,0.6376863718032837,0.3326277732849121,-0.07525946944952011,0.6140955686569214,0.2676299810409546,-0.09212566167116165,0.5878718495368958,0.45440223813056946,-0.014096383936703205,0.5570400953292847,0.4653889238834381,-0.028192188590765,0.6040937304496765,0.4800301492214203,-0.028745809569954872,0.6242092847824097,0.4825344979763031,-0.03078240342438221,0.5763731002807617,0.5260583162307739,-0.018206385895609856,0.5560893416404724,0.5355181097984314,-0.04258536174893379,0.6139988303184509,0.5436483025550842,-0.048233967274427414,0.6235330104827881,0.5405495762825012,-0.04693222418427467,0.5771991014480591,0.5942580699920654,-0.02757231518626213,0.5532600283622742,0.6014466285705566,-0.05569633096456528,0.605644702911377,0.600180983543396,-0.05869561806321144,0.6151735186576843,0.5935729742050171,-0.054401203989982605,0.5851374864578247,0.6586408615112305,-0.039952490478754044,0.5598161220550537,0.6583326458930969,-0.055806633085012436,0.5985423922538757,0.6445275545120239,-0.056542422622442245,0.6123790740966797,0.6324697136878967,-0.05359664931893349
thumbs_up,Left,0.7305818200111389,0.6295971870422363,-2.4184194646892365e-09,0.7182995080947876,0.5064056515693665,-0.028696900233626366,0.6627593636512756,0.4124363660812378,-0.04610399901866913,0.6090319752693176,0.3591510057449341,-0.06335155665874481,0.5757616758346558,0.30964308977127075,-0.07684405148029327,0.5852891802787781,0.46011805534362793,-0.012424511834979057,0.5534215569496155,0.4644736349582672,-0.025336312130093575,0.6005471348762512,0.4813220500946045,-0.022719481959939003,0.6218535304069519,0.4894861578941345,-0.021717876195907593,0.5772134065628052,0.5326636433601379,-0.01642654649913311,0.5494848489761353,0.5348917841911316,-0.04104068502783775,0.6101030707359314,0.5439294576644897,-0.04301725700497627,0.6230941414833069,0.5449604988098145,-0.03732779249548912,0.580174446105957,0.6000330448150635,-0.025284359231591225,0.5484662055969238,0.602982759475708,-0.053563207387924194,0.6022557020187378,0.6012284755706787,-0.052648164331912994,0.6166481375694275,0.6004816293716431,-0.044142577797174454,0.5894248485565186,0.6643158793449402,-0.03682980313897133,0.56058669090271,0.6625530123710632,-0.051844459027051926,0.5982273817062378,0.647720217704773,-0.050497908145189285,0.6126717925071716,0.6396175622940063,-0.0450911670923233
thumbs_up,Left,0.727412223815918,0.6341744661331177,-3.561370753857318e-09,0.7188530564308167,0.5139661431312561,-0.031038857996463776,0.6641823053359985,0.41813787817955017,-0.04648396745324135,0.6107003092765808,0.3626074194908142,-0.060620978474617004,0.5796418190002441,0.30906942486763,-0.07083024084568024,0.582269012928009,0.45961520075798035,-0.01243732962757349,0.5527458190917969,0.4721198081970215,-0.022142713889479637,0.5989850759506226,0.4911215007305145,-0.017803523689508438,0.6179165244102478,0.49265530705451965,-0.016113746911287308,0.5738863945007324,0.533890962600708,-0.0140947001054883,0.5482378005981445,0.5441333651542664,-0.03517971187829971,0.6073675751686096,0.5534822940826416,-0.035667773336172104,0.619269847869873,0.5473161935806274,-0.029738178476691246,0.5769169926643372,0.6022583842277527,-0.020682770758867264,0.5497545003890991,0.6114521026611328,-0.04687057062983513,0.6026419997215271,0.6101030111312866,-0.0461440309882164,0.6154780387878418,0.6026192903518677,-0.03811211511492729,0.5858626365661621,0.66508948802948,-0.03016430325806141,0.5605666637420654,0.6688364148139954,-0.04499182105064392,0.5970855355262756,0.6555061340332031,-0.044644422829151154,0.6102219223976135,0.6433106660842896,-0.03990887850522995
thumbs_up,Left,0.7302100658416748,0.633952260017395,-1.5538209607868225e-09,0.7185880541801453,0.5112543702125549,-0.027575530111789703,0.6730713248252869,0.409930557012558,-0.04476114362478256,0.6301565170288086,0.3377998471260071,-0.062161680310964584,0.6071025729179382,0.27439427375793457,-0.07570242881774902,0.5857189297676086,0.45964884757995605,-0.007758768741041422,0.5577346682548523,0.4706830382347107,-0.01877579279243946,0.6041778326034546,0.4882786273956299,-0.0164418313652277,0.6245334148406982,0.49139702320098877,-0.016284624114632607,0.5765650868415833,0.531964898109436,-0.012860046699643135,0.5513192415237427,0.5384087562561035,-0.03515835478901863,0.6111924052238464,0.5487591028213501,-0.037563685327768326,0.6235472559928894,0.5443836450576782,-0.033131614327430725,0.5789574384689331,0.599799633026123,-0.023057308048009872,0.5498299598693848,0.6043316125869751,-0.050665438175201416,0.6031588315963745,0.6047403216362,-0.051737863570451736,0.61592698097229,0.5997298955917358,-0.04492183029651642,0.5886427164077759,0.6631538271903992,-0.035841673612594604,0.562388002872467,0.662168562412262,-0.05150395631790161,0.5994155406951904,0.6498768329620361,-0.05174056813120842,0.6132646203041077,0.6402127742767334,-0.04764172062277794
thumbs_up,Left,0.736278772354126,0.632736325263977,-8.449639876673132e-10,0.7300653457641602,0.5122249126434326,-0.037326984107494354,0.696155846118927,0.4047076404094696,-0.06242368370294571,0.666310727596283,0.3190998435020447,-0.08631334453821182,0.6487577557563782,0.24825036525726318,-0.10566609352827072,0.5957006812095642,0.4554870128631592,-0.02231014333665371,0.5594576597213745,0.46902015805244446,-0.03760368004441261,0.6048262119293213,0.4845448136329651,-0.037922363728284836,0.6302183270454407,0.48514920473098755,-0.03930201381444931,0.5847273468971252,0.5256688594818115,-0.024119077250361443,0.554224967956543,0.5345344543457031,-0.05048690736293793,0.613333523273468,0.5452324748039246,-0.05561060830950737,0.6285557150840759,0.5410797595977783,-0.052914347499608994,0.5852863788604736,0.5931360721588135,-0.031551964581012726,0.5534735321998596,0.6013597249984741,-0.0611291229724884,0.6052982807159424,0.6021046042442322,-0.06482864916324615,0.6199880838394165,0.5948672294616699,-0.060243118554353714,0.5942741632461548,0.6584197878837585,-0.04239566996693611,0.5653092861175537,0.6611558198928833,-0.05945414677262306,0.600895881652832,0.6490929126739502,-0.061731137335300446,0.6157152056694031,0.6361374855041504,-0.05949173495173454
thumbs_up,Left,0.7353603839874268,0.6374092102050781,1.1330356652905493e-09,0.7293908596038818,0.5160897374153137,-0.03452591598033905,0.7046092748641968,0.40341487526893616,-0.06233544647693634,0.6869657039642334,0.30754518508911133,-0.089975506067276,0.6768174171447754,0.23669785261154175,-0.11305062472820282,0.5990243554115295,0.45139971375465393,-0.024886848405003548,0.5588733553886414,0.45522555708885193,-0.04204510897397995,0.6025600433349609,0.4717593193054199,-0.04427994787693024,0.6304700970649719,0.4785376489162445,-0.04695862904191017,0.5876115560531616,0.5213915109634399,-0.02952028252184391,0.5562343597412109,0.5233569741249084,-0.05717224255204201,0.6121501922607422,0.5373363494873047,-0.06411579996347427,0.6289795637130737,0.5376496315002441,-0.06317783147096634,0.587189257144928,0.5899741649627686,-0.0391271710395813,0.5551996231079102,0.5914979577064514,-0.06735492497682571,0.6044175624847412,0.5946146845817566,-0.07080678641796112,0.6193395853042603,0.5894786715507507,-0.06724301725625992,0.59525465965271,0.6564528942108154,-0.05209803581237793,0.5629047155380249,0.6514873504638672,-0.06720035523176193,0.5977298617362976,0.6405231952667236,-0.06800764054059982,0.6139970421791077,0.630281388759613,-0.0656760185956955
thumbs_up,Left,0.7352697849273682,0.6375306248664856,2.8933695439548046e-09,0.725527822971344,0.5165935158729553,-0.032728664577007294,0.6938090324401855,0.40976399183273315,-0.05666075274348259,0.6654195189476013,0.3235296308994293,-0.08057284355163574,0.6489046812057495,0.25502297282218933,-0.10006771981716156,0.5949265360832214,0.4673391580581665,-0.015255685895681381,0.5565606951713562,0.47065097093582153,-0.029682766646146774,0.6011480689048767,0.4826924502849579,-0.03131312504410744,0.6250237822532654,0.4855808913707733,-0.03407253697514534,0.5839335918426514,0.5348378419876099,-0.019557029008865356,0.556359589099884,0.5367501974105835,-0.04433301463723183,0.6118701696395874,0.5468913316726685,-0.051999930292367935,0.6259992718696594,0.546098530292511,-0.052166614681482315,0.5840399265289307,0.5996943116188049,-0.029043182730674744,0.5542051792144775,0.602333664894104,-0.05634830519556999,0.6041946411132812,0.6031762361526489,-0.06121312454342842,0.6164022088050842,0.5964236855506897,-0.05867067724466324,0.5919696092605591,0.6627463102340698,-0.04168889299035072,0.5614916682243347,0.6606676578521729,-0.05670500174164772,0.5980925559997559,0.6488387584686279,-0.058225516229867935,0.6140406131744385,0.637405276298523,-0.056378114968538284
thumbs_up,Left,0.734135627746582,0.6308798789978027,-2.541674426481677e-09,0.7229819297790527,0.5024397373199463,-0.029508408159017563,0.670043408870697,0.40944337844848633,-0.04802083596587181,0.6165172457695007,0.35994425415992737,-0.066305972635746,0.5839142203330994,0.30412614345550537,-0.08085954189300537,0.5805183053016663,0.4537121653556824,-0.014368359930813313,0.5569669604301453,0.46536439657211304,-0.02793775126338005,0.6039925813674927,0.4801204800605774,-0.027269892394542694,0.6210958361625671,0.4844762682914734,-0.028098169714212418,0.5701112747192383,0.5252915024757385,-0.01872069761157036,0.5550450086593628,0.5355084538459778,-0.04178176820278168,0.6132000684738159,0.5414310097694397,-0.043868955224752426,0.62119060754776,0.5401658415794373,-0.040113843977451324,0.5726307034492493,0.5938936471939087,-0.027998371049761772,0.5528421998023987,0.602000892162323,-0.055699560791254044,0.6048402786254883,0.5994513034820557,-0.054894495755434036,0.6142136454582214,0.5969178080558777,-0.04777267575263977,0.5817931890487671,0.6603695154190063,-0.04015624523162842,0.5606938600540161,0.6607260704040527,-0.05622480809688568,0.5986224412918091,0.6458854675292969,-0.05524272844195366,0.6105614304542542,0.6373748183250427,-0.05054116249084473
thumbs_up,Left,0.7346017360687256,0.6282773613929749,-3.014980709536985e-09,0.7223620414733887,0.5070902109146118,-0.03411245718598366,0.6716236472129822,0.41316768527030945,-0.052507031708955765,0.6212180256843567,0.3521687090396881,-0.06871294975280762,0.5914483070373535,0.29489433765411377,-0.0804641917347908,0.587078869342804,0.46183085441589355,-0.018840987235307693,0.5580178499221802,0.4632453918457031,-0.03043593093752861,0.6058768630027771,0.48062658309936523,-0.025510499253869057,0.6252122521400452,0.4842592775821686,-0.02304036356508732,0.5787192583084106,0.5368695855140686,-0.01948460191488266,0.5516998171806335,0.5352286100387573,-0.042432088404893875,0.6131519079208374,0.5433551073074341,-0.040976446121931076,0.6233606338500977,0.5393751859664917,-0.033134229481220245,0.5827530026435852,0.6045805811882019,-0.02529485709965229,0.5510097146034241,0.6043034195899963,-0.05417179316282272,0.6051222085952759,0.6015403270721436,-0.052484989166259766,0.6173446178436279,0.598921000957489,-0.04268186539411545,0.5941694974899292,0.6666833162307739,-0.0338352769613266,0.565791666507721,0.6668037176132202,-0.05037778615951538,0.5999901294708252,0.6503803133964539,-0.05009240657091141,0.6116015911102295,0.6413862705230713,-0.04473010450601578
thumbs_up,Left,0.7333735823631287,0.638262927532196,-1.929285842194872e-09,0.7264865636825562,0.5161060690879822,-0.03582959249615669,0.684147834777832,0.4116595983505249,-0.05551673099398613,0.6422662734985352,0.33619439601898193,-0.073221355676651,0.6181849241256714,0.2718990743160248,-0.08619768172502518,0.5891305208206177,0.46185439825057983,-0.01431392040103674,0.5653800368309021,0.46935829520225525,-0.027054529637098312,0.6102864146232605,0.4885711073875427,-0.026530934497714043,0.6265544295310974,0.49000605940818787,-0.027551526203751564,0.5784633755683899,0.5321998000144958,-0.014723207801580429,0.5615149140357971,0.5393682718276978,-0.037217266857624054,0.6194201707839966,0.5506324172019958,-0.04058749973773956,0.6253688335418701,0.5444074273109436,-0.0372764989733696,0.5791434049606323,0.5994546413421631,-0.020878959447145462,0.5576093196868896,0.6044377088546753,-0.04901862144470215,0.6094927191734314,0.6068146824836731,-0.05108005180954933,0.6180160641670227,0.6001145243644714,-0.045049309730529785,0.58616042137146,0.6622229218482971,-0.03030484728515148,0.5647398829460144,0.6655716300010681,-0.04647580906748772,0.6007542014122009,0.6536622047424316,-0.047828733921051025,0.6119796633720398,0.6411573886871338,-0.04444653168320656
thumbs_up,Left,0.7390888333320618,0.6345545053482056,-1.5186024659996633e-09,0.7306630611419678,0.5086270570755005,-0.03434596583247185,0.7007007598876953,0.40031468868255615,-0.0589204765856266,0.673636794090271,0.31346452236175537,-0.08259838819503784,0.6583564877510071,0.2418004870414734,-0.10138349235057831,0.5963481068611145,0.4491429328918457,-0.020669743418693542,0.5637332797050476,0.4645756781101227,-0.035897254943847656,0.6093496084213257,0.47961026430130005,-0.03606989234685898,0.6319203972816467,0.4791795611381531,-0.03730202466249466,0.5852138996124268,0.5210627913475037,-0.024037860333919525,0.5576187372207642,0.5305423736572266,-0.049879394471645355,0.6171241998672485,0.540181040763855,-0.05309445410966873,0.6289812326431274,0.5350990891456604,-0.04927118122577667,0.5857284069061279,0.5902232527732849,-0.03290703147649765,0.5548310279846191,0.5988020896911621,-0.062439966946840286,0.6071562767028809,0.5981107950210571,-0.06377242505550385,0.6202617883682251,0.5910975337028503,-0.05740896612405777,0.5948026776313782,0.6562869548797607,-0.04492620751261711,0.5648479461669922,0.660518229007721,-0.061689358204603195,0.6004490256309509,0.6469900608062744,-0.06243894621729851,0.6148473620414734,0.6348583698272705,-0.05894028767943382
thumbs_up,Left,0.7736053466796875,0.6270624399185181,5.775969924570745e-09,0.7651196718215942,0.5026787519454956,-0.031413014978170395,0.7311615347862244,0.3918875455856323,-0.05429521203041077,0.7022145390510559,0.3038352429866791,-0.07747103273868561,0.6867126226425171,0.22971931099891663,-0.09575144946575165,0.6313678622245789,0.4462507963180542,-0.00974336825311184,0.5917674899101257,0.44978368282318115,-0.023552821949124336,0.6386471390724182,0.46519047021865845,-0.0227990560233593,0.65996253490448,0.46923649311065674,-0.02346336469054222,0.6214038729667664,0.5180046558380127,-0.014804640784859657,0.5868299007415771,0.514833390712738,-0.03926141932606697,0.6485593318939209,0.5281457901000977,-0.04302747920155525,0.6599669456481934,0.5290798544883728,-0.03869933634996414,0.6212262511253357,0.5857149362564087,-0.025832444429397583,0.5850131511688232,0.5846311450004578,-0.05477083846926689,0.6403816938400269,0.5887691378593445,-0.05745064839720726,0.6507283449172974,0.5860666036605835,-0.0512252040207386,0.627594530582428,0.6510447263717651,-0.03987768664956093,0.5937368869781494,0.6450110673904419,-0.055520761758089066,0.6329465508460999,0.6373974680900574,-0.05587994307279587,0.6480877995491028,0.6322957277297974,-0.05192296579480171
thumbs_up,Left,0.7191723585128784,0.6245226860046387,-4.479403514778824e-09,0.7115505933761597,0.4957514703273773,-0.03594948723912239,0.6851946711540222,0.3819355070590973,-0.06070316582918167,0.6615674495697021,0.29039478302001953,-0.08471180498600006,0.646360456943512,0.21835428476333618,-0.1040143221616745,0.5906625986099243,0.4201291501522064,-0.021832559257745743,0.545256495475769,0.4200766682624817,-0.03725592419505119,0.5866082310676575,0.44102874398231506,-0.03701074793934822,0.613835871219635,0.44833022356033325,-0.03746366128325462,0.5745702981948853,0.48979833722114563,-0.024306097999215126,0.5338054895401001,0.49032050371170044,-0.05207096040248871,0.5883241295814514,0.5120105743408203,-0.05833818018436432,0.6070674657821655,0.510883092880249,-0.0550801157951355,0.5686923861503601,0.55880206823349,-0.03222981095314026,0.5274130702018738,0.5612467527389526,-0.06172649562358856,0.5735198259353638,0.5730643272399902,-0.06630287319421768,0.5905042886734009,0.5685677528381348,-0.061548274010419846,0.5725618600845337,0.6274561882019043,-0.04322969913482666,0.5332171320915222,0.6256228685379028,-0.05943024531006813,0.564125120639801,0.619687557220459,-0.06181459501385689,0.5823913812637329,0.6086311340332031,-0.059226419776678085
thumbs_up,Left,0.7220143675804138,0.7472162246704102,7.844611182861172e-09,0.718552827835083,0.6174216270446777,-0.024458279833197594,0.6809797883033752,0.5005277991294861,-0.03913237899541855,0.6398921012878418,0.41940268874168396,-0.054504796862602234,0.6175174117088318,0.3515464961528778,-0.06540984660387039,0.5956745743751526,0.5355221629142761,-0.004324893932789564,0.5508090257644653,0.5366483330726624,-0.012729384936392307,0.5951749682426453,0.5673993825912476,-0.006873913109302521,0.6174505352973938,0.5753720998764038,-0.003636391367763281,0.5795431137084961,0.6072746515274048,-0.009251019917428493,0.5404179692268372,0.6041386127471924,-0.03215058892965317,0.5965128540992737,0.6293359994888306,-0.033717650920152664,0.6126493215560913,0.6307368278503418,-0.026815233752131462,0.573486864566803,0.6765679717063904,-0.018442880362272263,0.5351593494415283,0.6713650226593018,-0.04367569088935852,0.5859621167182922,0.6841835379600525,-0.04305754601955414,0.6010211706161499,0.6819763779640198,-0.03389629349112511,0.5752739310264587,0.743233323097229,-0.0299554243683815,0.5395545363426208,0.7325186729431152,-0.0407150574028492,0.574019193649292,0.7282742857933044,-0.03839936852455139,0.5894621014595032,0.722074568271637,-0.03233511745929718
thumbs_up,Left,0.7107409834861755,0.7434179186820984,-2.9634845688519817e-09,0.7085738182067871,0.6165558099746704,-0.030555179342627525,0.6650224924087524,0.5098603367805481,-0.04801088571548462,0.6179752945899963,0.44368356466293335,-0.06410570442676544,0.587710976600647,0.38276952505111694,-0.07583041489124298,0.5728940367698669,0.5357989072799683,-0.012945570051670074,0.5473790168762207,0.5424116849899292,-0.02384445071220398,0.5928141474723816,0.5637164115905762,-0.020292699337005615,0.6112411618232727,0.5686476230621338,-0.018980598077178,0.5588400363922119,0.6053645014762878,-0.01513257808983326,0.5392979383468628,0.6119134426116943,-0.03599279373884201,0.5975775718688965,0.6304994225502014,-0.03528708219528198,0.6063992977142334,0.6285415887832642,-0.028806054964661598,0.5567135214805603,0.6735324859619141,-0.0223885178565979,0.5332326889038086,0.6773892641067505,-0.048540182411670685,0.5849151611328125,0.6867806315422058,-0.04609470069408417,0.5930259227752686,0.6831670999526978,-0.03721504285931587,0.5602805614471436,0.7397328615188599,-0.03239884972572327,0.5367158055305481,0.737760066986084,-0.047526102513074875,0.5744985342025757,0.7318088412284851,-0.04596675932407379,0.5857008099555969,0.7230492234230042,-0.04029405489563942
thumbs_up,Left,0.7220187783241272,0.7160612344741821,-9.482353791057108e-10,0.7224117517471313,0.5894500017166138,-0.03258807212114334,0.6898625493049622,0.479879766702652,-0.052378665655851364,0.6553167700767517,0.40018129348754883,-0.07134278863668442,0.6372035145759583,0.32947802543640137,-0.08577955514192581,0.5919062495231628,0.5131500959396362,-0.010296296328306198,0.5703582167625427,0.5198231935501099,-0.02210892364382744,0.6140671372413635,0.5413169860839844,-0.021991290152072906,0.6283177137374878,0.5405209064483643,-0.023460133001208305,0.575722336769104,0.5838193297386169,-0.012628226540982723,0.558086097240448,0.5859501361846924,-0.033048272132873535,0.6136331558227539,0.6040921211242676,-0.03624553605914116,0.6179993152618408,0.5962265133857727,-0.03359020873904228,0.5714417099952698,0.6528390645980835,-0.02066059410572052,0.5474970936775208,0.6508275270462036,-0.04628665745258331,0.5968160033226013,0.6605250835418701,-0.04768381267786026,0.6051704287528992,0.6560931205749512,-0.04199780523777008,0.5749024152755737,0.7214161157608032,-0.031908344477415085,0.5494034886360168,0.7172909379005432,-0.04603223130106926,0.5837363004684448,0.7096394896507263,-0.04651582986116409,0.5956702828407288,0.6991571187973022,-0.04318571090698242
thumbs_up,Left,0.7386215925216675,0.6994890570640564,-1.0931552538173683e-11,0.7378292083740234,0.569218099117279,-0.03557988628745079,0.7129769325256348,0.4572625160217285,-0.05978735536336899,0.6875525116920471,0.37156540155410767,-0.08271980285644531,0.6713209748268127,0.30708473920822144,-0.10063602030277252,0.6076928377151489,0.48808062076568604,-0.019503450021147728,0.5776854157447815,0.49686646461486816,-0.03548528254032135,0.6240885853767395,0.5169453620910645,-0.03599473088979721,0.6424770355224609,0.5167075395584106,-0.037141021341085434,0.592171311378479,0.5583010911941528,-0.022317523136734962,0.5649250745773315,0.5617151260375977,-0.047266870737075806,0.6245187520980835,0.5797871351242065,-0.04904412478208542,0.6329032778739929,0.5735482573509216,-0.04418741166591644,0.5877981185913086,0.6278477907180786,-0.031248655170202255,0.5553523898124695,0.6277592778205872,-0.06041841581463814,0.6072861552238464,0.6372330188751221,-0.06034788116812706,0.617472231388092,0.6328713893890381,-0.05288944020867348,0.590686559677124,0.6952477097511292,-0.043648891150951385,0.5614802837371826,0.6929641366004944,-0.059356097131967545,0.5977297425270081,0.6863743662834167,-0.058929648250341415,0.6109358072280884,0.6765422821044922,-0.05455956980586052
thumbs_up,Left,0.7423818111419678,0.6880315542221069,1.4500138867390433e-09,0.7423723936080933,0.5588495135307312,-0.038635220378637314,0.7268811464309692,0.4449763000011444,-0.06675056368112564,0.7108662724494934,0.34763026237487793,-0.0935714915394783,0.7015054821968079,0.27228066325187683,-0.11508313566446304,0.618755578994751,0.47728392481803894,-0.02490958757698536,0.5817229747772217,0.4749029278755188,-0.04221900925040245,0.6272224187850952,0.5018175840377808,-0.043671466410160065,0.6462397575378418,0.5069426894187927,-0.04580933600664139,0.6013755798339844,0.5453932881355286,-0.02740645594894886,0.5690233707427979,0.5410798788070679,-0.05553830415010452,0.6276671886444092,0.5662450790405273,-0.06012807413935661,0.637336015701294,0.563541829586029,-0.05695304274559021,0.595359742641449,0.6139435172080994,-0.03582609072327614,0.5589113235473633,0.6073843836784363,-0.06718520820140839,0.6109950542449951,0.6207461357116699,-0.06991051882505417,0.6233335137367249,0.6183995604515076,-0.06410975754261017,0.5980564951896667,0.681067943572998,-0.04769345000386238,0.5646461248397827,0.6749918460845947,-0.06434783339500427,0.6000365018844604,0.6695083379745483,-0.06568996608257294,0.6149046421051025,0.661686897277832,-0.06285108625888824
thumbs_up,Left,0.7416692972183228,0.6898223161697388,2.494812134656854e-09,0.7435181736946106,0.5605952143669128,-0.03780054673552513,0.7277752161026001,0.44416868686676025,-0.06450443714857101,0.7119559049606323,0.3432121276855469,-0.09015794843435287,0.702457070350647,0.2678167521953583,-0.11052244901657104,0.6195554137229919,0.4779643714427948,-0.018297607079148293,0.5812774896621704,0.47023099660873413,-0.03397837281227112,0.6261128783226013,0.4948238134384155,-0.035647667944431305,0.647067666053772,0.5007677674293518,-0.03807235136628151,0.6019867658615112,0.5447355508804321,-0.02034253254532814,0.5708988308906555,0.5387952923774719,-0.046888403594493866,0.6269046068191528,0.5641957521438599,-0.05372781306505203,0.6370398998260498,0.56330406665802,-0.05227971076965332,0.5950004458427429,0.6118268370628357,-0.028273984789848328,0.5612968802452087,0.6045907735824585,-0.05775909125804901,0.6123230457305908,0.6195966601371765,-0.06181883439421654,0.6240318417549133,0.6168574094772339,-0.057280465960502625,0.5963935852050781,0.6776936650276184,-0.03967338800430298,0.560835599899292,0.6673216223716736,-0.055052097886800766,0.5971742868423462,0.6640798449516296,-0.05628788471221924,0.6137906908988953,0.6585384607315063,-0.05354001000523567
thumbs_up,Left,0.7402877807617188,0.6915750503540039,3.32557403837086e-09,0.7409226298332214,0.5631332993507385,-0.03967352956533432,0.7260310649871826,0.44764551520347595,-0.06852680444717407,0.7107471227645874,0.34579023718833923,-0.09632479399442673,0.7021181583404541,0.2700144648551941,-0.11913701891899109,0.6208921670913696,0.4846419394016266,-0.02467421442270279,0.5785242319107056,0.4742163419723511,-0.04365670308470726,0.6242284178733826,0.5014374852180481,-0.046862538903951645,0.6499512791633606,0.5098091959953308,-0.050084806978702545,0.6031296253204346,0.5505653619766235,-0.027250567451119423,0.5689155459403992,0.5450050234794617,-0.05853918194770813,0.6251599788665771,0.5716749429702759,-0.06842400878667831,0.6399729251861572,0.5710247755050659,-0.06870801746845245,0.5959305167198181,0.6175935864448547,-0.03566097468137741,0.5586510896682739,0.6127960681915283,-0.06929351389408112,0.609024703502655,0.6281005144119263,-0.0766809806227684,0.6242087483406067,0.6234811544418335,-0.07415581494569778,0.5976871848106384,0.6834484338760376,-0.04741935059428215,0.5601734519004822,0.6756042838096619,-0.06589218974113464,0.5966545343399048,0.6733943819999695,-0.06937181949615479,0.6160756945610046,0.666658878326416,-0.0682850331068039
thumbs_up,Left,0.7395281791687012,0.6938048601150513,2.9462974282523646e-09,0.7420458793640137,0.5646400451660156,-0.040530845522880554,0.7272800803184509,0.44861483573913574,-0.06853993237018585,0.7109771966934204,0.3470665514469147,-0.09493977576494217,0.7014437913894653,0.2710241973400116,-0.11621546745300293,0.6180984973907471,0.4806455373764038,-0.02323422022163868,0.5802841186523438,0.47587868571281433,-0.04112890735268593,0.6265144944190979,0.5013244152069092,-0.0440450981259346,0.6480334401130676,0.5071048140525818,-0.04718611761927605,0.6003217101097107,0.5473312735557556,-0.024729186668992043,0.5697495341300964,0.5476528406143188,-0.053325243294239044,0.6272411942481995,0.572722852230072,-0.06114746257662773,0.6386559009552002,0.5704660415649414,-0.06057304888963699,0.5935786962509155,0.6150928139686584,-0.03238266706466675,0.5598464608192444,0.6139635443687439,-0.06457573175430298,0.611476719379425,0.6281543374061584,-0.07052022963762283,0.6237863898277283,0.6227615475654602,-0.0671912208199501,0.5951891541481018,0.6804131269454956,-0.04356544092297554,0.5615691542625427,0.6756256818771362,-0.06132703647017479,0.598966658115387,0.6721853017807007,-0.06422539055347443,0.6160745620727539,0.6639991998672485,-0.0626523494720459
thumbs_up,Left,0.7417784929275513,0.6892271041870117,2.907911245131345e-09,0.7430034279823303,0.5583860278129578,-0.03991116210818291,0.7268177270889282,0.44248318672180176,-0.06747417151927948,0.7097381353378296,0.34087592363357544,-0.09331871569156647,0.6993598341941833,0.26556047797203064,-0.11383974552154541,0.6189578771591187,0.4781860113143921,-0.024260902777314186,0.5810644626617432,0.4711838662624359,-0.04239165037870407,0.6274204254150391,0.4966461956501007,-0.044448841363191605,0.6482327580451965,0.5020278096199036,-0.046775758266448975,0.6013666391372681,0.5458012819290161,-0.02587188594043255,0.5706130862236023,0.5407944917678833,-0.05495832487940788,0.6283040046691895,0.5656203627586365,-0.06129445508122444,0.6375694274902344,0.563238263130188,-0.05930005759000778,0.5949170589447021,0.6135680675506592,-0.03361955285072327,0.5610940456390381,0.6072424054145813,-0.06631813198328018,0.6126207709312439,0.6205929517745972,-0.0708821564912796,0.6236951351165771,0.6166743040084839,-0.06607753783464432,0.596606433391571,0.6788479089736938,-0.04475989565253258,0.5621891617774963,0.6707679033279419,-0.06271161139011383,0.5982865691184998,0.6651722192764282,-0.06514579057693481,0.6137547492980957,0.6576541066169739,-0.06288737058639526
thumbs_up,Left,0.7408432960510254,0.690687894821167,2.240234664441232e-09,0.7424478530883789,0.5587950348854065,-0.03829531744122505,0.7270562052726746,0.4432278275489807,-0.06569749861955643,0.709073007106781,0.343941867351532,-0.09200495481491089,0.6980124115943909,0.2680758535861969,-0.11305932700634003,0.6175278425216675,0.47802355885505676,-0.021091278642416,0.58014976978302,0.47090867161750793,-0.03853869065642357,0.6262404918670654,0.49761763215065,-0.04071444645524025,0.647998034954071,0.5057173371315002,-0.04332990571856499,0.599445104598999,0.5436134338378906,-0.023670928552746773,0.5701559782028198,0.5407205820083618,-0.05249336361885071,0.6273109912872314,0.5663000345230103,-0.05972271412611008,0.6376008987426758,0.566140353679657,-0.058369316160678864,0.5924220681190491,0.6106851100921631,-0.03221999481320381,0.5596842169761658,0.6068700551986694,-0.06474480032920837,0.6118695139884949,0.6217138767242432,-0.06965881586074829,0.6238454580307007,0.6188794374465942,-0.06519973278045654,0.5941329598426819,0.6773093938827515,-0.044073451310396194,0.5596707463264465,0.6702353358268738,-0.06205684319138527,0.5968592166900635,0.6661319732666016,-0.06429027765989304,0.613770067691803,0.6598612070083618,-0.0618838332593441
thumbs_up,Left,0.7405433058738708,0.6902176737785339,2.56746357507609e-09,0.7420566082000732,0.5595797896385193,-0.03820595145225525,0.7256774306297302,0.4432185888290405,-0.06580504775047302,0.7076292037963867,0.3435528874397278,-0.09228270500898361,0.698061466217041,0.2694433629512787,-0.11362312734127045,0.6188023090362549,0.4783405363559723,-0.023791931569576263,0.5800723433494568,0.4724593162536621,-0.0422322154045105,0.6265584230422974,0.4999595880508423,-0.0443427674472332,0.6487895250320435,0.5073983669281006,-0.04672803729772568,0.6005262136459351,0.5449613928794861,-0.02677108719944954,0.5686983466148376,0.5418782234191895,-0.056722287088632584,0.626246452331543,0.5679430365562439,-0.06357462704181671,0.6371464729309082,0.5669050812721252,-0.061806850135326385,0.5933623313903809,0.6126502752304077,-0.03563641384243965,0.5578488707542419,0.6087298393249512,-0.06904683262109756,0.6096168160438538,0.6233882904052734,-0.07375431805849075,0.6222896575927734,0.6201595067977905,-0.06900664418935776,0.595116138458252,0.6792965531349182,-0.04775891453027725,0.5588676929473877,0.6730245351791382,-0.0662572979927063,0.5955071449279785,0.6691039800643921,-0.06848597526550293,0.6125742793083191,0.6625422239303589,-0.06604601442813873
thumbs_up,Left,0.7404946684837341,0.6925504207611084,2.8077553615446504e-09,0.7423788905143738,0.5630400776863098,-0.040110256522893906,0.7267712950706482,0.4485235810279846,-0.06849125772714615,0.7084903120994568,0.34966662526130676,-0.09535239636898041,0.6980145573616028,0.27465155720710754,-0.11705810576677322,0.6196868419647217,0.4809732139110565,-0.025031067430973053,0.5802241563796997,0.4758842885494232,-0.04403278976678848,0.6262033581733704,0.5033057928085327,-0.04681279510259628,0.6480405926704407,0.5097970962524414,-0.04961908981204033,0.6018552780151367,0.5478054285049438,-0.02707560732960701,0.5695231556892395,0.5467743277549744,-0.057729464024305344,0.6269845366477966,0.5727373957633972,-0.06540289521217346,0.6379863023757935,0.5699399709701538,-0.0641179159283638,0.594697892665863,0.615310788154602,-0.03517233207821846,0.5585831999778748,0.6128098964691162,-0.06937909126281738,0.6101451516151428,0.6280180215835571,-0.07478245347738266,0.6227470636367798,0.6232976913452148,-0.07040829211473465,0.5959567427635193,0.6814489960670471,-0.04663749411702156,0.5591017007827759,0.6750379800796509,-0.06574246287345886,0.5961071252822876,0.6725975275039673,-0.06836112588644028,0.6138854026794434,0.6661474108695984,-0.06615734845399857
thumbs_up,Left,0.7391567230224609,0.6936832666397095,2.2222759188395003e-09,0.7425415515899658,0.565437912940979,-0.0402023121714592,0.7253207564353943,0.4482693076133728,-0.06851495057344437,0.7067450881004333,0.3492037057876587,-0.09508750587701797,0.6970961689949036,0.2730810344219208,-0.11647443473339081,0.6191997528076172,0.47971564531326294,-0.02744329161942005,0.5799381732940674,0.47544166445732117,-0.046299856156110764,0.6260843873023987,0.5028129816055298,-0.048334963619709015,0.6482439041137695,0.5087926387786865,-0.050596680492162704,0.6009552478790283,0.5467285513877869,-0.02933095395565033,0.5690321326255798,0.5457165241241455,-0.05938100069761276,0.6257777214050293,0.5709327459335327,-0.06571417301893234,0.6360930800437927,0.5679911375045776,-0.06365971267223358,0.5934969186782837,0.6142905354499817,-0.0371435172855854,0.5586971044540405,0.6114957928657532,-0.07043325901031494,0.609610378742218,0.6263959407806396,-0.07443603873252869,0.6217644214630127,0.621980607509613,-0.06936183571815491,0.5943223237991333,0.6806812286376953,-0.048384785652160645,0.5582526326179504,0.673738956451416,-0.06714833527803421,0.5947322249412537,0.6708514094352722,-0.06914488226175308,0.611860454082489,0.6637849807739258,-0.06648402661085129
thumbs_up,Left,0.7413224577903748,0.6938114166259766,2.7909077271459637e-09,0.7437114119529724,0.5647174715995789,-0.03966924548149109,0.7270081043243408,0.44866466522216797,-0.06790924817323685,0.709002673625946,0.34965837001800537,-0.09447371959686279,0.6981975436210632,0.2747097313404083,-0.11590033769607544,0.6212916970252991,0.4817703068256378,-0.02696729637682438,0.5805498361587524,0.475344181060791,-0.0456635020673275,0.6269052624702454,0.5011340975761414,-0.04736749455332756,0.6498147249221802,0.507689893245697,-0.04927452281117439,0.6039078235626221,0.549419641494751,-0.028873007744550705,0.569298267364502,0.5455600023269653,-0.05881090834736824,0.6268950700759888,0.5702188611030579,-0.06482075899839401,0.6384037733078003,0.5681166648864746,-0.062346119433641434,0.5969210267066956,0.6172341704368591,-0.03669475018978119,0.5592582821846008,0.6122255325317383,-0.06988579034805298,0.6103647947311401,0.6260859370231628,-0.07386443018913269,0.6230669617652893,0.6220720410346985,-0.06864070892333984,0.5980303883552551,0.6836913228034973,-0.047870852053165436,0.5602819919586182,0.6756049990653992,-0.06645718216896057,0.5965777039527893,0.6719973087310791,-0.0684201568365097,0.613759458065033,0.6651923656463623,-0.06570049375295639
thumbs_up,Left,0.7393172383308411,0.6916826963424683,2.2281252398670404e-09,0.7423614263534546,0.5622870326042175,-0.038125209510326385,0.7248180508613586,0.44645625352859497,-0.06567178666591644,0.7064610123634338,0.35044530034065247,-0.09189696609973907,0.6959095597267151,0.27576589584350586,-0.11290460079908371,0.6162756085395813,0.47903937101364136,-0.023829465731978416,0.5803413391113281,0.47563186287879944,-0.041780468076467514,0.6261314749717712,0.5022290945053101,-0.04376203566789627,0.6464055776596069,0.5079600214958191,-0.046121228486299515,0.5983834266662598,0.5464404821395874,-0.026430176571011543,0.5700205564498901,0.5458437204360962,-0.05494147539138794,0.6265402436256409,0.5706793069839478,-0.06046222150325775,0.635169267654419,0.5682471990585327,-0.0581224262714386,0.5913686752319336,0.6141167879104614,-0.03485635668039322,0.5598852038383484,0.6105195879936218,-0.06654568016529083,0.6115103960037231,0.6260937452316284,-0.06895864754915237,0.6219487190246582,0.6222579479217529,-0.06316960602998734,0.5922207236289978,0.6806824207305908,-0.04671280086040497,0.5588101148605347,0.6728821396827698,-0.06422150880098343,0.5962288975715637,0.6705461740493774,-0.06487492471933365,0.6122149229049683,0.6642042994499207,-0.06138159707188606
thumbs_up,Left,0.7374091744422913,0.6866631507873535,1.3890677497130355e-09,0.7422428131103516,0.5580523610115051,-0.03986220806837082,0.7242839932441711,0.4409849941730499,-0.06885488331317902,0.7066339254379272,0.3456726372241974,-0.09631086140871048,0.6963015198707581,0.2696627080440521,-0.11878340691328049,0.613922655582428,0.471281498670578,-0.02908467687666416,0.5819360613822937,0.46992453932762146,-0.04926944151520729,0.6255321502685547,0.49676644802093506,-0.05304821953177452,0.6443489193916321,0.5009979605674744,-0.05653291568160057,0.5956247448921204,0.5381397604942322,-0.0314883291721344,0.572629988193512,0.5399458408355713,-0.061580732464790344,0.62650465965271,0.5645556449890137,-0.06789111346006393,0.6331204175949097,0.5614825487136841,-0.06655855476856232,0.5887326002120972,0.60645592212677,-0.03969589248299599,0.5623941421508789,0.6037288904190063,-0.07238135486841202,0.6111240386962891,0.6203086376190186,-0.07503370940685272,0.619568943977356,0.6176561117172241,-0.06979691982269287,0.5897061228752136,0.6752045154571533,-0.05152986943721771,0.5593271851539612,0.6672073006629944,-0.0704633966088295,0.5942533612251282,0.6653730273246765,-0.07181312888860703,0.6082991361618042,0.6600148677825928,-0.06890909373760223
thumbs_up,Left,0.7394109964370728,0.6866884231567383,1.7679356867361662e-09,0.7437167763710022,0.5590264201164246,-0.03931319713592529,0.7254198789596558,0.4416502118110657,-0.06769517809152603,0.7071700692176819,0.34436506032943726,-0.09486503899097443,0.6973795294761658,0.26738542318344116,-0.11713100224733353,0.6175137758255005,0.4714181423187256,-0.026281006634235382,0.5821276903152466,0.4664267301559448,-0.04550830274820328,0.6267228126525879,0.493088036775589,-0.048485785722732544,0.6478042006492615,0.49987414479255676,-0.0513664074242115,0.598989725112915,0.5380628705024719,-0.028887847438454628,0.5711175203323364,0.5354686379432678,-0.058588773012161255,0.6262210607528687,0.5608092546463013,-0.06529518961906433,0.6355487108230591,0.5597738027572632,-0.0637923926115036,0.5916745662689209,0.6058377623558044,-0.037372887134552,0.5610944032669067,0.6010696887969971,-0.06960669904947281,0.610668420791626,0.61698317527771,-0.07311835139989853,0.6215932965278625,0.6150082349777222,-0.06815261393785477,0.5928531289100647,0.6744705438613892,-0.04942565783858299,0.5591874122619629,0.6656721234321594,-0.06758202612400055,0.5942781567573547,0.6631224155426025,-0.0691465362906456,0.6098088026046753,0.6574723124504089,-0.06634178012609482
thumbs_up,Left,0.7424352169036865,0.6837335824966431,2.3210608990353876e-09,0.7458027601242065,0.5579174757003784,-0.039550092071294785,0.7277250289916992,0.44268184900283813,-0.06837939471006393,0.7101024985313416,0.34635889530181885,-0.09567902982234955,0.7002126574516296,0.2697000801563263,-0.11796199530363083,0.6227195858955383,0.4724194407463074,-0.029137955978512764,0.5827045440673828,0.46747902035713196,-0.04851274937391281,0.6283450126647949,0.49238625168800354,-0.050594035536050797,0.6519432067871094,0.49865567684173584,-0.05260706692934036,0.6051337718963623,0.5395694375038147,-0.03137068450450897,0.5717990398406982,0.5362051129341125,-0.06150517985224724,0.6276408433914185,0.5599281191825867,-0.06756135821342468,0.6393474340438843,0.5587351322174072,-0.06525678932666779,0.597966730594635,0.6075135469436646,-0.03932713344693184,0.5621821284294128,0.6035688519477844,-0.071857750415802,0.6112918853759766,0.6174981594085693,-0.0751875638961792,0.6238874197006226,0.6144953966140747,-0.06987281888723373,0.5992017388343811,0.6761153936386108,-0.05070526897907257,0.5609195232391357,0.6674607396125793,-0.06932827830314636,0.5950954556465149,0.6641863584518433,-0.07092483341693878,0.6120969653129578,0.6585538387298584,-0.06796849519014359
thumbs_up,Left,0.7425152063369751,0.6826081275939941,2.269206378358035e-09,0.7458637952804565,0.5540623068809509,-0.039864957332611084,0.7286107540130615,0.4380944073200226,-0.06833466142416,0.710971474647522,0.34096959233283997,-0.09510848671197891,0.7007015943527222,0.26492199301719666,-0.11672104150056839,0.6196395754814148,0.4698960483074188,-0.0272317323833704,0.5859561562538147,0.463992714881897,-0.04663877561688423,0.6315225958824158,0.49098411202430725,-0.04972750321030617,0.6509231925010681,0.4974667727947235,-0.052706845104694366,0.6015852093696594,0.5361199975013733,-0.02913299761712551,0.5755671262741089,0.5350022912025452,-0.058740828186273575,0.631734311580658,0.560228705406189,-0.0650063306093216,0.6392068266868591,0.5579055547714233,-0.06335928291082382,0.594578742980957,0.603622555732727,-0.036916472017765045,0.5648954510688782,0.5995709896087646,-0.06957761943340302,0.6152175664901733,0.6150933504104614,-0.07300501316785812,0.6250345706939697,0.6127865314483643,-0.06787780672311783,0.595615804195404,0.6713647842407227,-0.0481809563934803,0.5629716515541077,0.662863552570343,-0.0665765255689621,0.5986289381980896,0.6601052284240723,-0.06825967878103256,0.6136807203292847,0.6547914743423462,-0.0655033141374588
thumbs_up,Left,0.7715620994567871,0.6427319049835205,3.009910765072732e-09,0.7768721580505371,0.5106289386749268,-0.039638638496398926,0.7574112415313721,0.3887876272201538,-0.06913217902183533,0.7379413843154907,0.2932368814945221,-0.09740000218153,0.7287517786026001,0.21278122067451477,-0.12076055258512497,0.64890056848526,0.4235113859176636,-0.030620118603110313,0.6115415692329407,0.41501954197883606,-0.051275867968797684,0.6572203040122986,0.4423760771751404,-0.05451909080147743,0.6781872510910034,0.45117586851119995,-0.057265277951955795,0.629603922367096,0.49172544479370117,-0.03321138024330139,0.5983420610427856,0.4859917163848877,-0.06322094053030014,0.6555529236793518,0.5112589597702026,-0.06937798112630844,0.667556643486023,0.5126446485519409,-0.06755251437425613,0.6216656565666199,0.5613371133804321,-0.04152323305606842,0.5880807638168335,0.5569677948951721,-0.07348278164863586,0.6378165483474731,0.5716319680213928,-0.07684025913476944,0.6496109366416931,0.5695419311523438,-0.07219019532203674,0.6214125752449036,0.6327501535415649,-0.05354667454957962,0.5883103609085083,0.6267672777175903,-0.07101774215698242,0.6241965889930725,0.6249012351036072,-0.0723213329911232,0.6407990455627441,0.6183754801750183,-0.06971221417188644
thumbs_up,Left,0.7555547952651978,0.6246893405914307,1.631592860817932e-09,0.759401798248291,0.49931037425994873,-0.03679945692420006,0.7419770956039429,0.37965068221092224,-0.06318401545286179,0.7269799113273621,0.28371965885162354,-0.08829721808433533,0.7167790532112122,0.20709973573684692,-0.10796692967414856,0.6363757848739624,0.41327357292175293,-0.02236325293779373,0.5984834432601929,0.4159805178642273,-0.039495497941970825,0.6440747976303101,0.43654918670654297,-0.04012644290924072,0.6658732891082764,0.43819501996040344,-0.04099487140774727,0.6177396774291992,0.4797990024089813,-0.02441466972231865,0.5873013734817505,0.47913482785224915,-0.05143604055047035,0.6441034078598022,0.5005872249603271,-0.05422842502593994,0.6549187898635864,0.49737969040870667,-0.049496158957481384,0.6088847517967224,0.5458892583847046,-0.032358791679143906,0.5759660601615906,0.5446157455444336,-0.061712369322776794,0.6265333294868469,0.5600504279136658,-0.06069334223866463,0.6377055644989014,0.5546465516090393,-0.05255207046866417,0.6070932149887085,0.6117902994155884,-0.0439007394015789,0.57243812084198,0.6105259656906128,-0.059651970863342285,0.6087014079093933,0.6105042099952698,-0.0581454336643219,0.6240413784980774,0.6024022102355957,-0.05279957130551338
thumbs_up,Left,0.7572295069694519,0.6355876922607422,2.418423905581335e-09,0.7604062557220459,0.5055074095726013,-0.03672439232468605,0.7435069680213928,0.38829100131988525,-0.064592644572258,0.725398600101471,0.2898707389831543,-0.09201022982597351,0.7155928611755371,0.21116265654563904,-0.1145533099770546,0.6355960965156555,0.41672736406326294,-0.023605596274137497,0.5985952019691467,0.40804389119148254,-0.04294595867395401,0.6450018882751465,0.43621233105659485,-0.04593222960829735,0.6665805578231812,0.4452635645866394,-0.04895533248782158,0.6162841320037842,0.48253685235977173,-0.028065811842679977,0.5868263244628906,0.47815290093421936,-0.058397967368364334,0.6441619992256165,0.505035936832428,-0.06568756699562073,0.6546580195426941,0.5063961148262024,-0.06439115107059479,0.6081740856170654,0.551337718963623,-0.0383196696639061,0.5752467513084412,0.5483020544052124,-0.07146723568439484,0.6263184547424316,0.5644054412841797,-0.07607025653123856,0.6381035447120667,0.5629817247390747,-0.07167321443557739,0.6091865301132202,0.6217751502990723,-0.05180888995528221,0.5746262073516846,0.6165367960929871,-0.07034016400575638,0.6110910177230835,0.6133249998092651,-0.07242175191640854,0.6274511814117432,0.6070581674575806,-0.07000498473644257
thumbs_up,Left,0.751677930355072,0.6317389607429504,1.6589990492477114e-09,0.7586771845817566,0.5013929009437561,-0.04190812632441521,0.7415302991867065,0.38124537467956543,-0.07116129994392395,0.7236366868019104,0.2846795320510864,-0.09833493828773499,0.7116793394088745,0.20862868428230286,-0.12040828168392181,0.6276921033859253,0.41395318508148193,-0.030331093817949295,0.5994243621826172,0.40646207332611084,-0.051321934908628464,0.6449124217033386,0.4341862201690674,-0.05552315711975098,0.6635743379592896,0.4400847852230072,-0.0591905377805233,0.6082203984260559,0.4806584417819977,-0.03167698159813881,0.5892482995986938,0.47798746824264526,-0.062344860285520554,0.6442930698394775,0.5035794377326965,-0.06903983652591705,0.6502333879470825,0.5022207498550415,-0.0679670199751854,0.6005692481994629,0.5493026971817017,-0.0390828400850296,0.5787588357925415,0.5429927110671997,-0.07268436998128891,0.6283707022666931,0.5611875057220459,-0.0758291706442833,0.6357736587524414,0.5600181221961975,-0.07071486115455627,0.6003547310829163,0.618552029132843,-0.05023495852947235,0.5734086036682129,0.6089401841163635,-0.06989222764968872,0.6092853546142578,0.6077616214752197,-0.07173498719930649,0.6225509643554688,0.6026907563209534,-0.06896952539682388
thumbs_up,Left,0.7518212795257568,0.6281040906906128,1.8788033351313516e-09,0.7560775279998779,0.4974605441093445,-0.03905718773603439,0.7392423152923584,0.3792784810066223,-0.06762564927339554,0.7220311760902405,0.2816544771194458,-0.0949125662446022,0.7105782628059387,0.2051708996295929,-0.11700473725795746,0.6277894973754883,0.4117348790168762,-0.025588776916265488,0.5961859226226807,0.4034236669540405,-0.0453585684299469,0.6422884464263916,0.4301011562347412,-0.04849955067038536,0.6613786220550537,0.4366903305053711,-0.051496997475624084,0.6089523434638977,0.4788711965084076,-0.028433525934815407,0.5851973295211792,0.47411537170410156,-0.05861920118331909,0.642494261264801,0.49958333373069763,-0.06456360220909119,0.6496821045875549,0.49937811493873596,-0.062336213886737823,0.6014696955680847,0.547700047492981,-0.03729022294282913,0.5745934247970581,0.5422488451004028,-0.07045919448137283,0.6265944242477417,0.5586921572685242,-0.0729946494102478,0.6351403594017029,0.5566781759262085,-0.06702502816915512,0.6016542315483093,0.6168068051338196,-0.04964828863739967,0.5713849067687988,0.6089368462562561,-0.06809753179550171,0.6088984608650208,0.6061079502105713,-0.06901280581951141,0.6228552460670471,0.6002271175384521,-0.06551488488912582
thumbs_up,Left,0.7491148114204407,0.6312441825866699,1.9885415536435858e-09,0.7540335059165955,0.5015116333961487,-0.04019417613744736,0.7376855611801147,0.38354894518852234,-0.06898295879364014,0.7202157974243164,0.2845817804336548,-0.0963328629732132,0.7098090648651123,0.20681098103523254,-0.11838936060667038,0.6292235255241394,0.41295114159584045,-0.02659461833536625,0.5949825048446655,0.40275728702545166,-0.04646270349621773,0.6409966349601746,0.4317619502544403,-0.04933898523449898,0.6603116393089294,0.43969500064849854,-0.052177928388118744,0.6093129515647888,0.47915756702423096,-0.02893989346921444,0.5828230977058411,0.4722253978252411,-0.05954679101705551,0.6396780610084534,0.49978360533714294,-0.06576216220855713,0.6467263102531433,0.5000276565551758,-0.06358609348535538,0.600532591342926,0.5477139949798584,-0.03740164265036583,0.5711203813552856,0.5406394600868225,-0.0709988996386528,0.6226418614387512,0.5584570169448853,-0.0742674395442009,0.631809413433075,0.5574977397918701,-0.06858772784471512,0.599735677242279,0.6172152757644653,-0.04938022792339325,0.5677416324615479,0.6094306707382202,-0.06804291158914566,0.6039600372314453,0.6064020395278931,-0.06971726566553116,0.6179373264312744,0.6006929278373718,-0.06672772020101547
thumbs_up,Left,0.7522851824760437,0.6301174163818359,2.7214854814161527e-09,0.7581143379211426,0.5001213550567627,-0.03849470987915993,0.7414962649345398,0.38042616844177246,-0.06640705466270447,0.724410891532898,0.2815440893173218,-0.09288094937801361,0.7121578454971313,0.20609620213508606,-0.11424989253282547,0.6322290897369385,0.4109627604484558,-0.0262557715177536,0.5960248112678528,0.40132787823677063,-0.04581392928957939,0.6421160101890564,0.4285646080970764,-0.04821209982037544,0.6629359722137451,0.4361615777015686,-0.0503334179520607,0.6134421825408936,0.47816410660743713,-0.02868116833269596,0.5838033556938171,0.4733161926269531,-0.058337192982435226,0.6417410373687744,0.4998539090156555,-0.06369031220674515,0.6515018939971924,0.4990614354610443,-0.060827381908893585,0.6052465438842773,0.5471540689468384,-0.03698493912816048,0.572728157043457,0.5409188270568848,-0.06917471438646317,0.624092161655426,0.5576179623603821,-0.071312315762043,0.6348682045936584,0.554889440536499,-0.06513002514839172,0.604619026184082,0.6163753271102905,-0.04875653237104416,0.5702863931655884,0.6058942079544067,-0.0664403960108757,0.606821596622467,0.6049740314483643,-0.06702788174152374,0.6224375367164612,0.5995633602142334,-0.06331052631139755
thumbs_up,Left,0.7509034872055054,0.6246249675750732,2.276430377534666e-09,0.7567246556282043,0.4937635064125061,-0.03815919905900955,0.7406134605407715,0.37539416551589966,-0.0665195882320404,0.7237862944602966,0.278092622756958,-0.09374838322401047,0.7126824855804443,0.2023373246192932,-0.11591324955224991,0.6294038891792297,0.406725138425827,-0.026561489328742027,0.5977581739425659,0.3958725929260254,-0.04672075808048248,0.6440004110336304,0.42344534397125244,-0.05003427714109421,0.6631796360015869,0.43139952421188354,-0.05303283408284187,0.6099118590354919,0.4722271263599396,-0.029762819409370422,0.5863374471664429,0.4669748544692993,-0.05973484739661217,0.6428268551826477,0.493051141500473,-0.06560038775205612,0.6495471000671387,0.49343132972717285,-0.06360644102096558,0.601577639579773,0.5403668284416199,-0.03880326822400093,0.574491560459137,0.5325703620910645,-0.07140792161226273,0.625013530254364,0.5499923229217529,-0.0738111138343811,0.6336437463760376,0.5505462884902954,-0.06808449327945709,0.60086989402771,0.6098344326019287,-0.05129382014274597,0.5701664090156555,0.599856972694397,-0.06938023120164871,0.6062014102935791,0.5979847311973572,-0.07022418826818466,0.6201216578483582,0.5942513346672058,-0.06686288863420486
thumbs_up,Left,0.7530310750007629,0.6274937391281128,2.8127573603597966e-09,0.7556754350662231,0.4949500858783722,-0.039452943950891495,0.7401207685470581,0.381471186876297,-0.06860937178134918,0.7229205369949341,0.2834056615829468,-0.09658653289079666,0.712996780872345,0.2062319815158844,-0.11938626319169998,0.6303435564041138,0.41211339831352234,-0.027198437601327896,0.596992552280426,0.40174323320388794,-0.04899457469582558,0.6441232562065125,0.4294213354587555,-0.05276137962937355,0.6623246073722839,0.43711212277412415,-0.05590539425611496,0.6113651394844055,0.47918346524238586,-0.03076086938381195,0.583925724029541,0.471327006816864,-0.06344261020421982,0.6436203122138977,0.49779853224754333,-0.06959080696105957,0.6500908732414246,0.49739694595336914,-0.06698687374591827,0.6037457585334778,0.5481491088867188,-0.04068648815155029,0.5713776350021362,0.5406985878944397,-0.0770779699087143,0.6240856647491455,0.5558258891105652,-0.08093112707138062,0.6330862641334534,0.5551554560661316,-0.07494731992483139,0.604560375213623,0.61735999584198,-0.05391295626759529,0.5703323483467102,0.6100735664367676,-0.07449788600206375,0.6064445972442627,0.6048930287361145,-0.07682668417692184,0.6201229095458984,0.5999860763549805,-0.07400037348270416
thumbs_up,Left,0.7467109560966492,0.6232707500457764,1.0321699051019095e-09,0.7548957467079163,0.4947388172149658,-0.04129292070865631,0.7383790016174316,0.37457093596458435,-0.07028600573539734,0.7212425470352173,0.2773670554161072,-0.0970374122262001,0.7099980711936951,0.20147493481636047,-0.11854851990938187,0.6249815225601196,0.40425944328308105,-0.030684204772114754,0.5968358516693115,0.4004671275615692,-0.050378065556287766,0.6416020393371582,0.4278150796890259,-0.05384859815239906,0.6589601039886475,0.43111035227775574,-0.0571829229593277,0.6051211953163147,0.47169816493988037,-0.0317644327878952,0.5862177014350891,0.4719325006008148,-0.06036178395152092,0.639577329158783,0.49649330973625183,-0.06562943011522293,0.6447168588638306,0.49290594458580017,-0.06403958797454834,0.5968339443206787,0.5411714315414429,-0.03862626478075981,0.5745509266853333,0.5373460054397583,-0.06998384743928909,0.6228705644607544,0.555624783039093,-0.07134237885475159,0.6301562190055847,0.5529864430427551,-0.06552110612392426,0.596015214920044,0.610748291015625,-0.04927659407258034,0.5680030584335327,0.6036419868469238,-0.06719918549060822,0.6024655699729919,0.6031938791275024,-0.06771684437990189,0.6151967644691467,0.5975771546363831,-0.06427402049303055
thumbs_up,Left,0.7492415308952332,0.6257203221321106,2.8109479188742625e-09,0.7533170580863953,0.4924839437007904,-0.039419788867235184,0.7375842332839966,0.37552160024642944,-0.0680026039481163,0.7206947803497314,0.27653467655181885,-0.09510185569524765,0.7108882069587708,0.19898107647895813,-0.11691147834062576,0.6259461641311646,0.4087342321872711,-0.02661697193980217,0.5965442657470703,0.3985719382762909,-0.04765404388308525,0.6427551507949829,0.42630091309547424,-0.05146915838122368,0.6584910750389099,0.4321496784687042,-0.05481492355465889,0.606824517250061,0.4750783443450928,-0.02949746884405613,0.5844694375991821,0.4693404734134674,-0.0605049803853035,0.6423918008804321,0.49574586749076843,-0.06602635234594345,0.6461214423179626,0.4945012927055359,-0.06352850794792175,0.5988582372665405,0.5435351133346558,-0.038621969521045685,0.571621835231781,0.5362747311592102,-0.07332180440425873,0.6232024431228638,0.5527233481407166,-0.07619474828243256,0.6292186975479126,0.5519514083862305,-0.07002198696136475,0.5984476804733276,0.6117092967033386,-0.05114388465881348,0.5680724382400513,0.6046140789985657,-0.07048634439706802,0.6046158075332642,0.6009364128112793,-0.07197044789791107,0.6168015599250793,0.5963219404220581,-0.06870865076780319
thumbs_up,Left,0.7477038502693176,0.6277444362640381,2.233578655363999e-09,0.7521486282348633,0.49671077728271484,-0.039104800671339035,0.7357394695281982,0.3792183995246887,-0.06710974127054214,0.7181519269943237,0.28072667121887207,-0.09398159384727478,0.7077522277832031,0.2044227123260498,-0.11569289118051529,0.6232935190200806,0.40876367688179016,-0.023625673726201057,0.5932669639587402,0.40157192945480347,-0.04370274022221565,0.6397618651390076,0.4285655617713928,-0.047660116106271744,0.6572544574737549,0.43455150723457336,-0.051367826759815216,0.6040391325950623,0.47512301802635193,-0.026796670630574226,0.5817757844924927,0.4720039665699005,-0.05714026466012001,0.6395053267478943,0.4978070855140686,-0.06386077404022217,0.6451414823532104,0.4970620274543762,-0.062369171530008316,0.5961387157440186,0.5442049503326416,-0.0362769290804863,0.570067286491394,0.5398420095443726,-0.07033263146877289,0.622718870639801,0.5561913847923279,-0.07411525398492813,0.6306889653205872,0.5541340112686157,-0.06889937818050385,0.5959573984146118,0.6133500933647156,-0.04928629845380783,0.5673999190330505,0.6082338094711304,-0.06840262562036514,0.6054720282554626,0.6045002937316895,-0.07029122114181519,0.6189042925834656,0.5978118181228638,-0.06751760095357895
thumbs_up,Left,0.7424264550209045,0.6246857047080994,1.5710681644520719e-09,0.7491922974586487,0.49590006470680237,-0.0397799052298069,0.7326738238334656,0.37773436307907104,-0.06875688582658768,0.7159718871116638,0.2812448740005493,-0.0962754637002945,0.704329252243042,0.20546939969062805,-0.11874070018529892,0.619340181350708,0.4069640338420868,-0.027539439499378204,0.5916460156440735,0.4001017212867737,-0.04770371690392494,0.6369693279266357,0.42658668756484985,-0.052003443241119385,0.6550102233886719,0.4324766993522644,-0.055953528732061386,0.5998088717460632,0.47351109981536865,-0.02999231405556202,0.5815828442573547,0.4706738293170929,-0.0595579668879509,0.6364156603813171,0.495117723941803,-0.06628286093473434,0.6424371004104614,0.494937002658844,-0.06547170132398605,0.5918257236480713,0.5424212217330933,-0.038313161581754684,0.5703300833702087,0.5371383428573608,-0.07033909112215042,0.6200432181358337,0.5536441206932068,-0.07311804592609406,0.627240002155304,0.5520749092102051,-0.0682307556271553,0.5911071300506592,0.6117689609527588,-0.05031299963593483,0.565081775188446,0.6039817929267883,-0.06833823770284653,0.6013475060462952,0.6016823053359985,-0.069483682513237,0.6141279935836792,0.5960162281990051,-0.06663427501916885
thumbs_up,Left,0.7448853850364685,0.6241947412490845,2.2546515765498043e-09,0.7509840130805969,0.49517524242401123,-0.0404152050614357,0.734891414642334,0.3756707012653351,-0.06910563260316849,0.7185150980949402,0.2767816483974457,-0.09577599167823792,0.7077985405921936,0.20036333799362183,-0.11733070015907288,0.6233819723129272,0.40628328919410706,-0.030568089336156845,0.5923869609832764,0.4008159637451172,-0.051243532449007034,0.6378430724143982,0.4284929037094116,-0.05470263212919235,0.6547044515609741,0.4326159656047821,-0.05781286582350731,0.6042452454566956,0.47309544682502747,-0.03260946273803711,0.5804896950721741,0.47303643822669983,-0.06221816688776016,0.6364712119102478,0.49893686175346375,-0.06699494272470474,0.6419678926467896,0.49650266766548157,-0.06461358070373535,0.5965208411216736,0.5426862835884094,-0.04068092256784439,0.5690743923187256,0.5408774614334106,-0.07357588410377502,0.6184444427490234,0.5569756627082825,-0.07584292441606522,0.6260343790054321,0.5533199310302734,-0.07013832777738571,0.5966252684593201,0.6117956042289734,-0.0523381382226944,0.5670945644378662,0.6086443662643433,-0.07122036814689636,0.602285623550415,0.6054332256317139,-0.07261797785758972,0.6151713728904724,0.5975565910339355,-0.0695774108171463
thumbs_up,Left,0.7494491338729858,0.6284404397010803,3.1039859571535544e-09,0.7537328004837036,0.4960440993309021,-0.04121490195393562,0.7386111617088318,0.37851786613464355,-0.06998167186975479,0.7215877771377563,0.27793508768081665,-0.09650320559740067,0.710235059261322,0.20115190744400024,-0.11764305830001831,0.6262712478637695,0.40830671787261963,-0.028300654143095016,0.5955125093460083,0.402700811624527,-0.04869471490383148,0.6415681838989258,0.4299411177635193,-0.05207451060414314,0.657555878162384,0.4356624484062195,-0.05513392761349678,0.6072319149971008,0.47484344244003296,-0.029884621500968933,0.5832841396331787,0.4748789966106415,-0.059163037687540054,0.6412013173103333,0.5005218386650085,-0.06387189030647278,0.6460441946983337,0.497713565826416,-0.06130731850862503,0.5994778275489807,0.543786883354187,-0.03782696649432182,0.570785403251648,0.5412916541099548,-0.07132615149021149,0.6218088865280151,0.5564093589782715,-0.07421671599149704,0.6284506916999817,0.552266001701355,-0.06853966414928436,0.5995177030563354,0.6115444898605347,-0.04930233582854271,0.5694248080253601,0.606988787651062,-0.06822429597377777,0.6059887409210205,0.6038839221000671,-0.06980624794960022,0.6189736723899841,0.5971229672431946,-0.06678053736686707
thumbs_up,Left,0.7460424900054932,0.6242789030075073,1.866726329069479e-09,0.7532827258110046,0.4944577217102051,-0.0410151481628418,0.7373995184898376,0.37561947107315063,-0.07062957435846329,0.7203927636146545,0.27879929542541504,-0.09840325266122818,0.709539532661438,0.2026001513004303,-0.12111777812242508,0.6239585280418396,0.4048905670642853,-0.030774375423789024,0.5966698527336121,0.3984197676181793,-0.05219857394695282,0.6422920227050781,0.4264582693576813,-0.05657803639769554,0.6589109897613525,0.43213772773742676,-0.060384638607501984,0.6039934158325195,0.4712925851345062,-0.03293801471590996,0.5853906869888306,0.4705300033092499,-0.0635717511177063,0.6415764689445496,0.49594181776046753,-0.0693080797791481,0.6467094421386719,0.49508482217788696,-0.06761233508586884,0.5956794023513794,0.5403836369514465,-0.04113655909895897,0.5733801126480103,0.5365376472473145,-0.07482589036226273,0.62410968542099,0.5536910891532898,-0.07726552337408066,0.6305260062217712,0.5519304275512695,-0.07171744108200073,0.5945670008659363,0.6095518469810486,-0.05299999564886093,0.5687398910522461,0.6035827398300171,-0.07226483523845673,0.605863630771637,0.6013491749763489,-0.07353143393993378,0.618201732635498,0.5954961180686951,-0.07047166675329208
thumbs_up,Left,0.7478204369544983,0.6281949281692505,2.562706491460176e-09,0.7519083023071289,0.49672257900238037,-0.03663117438554764,0.7339804768562317,0.3809489905834198,-0.06307666748762131,0.7149471044540405,0.28499579429626465,-0.08880997449159622,0.7046929001808167,0.20883306860923767,-0.1095379963517189,0.6240259408950806,0.4094916582107544,-0.020715992897748947,0.5941126346588135,0.4022907316684723,-0.0397556833922863,0.6399117112159729,0.4289644956588745,-0.043000731617212296,0.6561559438705444,0.4351065456867218,-0.046177394688129425,0.6047344207763672,0.47586074471473694,-0.024682288989424706,0.5816045999526978,0.4717181324958801,-0.053433891385793686,0.6391739845275879,0.49699100852012634,-0.0590331070125103,0.6445415019989014,0.4966442286968231,-0.05692040175199509,0.5966812968254089,0.5445697903633118,-0.03485126420855522,0.5692717432975769,0.5395377278327942,-0.06745989620685577,0.6215776801109314,0.5543992519378662,-0.07043144106864929,0.6297633051872253,0.5525367259979248,-0.0648384764790535,0.5963671207427979,0.6132967472076416,-0.04838727414608002,0.5671029686927795,0.6082866787910461,-0.06652168184518814,0.60434490442276,0.6033974885940552,-0.06795655936002731,0.6174770593643188,0.5966430306434631,-0.06492836028337479
thumbs_up,Left,0.7468010783195496,0.6324386596679688,1.3760689254738168e-09,0.7519799470901489,0.5014360547065735,-0.04281057044863701,0.7316101789474487,0.38232484459877014,-0.07066919654607773,0.7086297273635864,0.2880159616470337,-0.09587227553129196,0.6931936740875244,0.21427974104881287,-0.11588454991579056,0.6198647618293762,0.4106486439704895,-0.028593724593520164,0.5958378314971924,0.40648001432418823,-0.0497230663895607,0.6399608850479126,0.43478256464004517,-0.05430099740624428,0.6544376015663147,0.43868258595466614,-0.058190736919641495,0.6007571220397949,0.4781058728694916,-0.029292218387126923,0.5845059752464294,0.47937270998954773,-0.059550218284130096,0.6395858526229858,0.5053982138633728,-0.06555262953042984,0.6419902443885803,0.5013710856437683,-0.06398070603609085,0.5930987000465393,0.5477117896080017,-0.0364726185798645,0.5720086693763733,0.5458305478096008,-0.07084677368402481,0.6209904551506042,0.5618538856506348,-0.07402634620666504,0.6264002323150635,0.5574430823326111,-0.06856124848127365,0.5928215384483337,0.6169324517250061,-0.047444168478250504,0.5678567290306091,0.6137973666191101,-0.06780944019556046,0.6036222577095032,0.6100258827209473,-0.07002585381269455,0.6153567433357239,0.6013518571853638,-0.0671643316745758
thumbs_up,Left,0.7429149150848389,0.6315646171569824,2.128251186395147e-10,0.7481728196144104,0.49830687046051025,-0.041809141635894775,0.7281869649887085,0.3811643719673157,-0.06754924356937408,0.7038798928260803,0.2904554307460785,-0.09013684093952179,0.6853051781654358,0.21937906742095947,-0.10732797533273697,0.6138526201248169,0.4078207015991211,-0.024349110201001167,0.5939456820487976,0.40838325023651123,-0.04177166149020195,0.638015866279602,0.4350506663322449,-0.04472595825791359,0.6503909826278687,0.43518194556236267,-0.04793896526098251,0.5955713987350464,0.4752333462238312,-0.02363438531756401,0.5830059051513672,0.4789355993270874,-0.04980768635869026,0.6374521851539612,0.502785861492157,-0.05396879464387894,0.6387073993682861,0.4969199001789093,-0.05169287323951721,0.5885423421859741,0.5449163913726807,-0.029154358431696892,0.5714435577392578,0.5437224507331848,-0.06032223999500275,0.6208487153053284,0.5604928135871887,-0.06176423281431198,0.6243024468421936,0.5560044646263123,-0.05547284334897995,0.5879737734794617,0.6135177612304688,-0.038395170122385025,0.5655473470687866,0.6109325885772705,-0.056717101484537125,0.601760745048523,0.6089051961898804,-0.05782732740044594,0.6119494438171387,0.6019306778907776,-0.05424956604838371
thumbs_up,Left,0.7447556257247925,0.638239324092865,1.4741523279848678e-10,0.7505168914794922,0.5035779476165771,-0.04314339533448219,0.7287572026252747,0.38489365577697754,-0.06913797557353973,0.7015064358711243,0.2961086630821228,-0.09176439791917801,0.6816595196723938,0.22445109486579895,-0.10910177230834961,0.613659679889679,0.4121116101741791,-0.026267709210515022,0.595681369304657,0.409981369972229,-0.04573995620012283,0.6394258737564087,0.43944236636161804,-0.04969555884599686,0.6517031192779541,0.4417029917240143,-0.053320255130529404,0.5952877998352051,0.47945019602775574,-0.02556971274316311,0.5845024585723877,0.4824957251548767,-0.054135870188474655,0.6392162442207336,0.5088973641395569,-0.05916033312678337,0.6394062042236328,0.5036277174949646,-0.05708909034729004,0.5886703729629517,0.5494987964630127,-0.0313812680542469,0.5729601979255676,0.5478113293647766,-0.0650259479880333,0.6218206286430359,0.5651745796203613,-0.06745840609073639,0.6250877976417542,0.5609518885612488,-0.061368342489004135,0.5888603925704956,0.6188814043998718,-0.040983960032463074,0.5685580372810364,0.6162241101264954,-0.06137755885720253,0.6045418381690979,0.6136881709098816,-0.06344976276159286,0.6145790815353394,0.6057497262954712,-0.06016165390610695
thumbs_up,Left,0.7425686120986938,0.6314166188240051,-4.0245759502788303e-10,0.7449840903282166,0.4976319670677185,-0.03951442241668701,0.7206657528877258,0.3833422064781189,-0.06350914388895035,0.6897068023681641,0.29815244674682617,-0.0845961794257164,0.6681703329086304,0.22542616724967957,-0.10031205415725708,0.6124324202537537,0.4116441607475281,-0.021574528887867928,0.5891265273094177,0.4147939085960388,-0.037432074546813965,0.6345121264457703,0.44009116291999817,-0.037664737552404404,0.6475263237953186,0.44039100408554077,-0.03874766454100609,0.5949046611785889,0.48154348134994507,-0.02124076336622238,0.5765768885612488,0.4832121431827545,-0.04673783853650093,0.6344456076622009,0.5049135684967041,-0.048100221902132034,0.6362728476524353,0.4989043176174164,-0.04293236508965492,0.5890105962753296,0.5513495802879333,-0.02708161249756813,0.5655680298805237,0.5495807528495789,-0.05855432525277138,0.6177883744239807,0.5635515451431274,-0.058097127825021744,0.6228922605514526,0.5601632595062256,-0.049398329108953476,0.5897196531295776,0.620131254196167,-0.03624032437801361,0.5624390840530396,0.6180504560470581,-0.054778847843408585,0.5993165373802185,0.6135237216949463,-0.05494426190853119,0.6102348566055298,0.6065933108329773,-0.04991675540804863
thumbs_up,Left,0.7425677180290222,0.6389219164848328,-1.593457477078175e-09,0.7473796010017395,0.5042100548744202,-0.04796388000249863,0.7240635752677917,0.3853127956390381,-0.07343141734600067,0.6914190053939819,0.2968140244483948,-0.09391801804304123,0.6673747301101685,0.228225439786911,-0.10877415537834167,0.6078327894210815,0.40892666578292847,-0.02613026462495327,0.5939450263977051,0.4185295104980469,-0.04412723332643509,0.6372942328453064,0.44579336047172546,-0.04811617732048035,0.6462538838386536,0.44281506538391113,-0.051900967955589294,0.591058075428009,0.47869449853897095,-0.021744918078184128,0.5821989178657532,0.49143362045288086,-0.048322781920433044,0.6373253464698792,0.5153467059135437,-0.05298670381307602,0.6357032060623169,0.5029678344726562,-0.05094677954912186,0.5859841704368591,0.5506372451782227,-0.024390308186411858,0.5706674456596375,0.5551331639289856,-0.057902704924345016,0.6201171875,0.5707524418830872,-0.060547709465026855,0.6242066025733948,0.5622462630271912,-0.054093748331069946,0.587505578994751,0.6190410852432251,-0.031148001551628113,0.5682868361473083,0.6240557432174683,-0.051453303545713425,0.604090690612793,0.6188720464706421,-0.05393366143107414,0.6141501665115356,0.6057696342468262,-0.05060400441288948
thumbs_up,Left,0.7435280084609985,0.6356830596923828,-1.1679077704940255e-09,0.7481123208999634,0.5008575916290283,-0.04496890306472778,0.7290892601013184,0.3840291500091553,-0.07041016221046448,0.7011083364486694,0.2933139503002167,-0.09154919534921646,0.6788650155067444,0.22529995441436768,-0.10712976008653641,0.6121568083763123,0.4104035496711731,-0.0255780927836895,0.5959378480911255,0.4161050319671631,-0.04212310165166855,0.6410077810287476,0.4420377314090729,-0.044934067875146866,0.6518704295158386,0.44052013754844666,-0.04809965938329697,0.5941087007522583,0.4793132245540619,-0.02223997376859188,0.5834782123565674,0.48649320006370544,-0.04717018082737923,0.6392925381660461,0.5089295506477356,-0.05102472007274628,0.639356791973114,0.49993428587913513,-0.048827365040779114,0.5886178612709045,0.5498610138893127,-0.025382433086633682,0.5721082091331482,0.5501855611801147,-0.0566234365105629,0.622498631477356,0.5640200972557068,-0.05888206511735916,0.6274888515472412,0.5586709380149841,-0.052747856825590134,0.5904393196105957,0.6174542903900146,-0.032326601445674896,0.5703272819519043,0.6191685199737549,-0.050660934299230576,0.6056466698646545,0.6125988960266113,-0.05281693488359451,0.6153711676597595,0.6015369892120361,-0.04979286342859268
thumbs_up,Left,0.7465205788612366,0.640537440776825,-1.5115204921034575e-10,0.7518027424812317,0.5071150064468384,-0.04641585424542427,0.7324817180633545,0.3881600499153137,-0.0742584690451622,0.7065634727478027,0.2963833212852478,-0.09800341725349426,0.6864374279975891,0.22800418734550476,-0.11615435779094696,0.6210793256759644,0.41189825534820557,-0.031132150441408157,0.5968222618103027,0.41463297605514526,-0.051733337342739105,0.641367495059967,0.4441705644130707,-0.05523088574409485,0.6568112373352051,0.44489482045173645,-0.05803389102220535,0.6023475527763367,0.4808769226074219,-0.02881648577749729,0.5843442678451538,0.48611539602279663,-0.059091441333293915,0.6410279870033264,0.5130249261856079,-0.06393203139305115,0.6441090703010559,0.5037915706634521,-0.06096358224749565,0.5950677990913391,0.5514745712280273,-0.03317751735448837,0.5721529722213745,0.5506961941719055,-0.06822793185710907,0.6224092841148376,0.5687708258628845,-0.07027482241392136,0.629401683807373,0.5626281499862671,-0.06319649517536163,0.5950012803077698,0.6207103133201599,-0.041481804102659225,0.5687065124511719,0.6184825897216797,-0.06210809946060181,0.6042233109474182,0.6159221529960632,-0.06387826800346375,0.6164346933364868,0.605772078037262,-0.06011441349983215
thumbs_up,Left,0.7455456256866455,0.6375345587730408,6.015957731975163e-10,0.7518210411071777,0.5067761540412903,-0.04572419822216034,0.7353189587593079,0.38725733757019043,-0.07302464544773102,0.7140040993690491,0.2938067317008972,-0.09605227410793304,0.6955066323280334,0.2258688509464264,-0.11331333220005035,0.6217414736747742,0.41156479716300964,-0.03007650189101696,0.594864010810852,0.41544774174690247,-0.0489659421145916,0.6407744884490967,0.44253382086753845,-0.05113670602440834,0.656676173210144,0.44150182604789734,-0.053139977157115936,0.6037818789482117,0.48082348704338074,-0.027193158864974976,0.5820565819740295,0.485864520072937,-0.05522947385907173,0.6399932503700256,0.5115153193473816,-0.05838886648416519,0.6442919373512268,0.5033580660820007,-0.05445550009608269,0.5965976715087891,0.5513786673545837,-0.030935341492295265,0.5717725157737732,0.5509178638458252,-0.06383247673511505,0.6237525343894958,0.5684595108032227,-0.06481006741523743,0.6305232048034668,0.5620020031929016,-0.057307157665491104,0.5960524678230286,0.6192658543586731,-0.03863876685500145,0.569067656993866,0.6176791191101074,-0.05784495547413826,0.6061365008354187,0.6158226132392883,-0.0590030811727047,0.6181933283805847,0.606127917766571,-0.05494594946503639
thumbs_up,Left,0.7420806884765625,0.6305640935897827,9.433220871102321e-10,0.749411940574646,0.500135600566864,-0.04078264161944389,0.7323793768882751,0.3799130916595459,-0.06929144263267517,0.7133004665374756,0.2883797883987427,-0.0955614522099495,0.6977267861366272,0.21980592608451843,-0.11689674854278564,0.6187872886657715,0.4121648669242859,-0.030756309628486633,0.5945188999176025,0.40902990102767944,-0.05158631131052971,0.6385288834571838,0.4368818700313568,-0.05615343153476715,0.655389666557312,0.4408738315105438,-0.060001954436302185,0.5995815992355347,0.47889384627342224,-0.031943175941705704,0.5838912725448608,0.4804031550884247,-0.06191721558570862,0.6371515989303589,0.5051941871643066,-0.06809597462415695,0.6426800489425659,0.5031688809394836,-0.06709251552820206,0.5920894145965576,0.5479388236999512,-0.038875728845596313,0.5732691287994385,0.5452285408973694,-0.07158788293600082,0.621635377407074,0.5633714199066162,-0.0736563503742218,0.6283782124519348,0.5610071420669556,-0.06828415393829346,0.5916008949279785,0.6175577640533447,-0.04956059157848358,0.5674204230308533,0.6115801334381104,-0.06875111907720566,0.6033906936645508,0.6110819578170776,-0.06984084099531174,0.616017758846283,0.6049199104309082,-0.06669243425130844
thumbs_up,Left,0.7498964667320251,0.630852997303009,1.6767848221022064e-09,0.7558119893074036,0.4980788826942444,-0.03807912766933441,0.739085853099823,0.38138914108276367,-0.06528646498918533,0.7194921970367432,0.2881270945072174,-0.09069786220788956,0.7047012448310852,0.21741926670074463,-0.11110404133796692,0.6260206699371338,0.41340962052345276,-0.026883963495492935,0.5981737375259399,0.4069756269454956,-0.04625492915511131,0.6439918279647827,0.43512433767318726,-0.04910208657383919,0.6612733006477356,0.44338929653167725,-0.051588814705610275,0.6072518229484558,0.48079729080200195,-0.02899613045156002,0.5851271152496338,0.4783981740474701,-0.05758222937583923,0.641666829586029,0.5035833716392517,-0.0621749609708786,0.6480387449264526,0.5039613842964172,-0.05948130786418915,0.6002427339553833,0.5498175621032715,-0.03681124001741409,0.5742148160934448,0.5450857877731323,-0.06851042062044144,0.6242223978042603,0.5604735612869263,-0.06989371031522751,0.6323156356811523,0.5601513981819153,-0.063482865691185,0.6009189486503601,0.6188596487045288,-0.04804744943976402,0.5710799694061279,0.6109142899513245,-0.06603311002254486,0.6063697338104248,0.6082367300987244,-0.06656365096569061,0.6195095181465149,0.6035428643226624,-0.06277135014533997
thumbs_up,Left,0.7502366900444031,0.6251010894775391,1.2155367823396546e-09,0.7580966353416443,0.4961475729942322,-0.03925006464123726,0.7405030727386475,0.37994539737701416,-0.06717988103628159,0.7203589081764221,0.28827691078186035,-0.0933501198887825,0.7064803242683411,0.21655157208442688,-0.11470799893140793,0.6300060153007507,0.4082271158695221,-0.02927139215171337,0.6001811623573303,0.4041033983230591,-0.04935400187969208,0.6449514627456665,0.43148234486579895,-0.052921995520591736,0.6630740761756897,0.4380809962749481,-0.05595103278756142,0.610243558883667,0.47390657663345337,-0.03118993528187275,0.5881439447402954,0.47546517848968506,-0.06042714789509773,0.6427114009857178,0.49926406145095825,-0.066154845058918,0.6503663659095764,0.49803051352500916,-0.06447918713092804,0.602044939994812,0.542312502861023,-0.038801874965429306,0.5766704082489014,0.5417960286140442,-0.0706973671913147,0.625464141368866,0.5575393438339233,-0.07287558168172836,0.6345834136009216,0.5550945997238159,-0.0674099251627922,0.6013269424438477,0.6118202209472656,-0.049995895475149155,0.5717567205429077,0.6065431237220764,-0.06838098168373108,0.6066336035728455,0.6049720048904419,-0.0694345235824585,0.620746374130249,0.5988398194313049,-0.06626984477043152
thumbs_up,Left,0.7500718832015991,0.6235032081604004,1.2144942829195315e-09,0.7571051120758057,0.4945841133594513,-0.04142323136329651,0.7406054735183716,0.37822216749191284,-0.07095035910606384,0.7213248014450073,0.28660720586776733,-0.09820326417684555,0.7066525220870972,0.2163372039794922,-0.12056369334459305,0.6291789412498474,0.4091954827308655,-0.034069161862134933,0.6008005142211914,0.4009783864021301,-0.05601981282234192,0.6448399424552917,0.42790377140045166,-0.06022679805755615,0.6626555323600769,0.43464478850364685,-0.06354868412017822,0.6094273924827576,0.474909245967865,-0.03538399189710617,0.5889968276023865,0.47308221459388733,-0.0665549486875534,0.6430824398994446,0.4973580241203308,-0.07219957560300827,0.6492167711257935,0.4968700110912323,-0.07031258940696716,0.6014339327812195,0.543186366558075,-0.04253081604838371,0.5775877237319946,0.5393783450126648,-0.07658552378416061,0.6257439851760864,0.5553195476531982,-0.07905205339193344,0.6334942579269409,0.5541014671325684,-0.07340379059314728,0.6010956168174744,0.6131162643432617,-0.05326598137617111,0.5727570056915283,0.6065557599067688,-0.0734560489654541,0.6069130897521973,0.6032968759536743,-0.07522501796483994,0.6196380257606506,0.597244381904602,-0.07227469980716705
thumbs_up,Left,0.7471357583999634,0.6228235960006714,1.215858524972191e-09,0.752872884273529,0.49454501271247864,-0.03734685853123665,0.7361637353897095,0.38002249598503113,-0.06516753137111664,0.717265248298645,0.2876545190811157,-0.09196977317333221,0.7041493058204651,0.21597161889076233,-0.11371762305498123,0.6278102993965149,0.4103125035762787,-0.023873426020145416,0.596275806427002,0.40393921732902527,-0.04321912303566933,0.6409676671028137,0.4293651580810547,-0.0466342531144619,0.6599459052085876,0.43560829758644104,-0.049737561494112015,0.6083807945251465,0.4761040508747101,-0.027064895257353783,0.5844709873199463,0.4729062020778656,-0.05668264254927635,0.6397024393081665,0.497558057308197,-0.06320507824420929,0.647487998008728,0.4966505169868469,-0.06148676574230194,0.5996930003166199,0.5434389114379883,-0.035990159958601,0.5716347098350525,0.5388501882553101,-0.0680733174085617,0.6220464706420898,0.5564290285110474,-0.07004547119140625,0.6320916414260864,0.5550406575202942,-0.06399592757225037,0.5985885262489319,0.6122692227363586,-0.04835877567529678,0.565695583820343,0.6038522720336914,-0.06611746549606323,0.6017088294029236,0.6027945280075073,-0.06639128178358078,0.6170957088470459,0.5979933738708496,-0.0625896230340004
thumbs_up,Left,0.7458289861679077,0.6207606196403503,9.78208514190726e-10,0.7537014484405518,0.49206119775772095,-0.04256296902894974,0.7370057106018066,0.3744816184043884,-0.07138749957084656,0.7178138494491577,0.2810540795326233,-0.09753239899873734,0.7035776376724243,0.21066778898239136,-0.11853176355361938,0.6264486908912659,0.40405386686325073,-0.032018695026636124,0.5967488288879395,0.3992294669151306,-0.05227820947766304,0.6419497132301331,0.42701661586761475,-0.05544160678982735,0.6606645584106445,0.4331875145435333,-0.05811118707060814,0.6064965724945068,0.4705478549003601,-0.03195628523826599,0.5844271183013916,0.47020071744918823,-0.06161866709589958,0.6395053863525391,0.4947546124458313,-0.06703729927539825,0.6464182734489441,0.4927988350391388,-0.06490033864974976,0.5980256795883179,0.5390598177909851,-0.03781263157725334,0.5730622410774231,0.5361626148223877,-0.07041823863983154,0.6222700476646423,0.5527108907699585,-0.07274677604436874,0.6308379769325256,0.5505844354629517,-0.0669330358505249,0.5971047878265381,0.6080153584480286,-0.047396041452884674,0.5678290128707886,0.6018536686897278,-0.06616619974374771,0.6024244427680969,0.6000268459320068,-0.06756822764873505,0.6157927513122559,0.5939449071884155,-0.06437941640615463
thumbs_up,Left,0.7471448183059692,0.6163844466209412,1.6515825373986104e-09,0.7542105317115784,0.4885912537574768,-0.04193924739956856,0.7376689314842224,0.372023344039917,-0.07051131129264832,0.7188408374786377,0.2790724039077759,-0.09642115980386734,0.7044188380241394,0.20880717039108276,-0.11721097677946091,0.6272997856140137,0.4038598835468292,-0.03145640715956688,0.5967952013015747,0.3989717364311218,-0.051566362380981445,0.6416194438934326,0.42539334297180176,-0.05493510141968727,0.6602432727813721,0.4306589365005493,-0.057723451405763626,0.60833740234375,0.4708702862262726,-0.031475115567445755,0.5850490927696228,0.4700982868671417,-0.060505978763103485,0.6393188238143921,0.4935465157032013,-0.06606559455394745,0.6465546488761902,0.4914107024669647,-0.06428169459104538,0.6005977988243103,0.5395522117614746,-0.037393562495708466,0.5740450024604797,0.5368276238441467,-0.0694001093506813,0.6222585439682007,0.5520635843276978,-0.07183153927326202,0.6310884952545166,0.548976719379425,-0.06634986400604248,0.6000657677650452,0.6085216999053955,-0.04699309170246124,0.5690914988517761,0.6021230220794678,-0.06553219258785248,0.6028082370758057,0.5995222926139832,-0.06693661212921143,0.616291344165802,0.5931429862976074,-0.0639062225818634
thumbs_up,Left,0.7438321113586426,0.6121125221252441,7.935997969887865e-10,0.7510583996772766,0.483818918466568,-0.03964214399456978,0.7332708835601807,0.36743298172950745,-0.06851983070373535,0.7139923572540283,0.27713096141815186,-0.09546109288930893,0.7013499736785889,0.2052401304244995,-0.11764368414878845,0.6199803948402405,0.4003039598464966,-0.03267877176403999,0.597206711769104,0.3953853249549866,-0.053832121193408966,0.6407989263534546,0.4223155975341797,-0.0586019866168499,0.6551111340522766,0.4262842535972595,-0.06276003271341324,0.6002134084701538,0.4662948548793793,-0.03484300523996353,0.5869214534759521,0.46664977073669434,-0.06418225169181824,0.6388973593711853,0.4890493154525757,-0.06935089081525803,0.6419119238853455,0.48686492443084717,-0.06822764128446579,0.5927309989929199,0.5342478156089783,-0.04254990071058273,0.5747196674346924,0.5311434864997864,-0.07477335631847382,0.621540904045105,0.5468041896820068,-0.07593303918838501,0.6269009709358215,0.5451321601867676,-0.0703287124633789,0.5929397344589233,0.6030079126358032,-0.05388659983873367,0.5678918957710266,0.5974359512329102,-0.07308909296989441,0.6011698246002197,0.5947107076644897,-0.07392794638872147,0.61179518699646,0.5892061591148376,-0.07080082595348358
thumbs_up,Left,0.7106018662452698,0.591925859451294,-2.3193260645371083e-09,0.7198885679244995,0.4618125557899475,-0.041398514062166214,0.7052215933799744,0.3449670374393463,-0.06881730258464813,0.6879910230636597,0.25448107719421387,-0.09421524405479431,0.6772090196609497,0.1779254972934723,-0.11484809964895248,0.5956522822380066,0.37738728523254395,-0.027843696996569633,0.5687503218650818,0.37906062602996826,-0.046732496470212936,0.6112464070320129,0.40594637393951416,-0.05029981955885887,0.6272881627082825,0.410933256149292,-0.053504496812820435,0.5729213356971741,0.44278520345687866,-0.02806357480585575,0.5546498894691467,0.44723862409591675,-0.055418211966753006,0.6079729199409485,0.47061774134635925,-0.06052609905600548,0.6145349740982056,0.46686020493507385,-0.058727703988552094,0.5626296997070312,0.5102609395980835,-0.03454729914665222,0.5401202440261841,0.5130786895751953,-0.06559081375598907,0.5880178213119507,0.5283324122428894,-0.06830773502588272,0.5970561504364014,0.5231702327728271,-0.06314770877361298,0.5610898733139038,0.5797081589698792,-0.0447821244597435,0.5346346497535706,0.580687403678894,-0.06337226182222366,0.5678802132606506,0.5781997442245483,-0.06571023911237717,0.5807844400405884,0.567847728729248,-0.0632086768746376
thumbs_up,Left,0.35413220524787903,0.4117276668548584,-1.3347507543670645e-09,0.38112837076187134,0.2652732729911804,0.012702617794275284,0.4447515606880188,0.16996502876281738,0.007503706030547619,0.5077437162399292,0.1163673996925354,-0.00012796808732673526,0.5495590567588806,0.06257493793964386,-0.0072176032699644566,0.48896029591560364,0.21312600374221802,-0.021203532814979553,0.5660896301269531,0.22775280475616455,-0.01715751178562641,0.5979053378105164,0.2610112428665161,-0.0055471560917794704,0.6138343811035156,0.28660446405410767,0.0015376927331089973,0.4981941282749176,0.2919858396053314,-0.03257213905453682,0.5827622413635254,0.3055266737937927,-0.025003068149089813,0.6038259267807007,0.33288097381591797,-0.008744465187191963,0.6031611561775208,0.36000707745552063,-0.0008725184015929699,0.4992579519748688,0.37349462509155273,-0.039373382925987244,0.5743304491043091,0.37922972440719604,-0.028308385983109474,0.5887487530708313,0.3974931836128235,-0.010953983291983604,0.5839666724205017,0.4109879732131958,-0.003231425303965807,0.49553462862968445,0.45116186141967773,-0.04538800194859505,0.5459961891174316,0.44931140542030334,-0.032917607575654984,0.5502645373344421,0.4532981812953949,-0.019093383103609085,0.5425149202346802,0.45666050910949707,-0.011290042661130428
thumbs_up,Left,0.3890402019023895,0.5163895487785339,-4.185150448421382e-09,0.44132038950920105,0.4281924366950989,0.0003263736725784838,0.4977897107601166,0.3570511043071747,-0.0011371539440006018,0.5453106760978699,0.30515044927597046,-0.004101609345525503,0.5848931074142456,0.2584245800971985,-0.006713799200952053,0.5477067828178406,0.4032204747200012,0.004005220253020525,0.6050922870635986,0.4201969504356384,0.011205807328224182,0.6316676735877991,0.45356595516204834,0.01759667694568634,0.6473893523216248,0.4851592183113098,0.019912876188755035,0.5319385528564453,0.44236063957214355,0.00012132871779613197,0.57960045337677,0.469154953956604,0.009988433681428432,0.6030400395393372,0.49370068311691284,0.017283804714679718,0.6180468797683716,0.5221871733665466,0.01898846961557865,0.5077647566795349,0.48545926809310913,-0.0032039624638855457,0.5465942025184631,0.49834391474723816,0.004164481069892645,0.5651587247848511,0.5172092914581299,0.0138819869607687,0.5746433734893799,0.5403361916542053,0.018382446840405464,0.48262834548950195,0.5292816162109375,-0.007982330396771431,0.5082326531410217,0.5315166711807251,-0.0023763671051710844,0.5222819447517395,0.5496664047241211,0.004693598486483097,0.5287283062934875,0.5734524130821228,0.009232841432094574
thumbs_up,Left,0.4235844612121582,0.6028726696968079,-1.298220908552139e-08,0.45710456371307373,0.48286619782447815,0.0015392981003969908,0.5131655335426331,0.4021237790584564,0.004656269680708647,0.5618877410888672,0.3410840630531311,0.007663076743483543,0.5968210697174072,0.2861522436141968,0.014962268061935902,0.6268104314804077,0.5008465647697449,0.03075634315609932,0.6565125584602356,0.5222917199134827,0.06603870540857315,0.635057806968689,0.5322854518890381,0.09327353537082672,0.6127476692199707,0.5342909097671509,0.10876292735338211,0.6241832971572876,0.5837171673774719,0.034456681460142136,0.6376242637634277,0.5947256684303284,0.07428300380706787,0.616761326789856,0.5915428996086121,0.0980420634150505,0.5973102450370789,0.5870910882949829,0.11113294959068298,0.6020205020904541,0.6605222821235657,0.0389782078564167,0.6133719682693481,0.6507513523101807,0.07411710172891617,0.5992469191551208,0.6474977731704712,0.0910022184252739,0.5826234817504883,0.6409571170806885,0.09851924329996109,0.574491560459137,0.7227703332901001,0.042258087545633316,0.5808646082878113,0.7080509662628174,0.07412192225456238,0.5665542483329773,0.7037075757980347,0.09017297625541687,0.5513104200363159,0.7029918432235718,0.09959355741739273
thumbs_up,Left,0.39750975370407104,0.5729601383209229,3.941080795044627e-09,0.4357360005378723,0.4507196843624115,0.024177832528948784,0.49194395542144775,0.37459510564804077,0.028805701062083244,0.5389050245285034,0.31684666872024536,0.027625199407339096,0.5698583126068115,0.261899471282959,0.0288302730768919,0.5988588333129883,0.4579886496067047,0.034820556640625,0.638676643371582,0.5159976482391357,0.06298643350601196,0.6107894778251648,0.5329300165176392,0.08393989503383636,0.5841132998466492,0.5191987156867981,0.09388358145952225,0.5964545011520386,0.543138325214386,0.021518399938941002,0.6205362677574158,0.588351845741272,0.05548786371946335,0.5898993015289307,0.5898265838623047,0.07440941780805588,0.5629528760910034,0.5732913017272949,0.08176495879888535,0.5767350196838379,0.6254458427429199,0.011690578423440456,0.5996764302253723,0.6481688618659973,0.04435007646679878,0.5721940398216248,0.6473389267921448,0.06252755224704742,0.5463430285453796,0.6313321590423584,0.06810640543699265,0.5514878630638123,0.6972142457962036,0.0019061154453083873,0.565845787525177,0.702526330947876,0.03351617231965065,0.5402197241783142,0.694014847278595,0.05250914394855499,0.5167120695114136,0.6810975074768066,0.06178687512874603
thumbs_up,Left,0.3697766363620758,0.5324212908744812,1.8983774552339128e-09,0.41220343112945557,0.4154648184776306,0.022425295785069466,0.474324107170105,0.33810192346572876,0.027209529653191566,0.5250375866889954,0.2762957811355591,0.027200670912861824,0.5574396848678589,0.2206336259841919,0.03029443323612213,0.5759938955307007,0.4255698025226593,0.03209049254655838,0.6172875165939331,0.4869178235530853,0.0602998286485672,0.5892797112464905,0.5002198219299316,0.08360899984836578,0.5620205998420715,0.48206421732902527,0.0957530066370964,0.5700830221176147,0.5092769861221313,0.020644264295697212,0.5980476140975952,0.557369589805603,0.05349697917699814,0.5680981278419495,0.5534564852714539,0.07541124522686005,0.5405843257904053,0.5312343239784241,0.08603417873382568,0.5474469065666199,0.5896741151809692,0.012538230046629906,0.5777838826179504,0.6148018836975098,0.04271288588643074,0.5510132908821106,0.6095908880233765,0.06396440416574478,0.5243811011314392,0.5886965394020081,0.073331318795681,0.5197040438652039,0.6583356261253357,0.004559946246445179,0.544929027557373,0.6669054627418518,0.03350793197751045,0.5205976963043213,0.6553264260292053,0.0540558286011219,0.49581557512283325,0.6383931636810303,0.06580784916877747
thumbs_up,Left,0.34993696212768555,0.5074716210365295,2.1502426506003758e-09,0.3930426836013794,0.3869718313217163,0.022933391854166985,0.45464926958084106,0.3115217685699463,0.029682783409953117,0.505378246307373,0.2535272240638733,0.03216693177819252,0.5368005037307739,0.19128388166427612,0.037921126931905746,0.5541699528694153,0.40143561363220215,0.03310861811041832,0.5988551378250122,0.46080905199050903,0.06278545409440994,0.5718392729759216,0.47128060460090637,0.08766165375709534,0.5439245700836182,0.4511116147041321,0.10110300034284592,0.5478086471557617,0.48422491550445557,0.022822730243206024,0.5795870423316956,0.5297881960868835,0.057287584990262985,0.5511507391929626,0.5249910354614258,0.07988794147968292,0.523075520992279,0.5023499727249146,0.09104079008102417,0.5253419280052185,0.5628284215927124,0.015982605516910553,0.5583978891372681,0.5849859118461609,0.04733654856681824,0.5328347682952881,0.579707145690918,0.06790083646774292,0.5055217146873474,0.5585612058639526,0.07700000703334808,0.4982077181339264,0.6285696029663086,0.009411348961293697,0.5259739756584167,0.6345647573471069,0.03894531726837158,0.5029861927032471,0.6229388117790222,0.05871611833572388,0.4778781235218048,0.6064358949661255,0.07005229592323303
thumbs_up,Left,0.3401962220668793,0.5051932334899902,1.5209570269902883e-09,0.3827072083950043,0.38559669256210327,0.024597564712166786,0.4428374171257019,0.308600515127182,0.030864804983139038,0.49420902132987976,0.2475237101316452,0.03282206133008003,0.5285340547561646,0.19188490509986877,0.03792516514658928,0.5412895083427429,0.4001705050468445,0.03224843367934227,0.5864487886428833,0.4584951400756836,0.061697252094745636,0.5609710812568665,0.4710175395011902,0.08668694645166397,0.5350514054298401,0.45219308137893677,0.1005663201212883,0.5366653203964233,0.48103320598602295,0.021834589540958405,0.5676283240318298,0.5284841060638428,0.05742311850190163,0.5382146835327148,0.5262156128883362,0.0812155231833458,0.5102460384368896,0.5030710697174072,0.09325050562620163,0.5161919593811035,0.5597146153450012,0.01509932242333889,0.5461902022361755,0.579789400100708,0.048524510115385056,0.5198231935501099,0.5772570371627808,0.0698850080370903,0.49327370524406433,0.556278645992279,0.07918506115674973,0.4915471076965332,0.6265652179718018,0.008822412230074406,0.5150638818740845,0.6306219100952148,0.041194651275873184,0.48986202478408813,0.6202948689460754,0.06176934018731117,0.4651736319065094,0.6040763258934021,0.0732836127281189
thumbs_up,Left,0.337640643119812,0.4985767900943756,-1.537027033426952e-10,0.3790932893753052,0.37846359610557556,0.02190513163805008,0.4394901692867279,0.30144983530044556,0.026935935020446777,0.4924854338169098,0.2423645257949829,0.028309693560004234,0.5281139612197876,0.18365448713302612,0.03294161707162857,0.535875678062439,0.391061931848526,0.025720855221152306,0.5824873447418213,0.44433271884918213,0.05332056060433388,0.5587469339370728,0.4629584848880768,0.07816136628389359,0.53352952003479,0.45012596249580383,0.09215202927589417,0.530884325504303,0.4723696708679199,0.01609058864414692,0.5646864175796509,0.5200449228286743,0.04938019812107086,0.5347720384597778,0.5209854245185852,0.07395364344120026,0.5056212544441223,0.4996863305568695,0.0868702158331871,0.5099470019340515,0.5519157648086548,0.010039009153842926,0.5418128371238708,0.575294017791748,0.041539520025253296,0.5152307152748108,0.5739132165908813,0.06403616815805435,0.4884425699710846,0.5533396601676941,0.07438135892152786,0.4846477806568146,0.6198012828826904,0.004265183117240667,0.5101491808891296,0.6270421743392944,0.035013530403375626,0.48556816577911377,0.6177374720573425,0.05570394545793533,0.4611712098121643,0.6018558740615845,0.06756874918937683
thumbs_up,Left,0.3313884735107422,0.5012882947921753,-6.500952554056028e-10,0.37422996759414673,0.38509228825569153,0.023043261840939522,0.4359774887561798,0.30652403831481934,0.02728264220058918,0.487467497587204,0.24545210599899292,0.026837915182113647,0.5217375755310059,0.18742695450782776,0.02949085459113121,0.5319569706916809,0.39849260449409485,0.026965487748384476,0.5791054368019104,0.45499327778816223,0.05284378305077553,0.5541937351226807,0.46933481097221375,0.07575182616710663,0.5275631546974182,0.4510085880756378,0.08829158544540405,0.5263494849205017,0.4784057140350342,0.015010792762041092,0.5608729720115662,0.5271956920623779,0.04697728902101517,0.5313637852668762,0.5265172719955444,0.06952666491270065,0.5022253394126892,0.5031158328056335,0.0806833952665329,0.5053767561912537,0.556784987449646,0.006430740002542734,0.5382493138313293,0.5817270874977112,0.03739765286445618,0.5116650462150574,0.5814812779426575,0.05911973863840103,0.48435211181640625,0.5609245300292969,0.06841865181922913,0.47992777824401855,0.6250156760215759,-0.0019907441455870867,0.508574903011322,0.6342329978942871,0.027920544147491455,0.48507675528526306,0.6265591979026794,0.04833174869418144,0.46035102009773254,0.6110460758209229,0.05970277264714241
thumbs_up,Left,0.33118799328804016,0.5023933053016663,-1.2618063260916301e-09,0.373211145401001,0.3848349153995514,0.01914924941956997,0.4350181818008423,0.3075968623161316,0.022509289905428886,0.4876278042793274,0.24784024059772491,0.02179083414375782,0.5225668549537659,0.19002145528793335,0.02432953752577305,0.530079185962677,0.398865669965744,0.024866968393325806,0.5792585015296936,0.44978222250938416,0.05025384575128555,0.5553197860717773,0.4670119881629944,0.07356656342744827,0.5282256007194519,0.4549562335014343,0.08649272471666336,0.5247350931167603,0.47952866554260254,0.014580045826733112,0.5618311762809753,0.5256967544555664,0.04474308341741562,0.5320466756820679,0.5253844261169434,0.06688924133777618,0.5022934079170227,0.5046166181564331,0.07859651744365692,0.5042368769645691,0.5579138398170471,0.007259754464030266,0.5384351015090942,0.5820553302764893,0.03608913719654083,0.5115631818771362,0.5802891850471497,0.057024743407964706,0.484239399433136,0.5609509944915771,0.06665544956922531,0.479055255651474,0.6263442039489746,-0.00019490144040901214,0.5082981586456299,0.6347382068634033,0.028064625337719917,0.4848933517932892,0.6261601448059082,0.047658685594797134,0.4603956341743469,0.6115747094154358,0.05898609757423401
thumbs_up,Left,0.3262157440185547,0.513465166091919,-8.020801800512345e-10,0.3689844310283661,0.39623990654945374,0.02529323473572731,0.43106743693351746,0.31987541913986206,0.031036479398608208,0.4831319749355316,0.26112595200538635,0.03183652460575104,0.5163529515266418,0.20324943959712982,0.03557734936475754,0.5283886194229126,0.4069228172302246,0.02837482839822769,0.5749635100364685,0.4675474166870117,0.05554411932826042,0.5481287837028503,0.4808993339538574,0.07936971634626389,0.5207651853561401,0.46141430735588074,0.09223075956106186,0.5234687924385071,0.48854586482048035,0.015485799871385098,0.5570127367973328,0.5378965139389038,0.04896024987101555,0.5271115899085999,0.5378111600875854,0.0721663385629654,0.49842315912246704,0.5151897072792053,0.08326148241758347,0.5028151869773865,0.5684322118759155,0.0063310121186077595,0.5346794128417969,0.593571662902832,0.0386577844619751,0.5076887011528015,0.5941041111946106,0.06074793264269829,0.48055726289749146,0.5745253562927246,0.06977792084217072,0.4778020977973938,0.6376786828041077,-0.0024993412662297487,0.5049614310264587,0.6460881233215332,0.028259797021746635,0.48099827766418457,0.6390180587768555,0.04883499816060066,0.45652884244918823,0.6248319149017334,0.06001266837120056
thumbs_up,Left,0.33156269788742065,0.5225532054901123,-3.890564759245763e-09,0.37399783730506897,0.3985656201839447,0.025875600054860115,0.433185875415802,0.3243323564529419,0.034374892711639404,0.4822136461734772,0.2613525986671448,0.038893308490514755,0.511542022228241,0.20144978165626526,0.04655248299241066,0.543729305267334,0.41787683963775635,0.03411378711462021,0.5756338238716125,0.4621643126010895,0.0679309144616127,0.5497630834579468,0.4735253155231476,0.09295766800642014,0.5246860980987549,0.45901554822921753,0.10595010966062546,0.540907621383667,0.5032745003700256,0.025294911116361618,0.5608680248260498,0.5352858304977417,0.06412290036678314,0.5317478179931641,0.5338423848152161,0.0869658887386322,0.5053386688232422,0.5155283808708191,0.09752530604600906,0.519634485244751,0.5851574540138245,0.021105024963617325,0.5373395085334778,0.5936588048934937,0.05918094515800476,0.5111653804779053,0.5911049842834473,0.07938200980424881,0.4859122335910797,0.5742782354354858,0.08657978475093842,0.4930281341075897,0.653522789478302,0.01750805415213108,0.5051001906394958,0.6521660685539246,0.05401997268199921,0.4817851781845093,0.640710175037384,0.07388126850128174,0.4608861804008484,0.6257315874099731,0.08388374000787735
thumbs_up,Left,0.3609820306301117,0.5423848032951355,-1.0188927923593383e-08,0.405532568693161,0.4150920510292053,0.014340587891638279,0.4674983322620392,0.3378834128379822,0.02357991598546505,0.5156718492507935,0.27928322553634644,0.03166204318404198,0.5476478338241577,0.23370611667633057,0.042148657143116,0.5795578956604004,0.44445255398750305,0.029845761135220528,0.5799612998962402,0.4481837749481201,0.06709204614162445,0.5516252517700195,0.45058172941207886,0.0902775377035141,0.5364528894424438,0.4457022547721863,0.10070081055164337,0.5743887424468994,0.5308753252029419,0.02762758918106556,0.5733678340911865,0.5272641181945801,0.06434378027915955,0.545955240726471,0.5188670754432678,0.0832296833395958,0.5263245105743408,0.5095106363296509,0.09115496277809143,0.5528566241264343,0.6058566570281982,0.029628638178110123,0.5560644865036011,0.5894595384597778,0.06576987355947495,0.5328360199928284,0.577889084815979,0.08161601424217224,0.513100266456604,0.5694833993911743,0.08574599772691727,0.5246294140815735,0.6654130816459656,0.03152712062001228,0.5290542840957642,0.649282693862915,0.06343873590230942,0.5101203322410583,0.6338485479354858,0.07865681499242783,0.4938633441925049,0.6249170303344727,0.08567509800195694
thumbs_up,Left,0.37268155813217163,0.5568731427192688,-8.991088762400068e-09,0.4083445370197296,0.43090498447418213,0.00579803204163909,0.4673781096935272,0.35418185591697693,0.012920619919896126,0.5146960616111755,0.2967197299003601,0.020780032500624657,0.5456496477127075,0.25056058168411255,0.030769122764468193,0.5797796845436096,0.45817747712135315,0.02424214594066143,0.5749827027320862,0.45844775438308716,0.06171908974647522,0.5446576476097107,0.4635832607746124,0.0839245393872261,0.5285714864730835,0.4608239531517029,0.09333961457014084,0.5767161846160889,0.5430145263671875,0.02741784229874611,0.5696857571601868,0.5368582606315613,0.06486866623163223,0.5414512157440186,0.5319299101829529,0.08147966861724854,0.5221602916717529,0.5238088965415955,0.08734067529439926,0.5570979714393616,0.6170490384101868,0.03441691771149635,0.5545119047164917,0.5997172594070435,0.07084981352090836,0.5302441120147705,0.5901956558227539,0.08249055594205856,0.5103006958961487,0.5812631249427795,0.08333183825016022,0.5305350422859192,0.6778923273086548,0.040852949023246765,0.5295097827911377,0.6601052284240723,0.07227630168199539,0.5088205933570862,0.6443710327148438,0.08439938724040985,0.4922070801258087,0.6334846019744873,0.08883319795131683
thumbs_up,Left,0.3742292821407318,0.5536288022994995,-7.86339615643783e-09,0.4055231213569641,0.41979479789733887,0.008081933483481407,0.4651595652103424,0.3401864469051361,0.017367616295814514,0.5132466554641724,0.2826851010322571,0.026543110609054565,0.5428848266601562,0.23350873589515686,0.03814014047384262,0.5808477997779846,0.45437678694725037,0.03632313385605812,0.5703334212303162,0.46254244446754456,0.07760511338710785,0.5400444269180298,0.46869850158691406,0.10127127170562744,0.5221283435821533,0.46395254135131836,0.1115446612238884,0.5782732367515564,0.5406036376953125,0.03909284994006157,0.5655586123466492,0.5375790596008301,0.08222600072622299,0.5390850305557251,0.5331103801727295,0.10021406412124634,0.5209676027297974,0.5244393348693848,0.10660507529973984,0.5570942759513855,0.6164422035217285,0.045027345418930054,0.5487845540046692,0.5990912914276123,0.0869138315320015,0.5246728658676147,0.5898957252502441,0.10004217177629471,0.5054374933242798,0.5795192718505859,0.10137944668531418,0.5288896560668945,0.6792616248130798,0.05012916773557663,0.5261591672897339,0.6626403331756592,0.08549172431230545,0.5072029829025269,0.6473761796951294,0.09889938682317734,0.4931478798389435,0.6355164051055908,0.10409987717866898
thumbs_up,Left,0.3660590946674347,0.5535224676132202,-7.065652063431571e-09,0.4017833173274994,0.42228567600250244,0.007069332059472799,0.46089673042297363,0.34131306409835815,0.013021177612245083,0.5085821747779846,0.281493216753006,0.018511800095438957,0.5356730222702026,0.22916290163993835,0.026112396270036697,0.5750904083251953,0.45121198892593384,0.02480296604335308,0.5698160529136658,0.4685932397842407,0.058392226696014404,0.5399954319000244,0.4781523048877716,0.07768584787845612,0.5205652117729187,0.47134414315223694,0.08544234931468964,0.5738015174865723,0.5377470850944519,0.024686243385076523,0.5656328797340393,0.543018639087677,0.06060391291975975,0.5383657813072205,0.5422784686088562,0.07517322897911072,0.5176421403884888,0.5332013368606567,0.07879239320755005,0.5544517040252686,0.6154782772064209,0.027874648571014404,0.5478729009628296,0.6039336323738098,0.06364506483078003,0.5218684077262878,0.5980811715126038,0.07439181953668594,0.5004470348358154,0.5884336233139038,0.07409615069627762,0.5273343324661255,0.6805683374404907,0.030009565874934196,0.5244301557540894,0.668185830116272,0.06116631254553795,0.5036302208900452,0.6541768908500671,0.07270018756389618,0.4876188635826111,0.6426259279251099,0.07635592669248581
thumbs_up,Left,0.3700298070907593,0.5723705887794495,-6.861725410090003e-09,0.4021178185939789,0.4390946924686432,0.015766695141792297,0.4548085033893585,0.3542484641075134,0.024963678792119026,0.49585261940956116,0.2851558327674866,0.032097332179546356,0.5208166837692261,0.23094984889030457,0.041466377675533295,0.5735200643539429,0.4497850239276886,0.0367177352309227,0.5794658064842224,0.4762048125267029,0.0741489976644516,0.5541548132896423,0.4867963194847107,0.09641724824905396,0.5346364974975586,0.4781181812286377,0.10654011368751526,0.5734953880310059,0.5382934808731079,0.03432546928524971,0.5738564729690552,0.5480390191078186,0.07508636265993118,0.5484447479248047,0.5473928451538086,0.09337680041790009,0.5281307101249695,0.5376797318458557,0.10030481964349747,0.5564656257629395,0.6200047731399536,0.0356108732521534,0.5593006014823914,0.6111207604408264,0.07573875039815903,0.5367032289505005,0.6061811447143555,0.09076446294784546,0.5162847638130188,0.5959513187408447,0.093674436211586,0.5328652858734131,0.6879034042358398,0.036512795835733414,0.5384561419487,0.6738823056221008,0.07160388678312302,0.5187386274337769,0.6621817350387573,0.08701048046350479,0.5015637278556824,0.653308629989624,0.09367918223142624
thumbs_up,Left,0.36458128690719604,0.5694591999053955,-5.613162823436824e-09,0.3984980583190918,0.4374612867832184,0.01832588016986847,0.4539995789527893,0.3515576124191284,0.02828414924442768,0.49822378158569336,0.28473538160324097,0.035166338086128235,0.5235719084739685,0.23218339681625366,0.04456310346722603,0.5698246955871582,0.44682562351226807,0.0406651608645916,0.5839707255363464,0.47616177797317505,0.07869388163089752,0.5576942563056946,0.4885118305683136,0.10175566375255585,0.5357964038848877,0.4808146357536316,0.11215469986200333,0.5708479881286621,0.5350172519683838,0.03594661131501198,0.5735163688659668,0.5480106472969055,0.0782555565237999,0.5466287732124329,0.5488994717597961,0.0965106338262558,0.5253974795341492,0.5403584837913513,0.10295370221138,0.5541248321533203,0.6172556281089783,0.03481612354516983,0.5570733547210693,0.6106124520301819,0.07630515098571777,0.5325850248336792,0.6071797609329224,0.09094349294900894,0.5107502937316895,0.5975079536437988,0.09315871447324753,0.5308960676193237,0.6871587038040161,0.03335251659154892,0.5369439721107483,0.674959659576416,0.06965121626853943,0.5163928270339966,0.6647086143493652,0.08526138216257095,0.49851730465888977,0.6561645269393921,0.0917753055691719
thumbs_up,Left,0.3619849979877472,0.5681416988372803,-4.869874281610009e-09,0.39495646953582764,0.43502041697502136,0.014573044143617153,0.44993120431900024,0.3483831286430359,0.022474735975265503,0.4956830143928528,0.2831456661224365,0.0279490128159523,0.5232512354850769,0.23177570104599,0.03608642891049385,0.5656489729881287,0.4472157657146454,0.03553222492337227,0.5798631906509399,0.47510555386543274,0.07124002277851105,0.553722620010376,0.48754462599754333,0.0932871475815773,0.5316832661628723,0.48152482509613037,0.10328035056591034,0.5674747824668884,0.5346932411193848,0.03200482949614525,0.5689091086387634,0.5476589202880859,0.07196157425642014,0.5428453683853149,0.5478421449661255,0.08927834779024124,0.5220124125480652,0.5394071936607361,0.09522640705108643,0.5512319803237915,0.6162304878234863,0.031777799129486084,0.552108883857727,0.6088058948516846,0.07127664983272552,0.5279942750930786,0.6047300100326538,0.08509407937526703,0.5064605474472046,0.5957098007202148,0.08699700981378555,0.5282502174377441,0.6855781674385071,0.03090798668563366,0.5316048860549927,0.673038125038147,0.06594447791576385,0.5111935138702393,0.6621785163879395,0.08071005344390869,0.4939267039299011,0.6537638902664185,0.08674725145101547
thumbs_up,Left,0.3601963520050049,0.5658747553825378,-5.4300599572343344e-09,0.3946225643157959,0.43349096179008484,0.020615970715880394,0.4505074620246887,0.34916093945503235,0.031738921999931335,0.495270311832428,0.2836328446865082,0.03955266252160072,0.520327091217041,0.23139235377311707,0.04993069916963577,0.5658562779426575,0.44711834192276,0.042976975440979004,0.58042311668396,0.4747786819934845,0.08229672908782959,0.553916871547699,0.4863165020942688,0.10614417493343353,0.5316940546035767,0.4781855344772339,0.11695989221334457,0.5665366053581238,0.5347706079483032,0.03773723170161247,0.5690705180168152,0.5463785529136658,0.08139766752719879,0.542561411857605,0.5470755696296692,0.10019534081220627,0.5213744640350342,0.5379964113235474,0.10685038566589355,0.549372673034668,0.6164987087249756,0.03636302426457405,0.5521968603134155,0.6075332760810852,0.07930852472782135,0.5275794267654419,0.6044325232505798,0.09441905468702316,0.505153238773346,0.5948011875152588,0.09674687683582306,0.525830090045929,0.686086893081665,0.03486746549606323,0.5327044725418091,0.672524094581604,0.07225654274225235,0.5121132135391235,0.6625066995620728,0.08829677104949951,0.49382174015045166,0.6539369821548462,0.09500343352556229
thumbs_up,Left,0.361238569021225,0.5658625960350037,-6.06363892430295e-09,0.3965687155723572,0.4321903586387634,0.017828546464443207,0.45292413234710693,0.3475651144981384,0.026976393535733223,0.4983323812484741,0.2826005816459656,0.03320460021495819,0.5245897173881531,0.22918516397476196,0.04201647639274597,0.567465603351593,0.44900816679000854,0.03840536251664162,0.5830707550048828,0.47562897205352783,0.07638905942440033,0.5561020374298096,0.4846126139163971,0.09976816177368164,0.5327455997467041,0.47585129737854004,0.11028460413217545,0.5673509240150452,0.5369576811790466,0.03383535146713257,0.5714835524559021,0.5465985536575317,0.07595105469226837,0.5448073744773865,0.5459746718406677,0.09423726797103882,0.522982656955719,0.5376096963882446,0.1005932167172432,0.549825131893158,0.6181262731552124,0.03301406279206276,0.5532320141792297,0.6076787710189819,0.07481188327074051,0.5290204286575317,0.6044778823852539,0.08943504840135574,0.5067211985588074,0.5961148738861084,0.09143109619617462,0.5260025262832642,0.6869962215423584,0.03186381980776787,0.532573938369751,0.6723241209983826,0.06851045787334442,0.5119907855987549,0.6623155474662781,0.08415954560041428,0.49365517497062683,0.6546428203582764,0.09055934846401215
thumbs_up,Left,0.36117637157440186,0.5640807151794434,-5.383530954361504e-09,0.3977777361869812,0.4340226650238037,0.017281781882047653,0.4550783932209015,0.34952229261398315,0.02599882148206234,0.5022003054618835,0.28511491417884827,0.03141828998923302,0.5310871005058289,0.2347067892551422,0.03946281969547272,0.5672635436058044,0.4489988088607788,0.03972402587532997,0.5891178846359253,0.47993868589401245,0.07601714879274368,0.5645498037338257,0.4895295798778534,0.09857974946498871,0.5413631200790405,0.47943153977394104,0.10884550958871841,0.5671321749687195,0.5358434915542603,0.03452659398317337,0.576343297958374,0.5519368648529053,0.07543037831783295,0.5506839156150818,0.5500260591506958,0.09300898760557175,0.5283995866775513,0.5388100147247314,0.09924030303955078,0.549555242061615,0.6172865033149719,0.03252211585640907,0.5565285682678223,0.612485408782959,0.07278003543615341,0.5326095223426819,0.6082594990730286,0.08731266856193542,0.5100962519645691,0.5976177453994751,0.08966890722513199,0.5258699059486389,0.6870561838150024,0.0300248172134161,0.5343995094299316,0.6763661503791809,0.06537265330553055,0.5140706896781921,0.6652776002883911,0.08093611150979996,0.4954836368560791,0.6559126377105713,0.08760303258895874
thumbs_up,Left,0.36038434505462646,0.5627807378768921,-5.214801035435812e-09,0.39793622493743896,0.4313194453716278,0.016493067145347595,0.45668599009513855,0.3462636172771454,0.025005361065268517,0.5044757127761841,0.2824300229549408,0.03037283569574356,0.532413125038147,0.22847804427146912,0.038513779640197754,0.567158579826355,0.4489011764526367,0.037958528846502304,0.5865411162376404,0.47599831223487854,0.07416430860757828,0.5602413415908813,0.4862300455570221,0.09720439463853836,0.537351131439209,0.47947102785110474,0.1077001541852951,0.566839337348938,0.5371784567832947,0.03270845115184784,0.57406085729599,0.5484029650688171,0.07306269556283951,0.5475268363952637,0.54657381772995,0.09111034870147705,0.5258888006210327,0.538081169128418,0.09765220433473587,0.5492435097694397,0.6190650463104248,0.03068975917994976,0.5553979277610779,0.6103910207748413,0.07054039090871811,0.5305663347244263,0.6050410270690918,0.08548775315284729,0.5090047717094421,0.5956740975379944,0.08812600374221802,0.5255024433135986,0.6888827085494995,0.028095271438360214,0.5344600081443787,0.6755443811416626,0.06324555724859238,0.5139926671981812,0.6634505391120911,0.0790327787399292,0.49637117981910706,0.6545692086219788,0.08583536744117737
thumbs_up,Left,0.3627359867095947,0.5699138045310974,-4.816802956497668e-09,0.39866530895233154,0.4367077052593231,0.014480739831924438,0.4571807384490967,0.3521649241447449,0.021575214341282845,0.5072639584541321,0.28926992416381836,0.02551599219441414,0.5400983691215515,0.23732125759124756,0.03233346343040466,0.5662903189659119,0.452313631772995,0.03953636810183525,0.5913786888122559,0.48227837681770325,0.07555612921714783,0.5665745735168457,0.49250370264053345,0.09812522679567337,0.5426130294799805,0.4843202531337738,0.1083194836974144,0.566878616809845,0.5392529368400574,0.03501146659255028,0.5763535499572754,0.5533157587051392,0.07655978202819824,0.5500602126121521,0.5522075891494751,0.09378816187381744,0.5276079773902893,0.5428080558776855,0.09957357496023178,0.5502844452857971,0.6204230785369873,0.03320831060409546,0.5558991432189941,0.6122677326202393,0.07415319979190826,0.5324496030807495,0.609122097492218,0.08803647756576538,0.5105127096176147,0.5997467041015625,0.08962556719779968,0.528285026550293,0.6896366477012634,0.030586671084165573,0.5348107814788818,0.6749508380889893,0.06694550067186356,0.5139787793159485,0.6646381616592407,0.08234436810016632,0.4955061078071594,0.6563955545425415,0.08858097344636917
thumbs_up,Left,0.3659399151802063,0.568431556224823,-4.7745354336825585e-09,0.4010173976421356,0.4346707761287689,0.01390716154128313,0.45797276496887207,0.35171106457710266,0.020188843831419945,0.5074355006217957,0.29054024815559387,0.023888148367404938,0.5379045009613037,0.23623326420783997,0.030627846717834473,0.5682147145271301,0.45563656091690063,0.03449390456080437,0.5892333388328552,0.48283061385154724,0.06962455064058304,0.5637470483779907,0.49405497312545776,0.0923304632306099,0.5408048033714294,0.4868456721305847,0.10285298526287079,0.5681137442588806,0.544129490852356,0.03063914179801941,0.5731774568557739,0.554109513759613,0.07138648629188538,0.5464218854904175,0.5532332062721252,0.08968766033649445,0.5246807932853699,0.5446909070014954,0.09619738161563873,0.549939751625061,0.6256152391433716,0.029893210157752037,0.5522557497024536,0.6127544045448303,0.07022278010845184,0.5280911922454834,0.6095080971717834,0.08481777459383011,0.5063287019729614,0.6011205911636353,0.08706074953079224,0.5261173248291016,0.6943185925483704,0.02839254029095173,0.5309247374534607,0.6775420904159546,0.06441473960876465,0.5102998614311218,0.666408896446228,0.07988052070140839,0.4926478862762451,0.6582162976264954,0.08627407252788544
thumbs_up,Left,0.36617690324783325,0.5651074647903442,-4.286863752867021e-09,0.40143659710884094,0.4322994351387024,0.014537892304360867,0.45976224541664124,0.35055869817733765,0.02133055590093136,0.5100677013397217,0.29137223958969116,0.02524554170668125,0.5405349135398865,0.23575234413146973,0.03211178630590439,0.5667375922203064,0.45356249809265137,0.035995446145534515,0.5901620388031006,0.48448896408081055,0.0705936998128891,0.565657377243042,0.49772438406944275,0.09284185618162155,0.5431434512138367,0.4909934103488922,0.10303817689418793,0.5670053362846375,0.5407378673553467,0.03135499358177185,0.573248028755188,0.5552867650985718,0.07214746624231339,0.5469695925712585,0.5551786422729492,0.09009116142988205,0.5251829624176025,0.5455846190452576,0.09617361426353455,0.5489959716796875,0.6221311092376709,0.02954551950097084,0.5511259436607361,0.6126511096954346,0.06956019997596741,0.5269094705581665,0.6099615693092346,0.08369216322898865,0.5054718852043152,0.6000758409500122,0.08556196093559265,0.5254589915275574,0.6916226744651794,0.026974176988005638,0.5298188924789429,0.6771773099899292,0.06271185725927353,0.5088303089141846,0.6666558384895325,0.07781090587377548,0.49111461639404297,0.657742977142334,0.08388269692659378
thumbs_up,Left,0.36508607864379883,0.5671886801719666,-4.333881697959896e-09,0.3996059000492096,0.4348698854446411,0.012147786095738411,0.4582553505897522,0.353519469499588,0.01789369247853756,0.5088617205619812,0.29384440183639526,0.021337592974305153,0.5394818782806396,0.23738589882850647,0.027701739221811295,0.5676058530807495,0.4556983411312103,0.03322727978229523,0.5881619453430176,0.48540884256362915,0.06712483614683151,0.562761127948761,0.4988035261631012,0.0886097252368927,0.5403606295585632,0.49096429347991943,0.0983276516199112,0.5676544308662415,0.5435870289802551,0.029855571687221527,0.5697077512741089,0.5561758875846863,0.07028663158416748,0.5424254536628723,0.556336522102356,0.08780205994844437,0.521125316619873,0.5462297797203064,0.09346465766429901,0.5491387844085693,0.6247427463531494,0.029255855828523636,0.5480313897132874,0.6135218739509583,0.0689450353384018,0.5238897800445557,0.610781729221344,0.08226554840803146,0.5029557347297668,0.6005077958106995,0.08347992599010468,0.5249555706977844,0.6933148503303528,0.027720648795366287,0.5260573029518127,0.6782894134521484,0.0631684884428978,0.5051339268684387,0.6669987440109253,0.07758884131908417,0.48797160387039185,0.657279908657074,0.08310119807720184
thumbs_up,Left,0.36403948068618774,0.5696010589599609,-4.656090180077399e-09,0.3963317573070526,0.43576809763908386,0.012238169088959694,0.4545215368270874,0.35431939363479614,0.018672754988074303,0.5054295659065247,0.29665350914001465,0.022980501875281334,0.5360326766967773,0.24012374877929688,0.03022504597902298,0.5665326118469238,0.4560522735118866,0.034360434859991074,0.5859129428863525,0.48589470982551575,0.0694679468870163,0.5608882904052734,0.4993502199649811,0.09171853959560394,0.5389489531517029,0.4916873276233673,0.10189972072839737,0.5668817162513733,0.5439431071281433,0.03154288977384567,0.5673686861991882,0.5567291378974915,0.07310671359300613,0.5400658845901489,0.556396484375,0.09143337607383728,0.5189478993415833,0.5463095903396606,0.09771048277616501,0.5479956865310669,0.6253219842910767,0.031522855162620544,0.5452651977539062,0.6133204698562622,0.07193569093942642,0.520930290222168,0.6101207733154297,0.08568207174539566,0.5001391768455505,0.5999270677566528,0.08729401975870132,0.5232786536216736,0.6943483352661133,0.03060000389814377,0.5229721069335938,0.678805947303772,0.06638432294130325,0.501985490322113,0.6673542857170105,0.08087199181318283,0.48519131541252136,0.6580320000648499,0.08657591789960861
thumbs_up,Left,0.3627346158027649,0.5679349899291992,-4.3291299434145e-09,0.39618024230003357,0.43675482273101807,0.012974106706678867,0.45496904850006104,0.3548814058303833,0.01968570426106453,0.5061771869659424,0.29693853855133057,0.023799844086170197,0.5370824933052063,0.2430131435394287,0.030772121623158455,0.5641409158706665,0.4542200565338135,0.035230640321969986,0.5855072736740112,0.48764514923095703,0.06935590505599976,0.5607630610466003,0.5023131966590881,0.09086952358484268,0.5381476879119873,0.49516561627388,0.1004548966884613,0.5653370022773743,0.5414413809776306,0.031032029539346695,0.5674310922622681,0.5587320327758789,0.07164592295885086,0.5404013395309448,0.5592238306999207,0.08883225917816162,0.51927250623703,0.5487991571426392,0.0941149964928627,0.5478111505508423,0.6236053109169006,0.029468514025211334,0.546164870262146,0.6161090135574341,0.06893778592348099,0.5220693945884705,0.613274335861206,0.08193742483854294,0.5016656517982483,0.6024629473686218,0.082831472158432,0.5244532823562622,0.6939945816993713,0.02699405327439308,0.5250522494316101,0.6812865138053894,0.061904776841402054,0.5038182139396667,0.6704903244972229,0.07594849169254303,0.48682811856269836,0.6609818339347839,0.08118120580911636
thumbs_up,Left,0.36050570011138916,0.5685834884643555,-4.134257380883355e-09,0.39583462476730347,0.4372633993625641,0.01271056942641735,0.45581963658332825,0.3556256890296936,0.018793359398841858,0.5073266625404358,0.2968924343585968,0.022048890590667725,0.5392293930053711,0.24115416407585144,0.028126688674092293,0.5630066990852356,0.45325732231140137,0.03452293574810028,0.5876213312149048,0.48388034105300903,0.06741829961538315,0.5634579658508301,0.4997621178627014,0.08812583982944489,0.5408673286437988,0.49490460753440857,0.09719762951135635,0.5644024610519409,0.5406460165977478,0.029816554859280586,0.5693522691726685,0.5562282800674438,0.0691797137260437,0.5420451760292053,0.5573021173477173,0.08554551005363464,0.520627498626709,0.5479751229286194,0.0903390422463417,0.5475740432739258,0.6229393482208252,0.027611486613750458,0.5483009219169617,0.6144193410873413,0.06599278748035431,0.5238972306251526,0.611830472946167,0.07867304235696793,0.5030962824821472,0.6017980575561523,0.07937615364789963,0.5248165130615234,0.6937129497528076,0.024436917155981064,0.5270187854766846,0.679585337638855,0.05864698812365532,0.5052762031555176,0.6686658263206482,0.07273704558610916,0.4874442219734192,0.6593820452690125,0.07800831645727158
thumbs_up,Left,0.3607662320137024,0.5678926706314087,-4.148661414404842e-09,0.39717912673950195,0.4348025918006897,0.0106548136100173,0.45823270082473755,0.3532187342643738,0.01582655869424343,0.5109882354736328,0.2942293882369995,0.018552374094724655,0.54371178150177,0.23762363195419312,0.024282783269882202,0.565080463886261,0.45298901200294495,0.032913777977228165,0.5887555480003357,0.4839908480644226,0.06551806628704071,0.5635356307029724,0.4993014633655548,0.08601288497447968,0.5400062799453735,0.4935632348060608,0.09497465193271637,0.5668675303459167,0.5414561629295349,0.02911742590367794,0.5699975490570068,0.5561578273773193,0.06804953515529633,0.5416383147239685,0.5570504069328308,0.08388792723417282,0.5197224020957947,0.5477781295776367,0.08834662288427353,0.5504462718963623,0.624170184135437,0.027729768306016922,0.5477831959724426,0.6151371598243713,0.06615456193685532,0.5233493447303772,0.6123146414756775,0.07790985703468323,0.5029287934303284,0.6021193265914917,0.07793255895376205,0.5281090140342712,0.6945682764053345,0.025190580636262894,0.5263345837593079,0.6807794570922852,0.06023496389389038,0.5043753385543823,0.6696520447731018,0.07379860430955887,0.4872189462184906,0.6599663496017456,0.07849565148353577
thumbs_up,Left,0.3612949252128601,0.5717531442642212,-3.3763118967300443e-09,0.3975297808647156,0.4378594756126404,0.014503000304102898,0.4560391306877136,0.3568842113018036,0.020953528583049774,0.5076799392700195,0.29894858598709106,0.024556005373597145,0.5390526652336121,0.24552702903747559,0.031216751784086227,0.5611200928688049,0.4602213203907013,0.0351814404129982,0.5870431065559387,0.4920477569103241,0.06885101646184921,0.563111424446106,0.5043085217475891,0.09098999202251434,0.5402301549911499,0.49611932039260864,0.10139276087284088,0.5614521503448486,0.5482640266418457,0.030522426590323448,0.5678335428237915,0.5627903342247009,0.07133716344833374,0.541069507598877,0.5613492727279663,0.08951295912265778,0.5192778706550598,0.5508257746696472,0.09563907980918884,0.543612003326416,0.6302624940872192,0.028655746951699257,0.5446342825889587,0.6187015175819397,0.0685788244009018,0.5211576819419861,0.6156982183456421,0.08246413618326187,0.5001007318496704,0.6057232618331909,0.08411674201488495,0.5206929445266724,0.6994634866714478,0.02600722573697567,0.5226176381111145,0.6826314926147461,0.062064748257398605,0.5015048980712891,0.671950101852417,0.0770210325717926,0.48374152183532715,0.6635262966156006,0.0828891396522522
thumbs_up,Left,0.35714417695999146,0.5683555603027344,-3.973181783578639e-09,0.393051415681839,0.438541442155838,0.012765636667609215,0.4526834785938263,0.3594852387905121,0.01854291372001171,0.5044088363647461,0.3025556802749634,0.02172658033668995,0.5360958576202393,0.24657103419303894,0.027852896600961685,0.5601130723953247,0.458027720451355,0.0336957611143589,0.5831493735313416,0.48976948857307434,0.06680041551589966,0.5588479042053223,0.5038850903511047,0.0882701724767685,0.5368650555610657,0.49661746621131897,0.09809642285108566,0.5603895783424377,0.5449603796005249,0.029414717108011246,0.5664786100387573,0.5589693188667297,0.06885584443807602,0.5393556356430054,0.559061586856842,0.08642160147428513,0.5177949070930481,0.5489433407783508,0.09229674190282822,0.5425164699554443,0.6263291239738464,0.02779376693069935,0.5450477600097656,0.6159188747406006,0.06605789065361023,0.5201433897018433,0.6131388545036316,0.0799434706568718,0.4987589120864868,0.6024113297462463,0.08185004442930222,0.5190196633338928,0.69583660364151,0.02526099607348442,0.5233792066574097,0.6806188821792603,0.05972685292363167,0.50124192237854,0.6691722869873047,0.0746874213218689,0.48255687952041626,0.6592744588851929,0.08076366037130356
thumbs_up,Left,0.35231155157089233,0.5706877112388611,-4.078652526828819e-09,0.3891809582710266,0.4394569993019104,0.013889358378946781,0.4500499665737152,0.36037832498550415,0.02050681971013546,0.5021792054176331,0.30359363555908203,0.024193571880459785,0.5336479544639587,0.248617023229599,0.03079172410070896,0.5575656890869141,0.45794475078582764,0.035317178815603256,0.5825254917144775,0.49232107400894165,0.06894008070230484,0.557407796382904,0.5063642859458923,0.09052957594394684,0.5339478254318237,0.498350590467453,0.10024476796388626,0.558308482170105,0.5453360080718994,0.030246546491980553,0.566094696521759,0.5626674294471741,0.07001203298568726,0.5384529232978821,0.5635636448860168,0.08697774261236191,0.5162826776504517,0.5530496835708618,0.09226428717374802,0.5411084890365601,0.6277450919151306,0.027886008843779564,0.5435998439788818,0.6202505826950073,0.06682633608579636,0.518490731716156,0.6186771392822266,0.08013898134231567,0.4970361590385437,0.608406662940979,0.08132656663656235,0.5181598663330078,0.6984479427337646,0.02466692589223385,0.5219317674636841,0.6849428415298462,0.05966824293136597,0.4997141361236572,0.674465000629425,0.0742560625076294,0.481361985206604,0.6648871302604675,0.07984025776386261
thumbs_up,Left,0.3536582589149475,0.5697320103645325,-4.711259826706282e-09,0.39177507162094116,0.43876487016677856,0.01407698169350624,0.4518197178840637,0.3613468110561371,0.020845046266913414,0.5030575394630432,0.30592846870422363,0.025022735819220543,0.5335981249809265,0.25124263763427734,0.03220764920115471,0.5601889491081238,0.45953094959259033,0.03351910412311554,0.5816864967346191,0.49045300483703613,0.06762681156396866,0.5555604100227356,0.502977192401886,0.08973830938339233,0.5322425961494446,0.49565964937210083,0.09978531301021576,0.560538649559021,0.54767245054245,0.02886063978075981,0.5667795538902283,0.5598881840705872,0.06820698082447052,0.5390350818634033,0.5599276423454285,0.08567782491445541,0.51706463098526,0.5511505603790283,0.09140656888484955,0.5427535772323608,0.6299768686294556,0.027280054986476898,0.5441982746124268,0.619309663772583,0.0660690888762474,0.5189379453659058,0.6166785359382629,0.07977008819580078,0.49736112356185913,0.6075608134269714,0.08132075518369675,0.5187638401985168,0.7000715732574463,0.024976719170808792,0.5208977460861206,0.684158205986023,0.06017238274216652,0.4991944432258606,0.6731507778167725,0.07497850060462952,0.4814818501472473,0.6646822690963745,0.08071767538785934
thumbs_up,Left,0.3510826826095581,0.5745553374290466,-4.065324077373589e-09,0.3882933557033539,0.4434070885181427,0.014635263942182064,0.4483904540538788,0.3649608790874481,0.021558409556746483,0.5000102519989014,0.3079005479812622,0.025597192347049713,0.5313176512718201,0.2517812252044678,0.03272649273276329,0.5531638264656067,0.461384117603302,0.03550660237669945,0.5801464915275574,0.4923678934574127,0.07009974122047424,0.5560170412063599,0.5062934756278992,0.09348507970571518,0.5330950617790222,0.5017934441566467,0.10466357320547104,0.5534312129020691,0.5491114854812622,0.030821671709418297,0.5658915042877197,0.5617668032646179,0.07133523374795914,0.5393929481506348,0.5622318983078003,0.09035319089889526,0.5168787837028503,0.5546218156814575,0.09750483930110931,0.5360620021820068,0.6309942007064819,0.028991518542170525,0.544131875038147,0.6215068101882935,0.06822498142719269,0.5194545388221741,0.6186935901641846,0.08346861600875854,0.49756231904029846,0.6096369028091431,0.08646644651889801,0.5130202770233154,0.7010819911956787,0.02646423503756523,0.5217066407203674,0.6857181787490845,0.061799343675374985,0.5000998377799988,0.674812912940979,0.07788554579019547,0.4811798930168152,0.6664090752601624,0.08486054092645645
thumbs_up,Left,0.3534720242023468,0.5726797580718994,-4.087999716517743e-09,0.3902980089187622,0.43849673867225647,0.011679713614284992,0.4513205885887146,0.3583734631538391,0.017538320273160934,0.5042533278465271,0.3017346262931824,0.021046167239546776,0.5373947024345398,0.24806872010231018,0.027713941410183907,0.5577033162117004,0.4602498710155487,0.03438012674450874,0.5806177854537964,0.494017094373703,0.06831177324056625,0.5541946291923523,0.5063197612762451,0.0899583101272583,0.5305834412574768,0.4982143044471741,0.09971435368061066,0.5583824515342712,0.5487107038497925,0.030932508409023285,0.5620894432067871,0.5630285739898682,0.07065430283546448,0.5329375267028809,0.5626572370529175,0.08722460269927979,0.5102318525314331,0.5530575513839722,0.09238668531179428,0.5406713485717773,0.6306400895118713,0.030162567272782326,0.5395233631134033,0.6206048130989075,0.06897605210542679,0.5142825841903687,0.6167051792144775,0.08106803148984909,0.4929434657096863,0.6055232882499695,0.08163195103406906,0.5172766447067261,0.7000207901000977,0.028523702174425125,0.5162492394447327,0.6842744946479797,0.06415645033121109,0.4939241111278534,0.6727713346481323,0.07816595584154129,0.4763645529747009,0.6627522706985474,0.08328362554311752
thumbs_up,Left,0.35235488414764404,0.5703263282775879,-3.548904725647617e-09,0.3898262679576874,0.438870906829834,0.014762519858777523,0.45179057121276855,0.3607519268989563,0.021785777062177658,0.5049322247505188,0.3062472939491272,0.02569611929357052,0.5371848344802856,0.2508753538131714,0.032614778727293015,0.555724561214447,0.4585117995738983,0.03608642518520355,0.5841051936149597,0.49593397974967957,0.06922689825296402,0.5597344040870667,0.5097250938415527,0.09102639555931091,0.5361695289611816,0.5023006200790405,0.10112635791301727,0.5569329261779785,0.5456337928771973,0.030607210472226143,0.5672812461853027,0.5656849145889282,0.07015927881002426,0.539650022983551,0.5658146142959595,0.08741827309131622,0.5165846347808838,0.5552614331245422,0.0930693969130516,0.5400564670562744,0.6275588274002075,0.02776099555194378,0.5439738631248474,0.6221460700035095,0.0662001296877861,0.5191479325294495,0.6197715997695923,0.07954953610897064,0.4972230792045593,0.6089802384376526,0.08099755644798279,0.5173735618591309,0.6978944540023804,0.024152236059308052,0.5202590227127075,0.6839629411697388,0.05926162004470825,0.49785906076431274,0.672843873500824,0.07400619983673096,0.47929951548576355,0.6628404259681702,0.07975409924983978
thumbs_up,Left,0.35120752453804016,0.5723931789398193,-4.096480932247459e-09,0.3903934359550476,0.4403993487358093,0.015238733030855656,0.45268064737319946,0.3623928725719452,0.022243358194828033,0.5066835880279541,0.3070010542869568,0.026240797713398933,0.5396678447723389,0.2511211633682251,0.0335262194275856,0.557398796081543,0.4658881425857544,0.03821849450469017,0.5834388136863708,0.4966321289539337,0.07304621487855911,0.5598455667495728,0.508941113948822,0.09648627787828445,0.537394642829895,0.5021953582763672,0.10796411335468292,0.5568000078201294,0.5534137487411499,0.033584512770175934,0.5666694045066833,0.5667876601219177,0.07502447068691254,0.5398237109184265,0.5650989413261414,0.09474895894527435,0.5173409581184387,0.5548529028892517,0.10253477841615677,0.5377459526062012,0.6342259049415588,0.03161739557981491,0.5431570410728455,0.6235389113426208,0.07197463512420654,0.5184639692306519,0.6191404461860657,0.08804318308830261,0.4964596927165985,0.6080459952354431,0.09166523814201355,0.5134330987930298,0.7024399638175964,0.0288699958473444,0.5187341570854187,0.6867246031761169,0.06593034416437149,0.4966825246810913,0.674017608165741,0.08287452161312103,0.47792795300483704,0.6635721921920776,0.09044941514730453
thumbs_up,Left,0.35068991780281067,0.564585268497467,-3.831520434260938e-09,0.39050203561782837,0.4346894323825836,0.012648415751755238,0.4514247477054596,0.35736533999443054,0.017967266961932182,0.5034635663032532,0.3034014105796814,0.02058170922100544,0.5370528697967529,0.25189831852912903,0.026089603081345558,0.5580525398254395,0.4596196711063385,0.03269899636507034,0.5801118016242981,0.4955498278141022,0.0653398260474205,0.5546184778213501,0.5092819929122925,0.08645131438970566,0.5324190258979797,0.5022117495536804,0.09592843800783157,0.5572640895843506,0.5472269654273987,0.027947038412094116,0.5639998912811279,0.5646188855171204,0.0660632997751236,0.5358205437660217,0.5636956095695496,0.08313795179128647,0.5139527320861816,0.5535055994987488,0.08878973126411438,0.5384460687637329,0.6286659240722656,0.025946417823433876,0.5413081049919128,0.6228431463241577,0.0635603666305542,0.5162914991378784,0.6175941228866577,0.07731051743030548,0.4957815706729889,0.6051991581916809,0.07904181629419327,0.5136556625366211,0.6978678107261658,0.0230522770434618,0.5152509212493896,0.6854488253593445,0.057689134031534195,0.4934309422969818,0.6724029779434204,0.07273908704519272,0.4762774407863617,0.6612727642059326,0.07871950417757034
thumbs_up,Left,0.3516821563243866,0.5651044845581055,-4.4350088046485325e-09,0.3901166021823883,0.43484020233154297,0.014458732679486275,0.45049118995666504,0.3591565489768982,0.021099360659718513,0.5020247101783752,0.3055686056613922,0.025129789486527443,0.5336208343505859,0.25050798058509827,0.03209156170487404,0.5575641989707947,0.4599682688713074,0.03359460085630417,0.5777604579925537,0.4952807128429413,0.06745625287294388,0.5516051054000854,0.507422924041748,0.08945764601230621,0.5292781591415405,0.49848631024360657,0.09949440509080887,0.5566784143447876,0.5480893850326538,0.028880495578050613,0.5623005628585815,0.5635862946510315,0.06839355826377869,0.534452497959137,0.5628802180290222,0.08637437969446182,0.5126433968544006,0.5524441599845886,0.09240639209747314,0.5374132394790649,0.629798412322998,0.027235668152570724,0.5394693613052368,0.6211843490600586,0.06591823697090149,0.5141344666481018,0.6180048584938049,0.08019468188285828,0.4928003251552582,0.6070793867111206,0.08218216150999069,0.5121690034866333,0.6987135410308838,0.024906903505325317,0.5141849517822266,0.6831896305084229,0.060063254088163376,0.4920908510684967,0.6715391874313354,0.07526353746652603,0.47450199723243713,0.6619884967803955,0.08132313191890717
thumbs_up,Left,0.3528234660625458,0.5690505504608154,-3.9586991462670085e-09,0.39001646637916565,0.43809574842453003,0.011039303615689278,0.45207223296165466,0.3601859211921692,0.01647990755736828,0.5049883723258972,0.3053652048110962,0.019343556836247444,0.5375617742538452,0.2504194378852844,0.025115638971328735,0.5565871000289917,0.45737239718437195,0.032651983201503754,0.5824441909790039,0.4963998794555664,0.06455442309379578,0.5572941303253174,0.5087231993675232,0.08496943861246109,0.5342807769775391,0.4995264410972595,0.0939754843711853,0.556928813457489,0.5454161763191223,0.028406651690602303,0.5640025734901428,0.5651394724845886,0.0663384348154068,0.5356364250183105,0.564700722694397,0.08195382356643677,0.513323187828064,0.5539941787719727,0.08646406978368759,0.5393751263618469,0.6277153491973877,0.0265798382461071,0.5413301587104797,0.6216534376144409,0.06334377825260162,0.5164861083030701,0.61860191822052,0.07512801885604858,0.4954630732536316,0.6073880195617676,0.07560388743877411,0.5160953402519226,0.698347806930542,0.023746997117996216,0.5177642703056335,0.6836371421813965,0.05750773102045059,0.49557188153266907,0.6730802059173584,0.07120028883218765,0.47771546244621277,0.6638221144676208,0.07620595395565033
thumbs_up,Left,0.3486037254333496,0.5730211734771729,-4.294935518345255e-09,0.38738930225372314,0.442076712846756,0.014997712336480618,0.44784054160118103,0.3646845817565918,0.02158992737531662,0.5002996325492859,0.3096662163734436,0.025375420227646828,0.5331918001174927,0.256106972694397,0.0322609469294548,0.5532343983650208,0.4641030430793762,0.03387664631009102,0.5804600715637207,0.49847647547721863,0.06787610054016113,0.5555420517921448,0.5101856589317322,0.09097920358181,0.5320876240730286,0.5024738907814026,0.10199090838432312,0.5521872639656067,0.5516775250434875,0.028949515894055367,0.5652264356613159,0.5668562054634094,0.06851479411125183,0.5382373929023743,0.5659386515617371,0.0871574804186821,0.5151785612106323,0.5561224222183228,0.09404715150594711,0.5335083603858948,0.6332026124000549,0.027102932333946228,0.5416584610939026,0.6243715882301331,0.06574659049510956,0.5166809558868408,0.6215544939041138,0.08073315769433975,0.49409130215644836,0.611404299736023,0.0835459977388382,0.509200930595398,0.7027407884597778,0.024690039455890656,0.5173286199569702,0.6863885521888733,0.059791840612888336,0.4952292740345001,0.6753376126289368,0.07571566104888916,0.47579100728034973,0.6663538813591003,0.0825241431593895
thumbs_up,Left,0.3527001738548279,0.5667147040367126,-4.1977514797508775e-09,0.3902416229248047,0.4346127212047577,0.012124752625823021,0.4497590661048889,0.35505810379981995,0.016943467780947685,0.5012717247009277,0.2977569103240967,0.019171738997101784,0.534584641456604,0.24311202764511108,0.024413518607616425,0.557297945022583,0.45566627383232117,0.03096788004040718,0.5836011171340942,0.4910806715488434,0.06350711733102798,0.5572656393051147,0.5024613738059998,0.08494565635919571,0.5328224301338196,0.49417442083358765,0.09455586224794388,0.557266116142273,0.54411381483078,0.026323635131120682,0.5656147599220276,0.5598887801170349,0.06375405192375183,0.536861777305603,0.5591555237770081,0.08029447495937347,0.5140447616577148,0.5498491525650024,0.08569654822349548,0.5397379398345947,0.6265731453895569,0.024612214416265488,0.5429601073265076,0.6185476779937744,0.06175712123513222,0.5179409384727478,0.6150220632553101,0.07492689043283463,0.4968825876712799,0.6042677164077759,0.07634492218494415,0.5165319442749023,0.6964874267578125,0.02205250971019268,0.5194658637046814,0.6815444827079773,0.05647642910480499,0.49732497334480286,0.6708345413208008,0.07119568437337875,0.47939422726631165,0.6617462635040283,0.0769452452659607
thumbs_up,Left,0.3514570891857147,0.5792165994644165,-2.912330154813958e-09,0.38411933183670044,0.4378844201564789,0.020132437348365784,0.4388943016529083,0.3496432602405548,0.027318546548485756,0.4854882061481476,0.27907541394233704,0.0315118208527565,0.5161353349685669,0.21884748339653015,0.03923731669783592,0.5439524054527283,0.4461875259876251,0.029791302978992462,0.5919547080993652,0.46748748421669006,0.06578937917947769,0.5665149092674255,0.47819772362709045,0.09526623040437698,0.5360776782035828,0.48142093420028687,0.11122479289770126,0.5450058579444885,0.5375509858131409,0.024462789297103882,0.574944019317627,0.5449813604354858,0.0644034817814827,0.5475415587425232,0.5418386459350586,0.08916063606739044,0.5197793245315552,0.5387198328971863,0.1018870547413826,0.5307579636573792,0.6216983199119568,0.02340509556233883,0.5544003844261169,0.6103875637054443,0.06305033713579178,0.5314062237739563,0.603967010974884,0.08344217389822006,0.5073385834693909,0.5963773727416992,0.09101972728967667,0.512279748916626,0.6925768256187439,0.022667232900857925,0.5307491421699524,0.6692371964454651,0.059597197920084,0.5088565349578857,0.6599050760269165,0.07957198470830917,0.48709845542907715,0.6567140817642212,0.09004826843738556
thumbs_up,Left,0.35006630420684814,0.6156928539276123,-4.8204080727032306e-09,0.3820035755634308,0.47122395038604736,0.003887029131874442,0.4303138554096222,0.37417805194854736,-0.004030872602015734,0.4678576588630676,0.2847484350204468,-0.009532173164188862,0.4883352220058441,0.209671288728714,-0.010771873407065868,0.5306816697120667,0.4863744080066681,-0.034445855766534805,0.6050912737846375,0.4839356243610382,-0.011870011687278748,0.5767087340354919,0.47005578875541687,0.021622641012072563,0.539272665977478,0.474592387676239,0.0431642085313797,0.5316664576530457,0.5824908018112183,-0.032878294587135315,0.5943900942802429,0.5631542205810547,-0.008890120312571526,0.5685549378395081,0.5409039258956909,0.025601495057344437,0.5372636318206787,0.5456860065460205,0.04820197448134422,0.5200902223587036,0.6650454998016357,-0.024837395176291466,0.5733387470245361,0.6337900161743164,0.004379878751933575,0.5535085201263428,0.6141154170036316,0.035261742770671844,0.5273609161376953,0.6181747317314148,0.05236003175377846,0.5048435926437378,0.7282578945159912,-0.016897618770599365,0.5444895625114441,0.6929745674133301,0.013616759330034256,0.5270694494247437,0.673319935798645,0.03834790363907814,0.5054084062576294,0.6775050759315491,0.054082490503787994
thumbs_up,Left,0.347511351108551,0.6133289933204651,-3.6002252290501247e-09,0.3835388422012329,0.4710328280925751,0.009839588776230812,0.43098580837249756,0.37894490361213684,0.0045053088106215,0.466849684715271,0.29131650924682617,0.0007463740184903145,0.483338862657547,0.21779492497444153,0.0013168043224141002,0.5306240916252136,0.4902474582195282,-0.03047742322087288,0.6048149466514587,0.4824232757091522,-0.005018101539462805,0.5712888240814209,0.4692886173725128,0.030013978481292725,0.5331316590309143,0.476643443107605,0.05175859108567238,0.5315574407577515,0.58608078956604,-0.03148072585463524,0.5974592566490173,0.5608652234077454,-0.007436313666403294,0.5704491138458252,0.5388348698616028,0.026625117287039757,0.5383300185203552,0.5463352799415588,0.04855092987418175,0.5206851959228516,0.6673640012741089,-0.024831414222717285,0.5773531794548035,0.6319225430488586,0.006184056866914034,0.5545207858085632,0.6100284457206726,0.03745172172784805,0.5267196893692017,0.6158527731895447,0.05417352914810181,0.5053449869155884,0.7287354469299316,-0.017741136252880096,0.5479750037193298,0.6904720067977905,0.014858737587928772,0.529072642326355,0.668346643447876,0.040099307894706726,0.5069051384925842,0.672316312789917,0.055529627948999405
thumbs_up,Left,0.34312981367111206,0.6151177287101746,-3.0809781392804325e-09,0.3796765208244324,0.4724051058292389,0.008675763383507729,0.42821645736694336,0.3797011971473694,0.0031122048385441303,0.46562325954437256,0.29157453775405884,-0.0005060812691226602,0.4842729866504669,0.21871590614318848,0.00034334600786678493,0.5276535153388977,0.48935630917549133,-0.031360697001218796,0.6042203903198242,0.48607292771339417,-0.005639233626425266,0.5716206431388855,0.47458022832870483,0.03002769686281681,0.5319657325744629,0.48147931694984436,0.052370600402355194,0.5278044939041138,0.5855728387832642,-0.031135279685258865,0.5946003198623657,0.5653620362281799,-0.006221727468073368,0.5675147175788879,0.5446992516517639,0.028531089425086975,0.5339444279670715,0.5508072972297668,0.05091567710042,0.5160219669342041,0.6667744517326355,-0.023337824270129204,0.572208821773529,0.6364721655845642,0.008107546716928482,0.550134539604187,0.6147470474243164,0.039054762572050095,0.5221791863441467,0.6179537177085876,0.05562997981905937,0.50003981590271,0.7275969982147217,-0.015155903995037079,0.5410537123680115,0.6915280222892761,0.017766771838068962,0.5224171876907349,0.6703377962112427,0.04274305701255798,0.4999573528766632,0.6733594536781311,0.05807631462812424
thumbs_up,Left,0.3431303799152374,0.6112185120582581,-2.675188071066259e-09,0.3821476995944977,0.4690515100955963,0.00855574756860733,0.4343985617160797,0.37400609254837036,0.0015115495771169662,0.4735092222690582,0.28591954708099365,-0.004751189146190882,0.49382418394088745,0.21089449524879456,-0.006971889641135931,0.525678813457489,0.48128417134284973,-0.0313173346221447,0.6060121059417725,0.48059719800949097,-0.00976441241800785,0.5746186375617981,0.46906083822250366,0.023562656715512276,0.5350003242492676,0.474470853805542,0.04462869092822075,0.5259529948234558,0.5783097743988037,-0.03432166948914528,0.5975468158721924,0.5612651705741882,-0.012793350964784622,0.5701041221618652,0.5431341528892517,0.01992257870733738,0.5356804132461548,0.550448477268219,0.041102178394794464,0.5153669714927673,0.6621459722518921,-0.030458899214863777,0.5752437114715576,0.6344209313392639,-0.0024060315918177366,0.5519232749938965,0.6141389608383179,0.02796795964241028,0.5228824615478516,0.617366373538971,0.04435165971517563,0.5010700225830078,0.7262473702430725,-0.026526717469096184,0.5435166954994202,0.6903048753738403,0.004040377680212259,0.5229471325874329,0.6699994206428528,0.028966862708330154,0.4987553656101227,0.6740902066230774,0.04439733549952507
thumbs_up,Left,0.34205448627471924,0.6123196482658386,-2.4164832357342902e-09,0.3803207278251648,0.4704040586948395,0.010901696979999542,0.4333311915397644,0.37599262595176697,0.00543544627726078,0.4742981791496277,0.28775453567504883,0.0009523179032839835,0.4966488182544708,0.21064308285713196,0.0006493222317658365,0.5245069265365601,0.4823746681213379,-0.029312582686543465,0.604564905166626,0.48647192120552063,-0.005955468863248825,0.5735771656036377,0.47286513447761536,0.02929106168448925,0.5343215465545654,0.4750470519065857,0.051808737218379974,0.524495542049408,0.5785922408103943,-0.03213752433657646,0.5961446166038513,0.5645211935043335,-0.008414886891841888,0.5690092444419861,0.5433709621429443,0.027009231969714165,0.5350096821784973,0.546713650226593,0.0500510074198246,0.5130700469017029,0.6621705293655396,-0.02783496491611004,0.5740227699279785,0.6362521648406982,0.0016312397783622146,0.5512382984161377,0.6145185232162476,0.0341973714530468,0.5223706364631653,0.6153200268745422,0.05224941670894623,0.4978131353855133,0.7256225943565369,-0.023153750225901604,0.541823148727417,0.6926071047782898,0.008187406696379185,0.5219565629959106,0.6712946891784668,0.03441205248236656,0.4982188642024994,0.6725428104400635,0.05104247108101845
thumbs_up,Left,0.3412781357765198,0.6154386401176453,-2.5062880659731945e-09,0.3792402148246765,0.47195395827293396,0.008803771808743477,0.4377046823501587,0.3785746097564697,0.003611485008150339,0.4905238151550293,0.3067052364349365,-0.000469988735858351,0.5261154174804688,0.2405933141708374,-0.000626652967184782,0.52008455991745,0.47573304176330566,-0.03142658993601799,0.6026514172554016,0.4808151125907898,-0.010471993125975132,0.5714030861854553,0.4716416597366333,0.02399558201432228,0.5324748158454895,0.4747920632362366,0.045936260372400284,0.5210189819335938,0.572754979133606,-0.035150181502103806,0.5957746505737305,0.5600265860557556,-0.015581708401441574,0.5673279762268066,0.5420383810997009,0.01778588443994522,0.5326061248779297,0.5465875267982483,0.03995134308934212,0.5116798877716064,0.6573430299758911,-0.03204384446144104,0.5751386284828186,0.6340311169624329,-0.007801919709891081,0.5518161058425903,0.6136327385902405,0.023354634642601013,0.5228462219238281,0.6148679852485657,0.041200682520866394,0.498349130153656,0.7230978012084961,-0.028544334694743156,0.5442493557929993,0.6901473999023438,-0.001753398566506803,0.5239742398262024,0.6697530150413513,0.023172583431005478,0.4996940791606903,0.6713241338729858,0.03939113765954971
thumbs_up,Left,0.3413405120372772,0.6116746664047241,-3.3058902282334657e-09,0.37976861000061035,0.4705638289451599,0.006874484475702047,0.44395753741264343,0.3796047568321228,0.003812226001173258,0.5065762996673584,0.3204258978366852,0.0023323444183915854,0.5525456666946411,0.27261561155319214,0.005084022879600525,0.5222309827804565,0.4748411178588867,-0.024918369948863983,0.6034848093986511,0.47927379608154297,-0.002196051413193345,0.5727920532226562,0.46992847323417664,0.03321385383605957,0.5359770655632019,0.4722188115119934,0.05577753856778145,0.5218844413757324,0.5690799951553345,-0.027532557025551796,0.5942089557647705,0.5563302040100098,-0.006946738343685865,0.563930869102478,0.5368940234184265,0.026080887764692307,0.5289269685745239,0.5404310822486877,0.04849142208695412,0.5103407502174377,0.651726484298706,-0.02410975657403469,0.5726732611656189,0.6295430660247803,-0.0012642669025808573,0.548395574092865,0.607796847820282,0.02833295613527298,0.5195491909980774,0.6088243722915649,0.04606332629919052,0.4946327805519104,0.7188231348991394,-0.020169032737612724,0.5424525737762451,0.6887893676757812,0.004172737710177898,0.5224179029464722,0.668132483959198,0.027786806225776672,0.4977443218231201,0.669620931148529,0.043845344334840775
thumbs_up,Left,0.34056657552719116,0.6138215661048889,-2.313494729122567e-09,0.3809460401535034,0.47203195095062256,0.007125605829060078,0.44877365231513977,0.38346922397613525,0.005212247837334871,0.5156093835830688,0.3328990340232849,0.005034770350903273,0.5642746686935425,0.2909286916255951,0.009215928614139557,0.5223300457000732,0.47864699363708496,-0.022847719490528107,0.6031138896942139,0.48623085021972656,0.0007245082524605095,0.5737587809562683,0.47442948818206787,0.03640579432249069,0.5385467410087585,0.47264111042022705,0.05926434323191643,0.521335780620575,0.5735859274864197,-0.024836955592036247,0.5928333401679993,0.5609344840049744,-0.002506617922335863,0.5645667314529419,0.53941410779953,0.030989982187747955,0.5302286148071289,0.5410882234573364,0.053402677178382874,0.5090646147727966,0.655032753944397,-0.02086053602397442,0.5705497860908508,0.6322563290596008,0.003284446895122528,0.5478517413139343,0.608822226524353,0.03303628787398338,0.5194060802459717,0.6080422401428223,0.050771716982126236,0.4928174912929535,0.7207248210906982,-0.016295023262500763,0.5400881171226501,0.6899392604827881,0.009172411635518074,0.5216856002807617,0.6670501232147217,0.0331382229924202,0.497921884059906,0.6659185290336609,0.04934040829539299
thumbs_up,Left,0.34216824173927307,0.6151880025863647,-2.702534196430406e-09,0.3860984146595001,0.47298115491867065,0.009585478343069553,0.45735451579093933,0.3870183229446411,0.00848131813108921,0.5258488655090332,0.3410536050796509,0.008445910178124905,0.5744983553886414,0.30138471722602844,0.012611432000994682,0.5251771807670593,0.4812309145927429,-0.02158367820084095,0.6038711071014404,0.4886966347694397,0.002541894791647792,0.5707012414932251,0.47753703594207764,0.03834189102053642,0.5347857475280762,0.4759463667869568,0.06075185537338257,0.5235055685043335,0.5777565836906433,-0.02556633949279785,0.5939010381698608,0.5688568353652954,-0.0027375114150345325,0.5644440054893494,0.5482736229896545,0.030467532575130463,0.5297563076019287,0.5491741895675659,0.05203981697559357,0.5107675790786743,0.6598638296127319,-0.02329978160560131,0.5723254084587097,0.640186607837677,0.0018708406714722514,0.5489542484283447,0.6166801452636719,0.03189684450626373,0.5204923748970032,0.6146219372749329,0.04904205724596977,0.49414724111557007,0.7256540060043335,-0.02029895968735218,0.5419773459434509,0.6956853866577148,0.006078415550291538,0.5229198932647705,0.6727373600006104,0.030459947884082794,0.4989050626754761,0.671228289604187,0.04640575870871544
thumbs_up,Left,0.33908528089523315,0.6170637607574463,-1.6463929108923026e-09,0.38305312395095825,0.47523415088653564,0.008516146801412106,0.45316389203071594,0.3868826627731323,0.00599713297560811,0.5204405784606934,0.33817580342292786,0.0042822230607271194,0.568920373916626,0.3005467653274536,0.00656740041449666,0.5178124904632568,0.48180338740348816,-0.023725030943751335,0.5982485413551331,0.4905380308628082,-0.0016003359341993928,0.5664254426956177,0.47916749119758606,0.03337676078081131,0.5304403901100159,0.4769132435321808,0.055420808494091034,0.5157483816146851,0.5774186253547668,-0.02835552580654621,0.5889982581138611,0.5702577829360962,-0.007622761186212301,0.5595574378967285,0.5496178865432739,0.02527732215821743,0.5246387720108032,0.5503050088882446,0.046992067247629166,0.5035227537155151,0.6591171026229858,-0.027075229212641716,0.5680410265922546,0.6416494846343994,-0.004027282819151878,0.544609546661377,0.6189736127853394,0.02581206150352955,0.5158237218856812,0.6171623468399048,0.043222036212682724,0.4872356951236725,0.725287914276123,-0.025225935503840446,0.5373888611793518,0.6960949301719666,-0.0008679342572577298,0.518066942691803,0.6744112968444824,0.023081496357917786,0.493519127368927,0.6739065647125244,0.039034657180309296
thumbs_up,Left,0.3369356691837311,0.6229797601699829,-1.9484041047235223e-09,0.37907761335372925,0.48246145248413086,0.005954229738563299,0.44885218143463135,0.391294002532959,0.0005424903356470168,0.515741765499115,0.339006245136261,-0.0035871320869773626,0.562527596950531,0.2962349057197571,-0.003549786750227213,0.5096324682235718,0.48471319675445557,-0.03405560553073883,0.5963341593742371,0.49187135696411133,-0.01666184514760971,0.5635314583778381,0.4818493127822876,0.017750253900885582,0.5251277685165405,0.4816911816596985,0.04013505578041077,0.5081564784049988,0.5804063081741333,-0.03881119191646576,0.5882829427719116,0.572223424911499,-0.02353883720934391,0.5572926998138428,0.5525738596916199,0.00968363881111145,0.5212507247924805,0.5545600056648254,0.032749779522418976,0.49758148193359375,0.6630408763885498,-0.03767054155468941,0.5678933262825012,0.644481897354126,-0.018863994628190994,0.542972207069397,0.6228364706039429,0.012320371344685555,0.5131577253341675,0.6225767135620117,0.0316288061439991,0.48351430892944336,0.7306846380233765,-0.036135051399469376,0.5377985835075378,0.6992204785346985,-0.014390881173312664,0.5179473161697388,0.6784417629241943,0.009899605065584183,0.49297675490379333,0.6801945567131042,0.02673136070370674
thumbs_up,Left,0.33718082308769226,0.6189283132553101,-2.1771284774985133e-09,0.3804696202278137,0.47790616750717163,0.009140977635979652,0.4479929506778717,0.3865453004837036,0.005042225122451782,0.5109925866127014,0.33029705286026,0.001354191335849464,0.5543239712715149,0.28225353360176086,0.0016434810822829604,0.5123065114021301,0.4792732000350952,-0.02716202847659588,0.5942782163619995,0.4897941052913666,-0.00797355081886053,0.5610470771789551,0.4827311038970947,0.02543526515364647,0.5233042240142822,0.48283806443214417,0.04660787060856819,0.5106977820396423,0.5757172107696533,-0.03329436853528023,0.5862762928009033,0.5713897347450256,-0.015697963535785675,0.55586177110672,0.5540075898170471,0.01603854075074196,0.5203339457511902,0.5555238723754883,0.037215594202280045,0.499846488237381,0.6595141291618347,-0.03344271704554558,0.566534698009491,0.6444838047027588,-0.011998328380286694,0.5418556928634644,0.6247168779373169,0.018212459981441498,0.5123019814491272,0.6232865452766418,0.0359000563621521,0.4853138029575348,0.7274051904678345,-0.03315180540084839,0.5377389788627625,0.6994474530220032,-0.009399907663464546,0.5175493955612183,0.6799323558807373,0.014757273718714714,0.492442786693573,0.6806252002716064,0.03077516332268715
thumbs_up,Left,0.33898159861564636,0.6106341481208801,-2.2529624832401396e-09,0.380705863237381,0.47659027576446533,0.008203626610338688,0.4366976320743561,0.38055896759033203,-0.0006306329742074013,0.47807577252388,0.29517632722854614,-0.009807062335312366,0.5008875131607056,0.22580870985984802,-0.014986076392233372,0.515271782875061,0.47893503308296204,-0.030040116980671883,0.5947683453559875,0.49713581800460815,-0.013195919804275036,0.5610970854759216,0.4907163679599762,0.017127016559243202,0.5214057564735413,0.4893236756324768,0.03619922325015068,0.5114292502403259,0.5748986601829529,-0.036515504121780396,0.5843927264213562,0.5752293467521667,-0.0199385154992342,0.5541477203369141,0.5590696334838867,0.01048141811043024,0.5193718075752258,0.5591920018196106,0.030459050089120865,0.4988039433956146,0.6597273945808411,-0.03714346885681152,0.563748836517334,0.6458914875984192,-0.015038982033729553,0.5387639403343201,0.6295494437217712,0.014803141355514526,0.509608805179596,0.628314197063446,0.03177303075790405,0.48280468583106995,0.7274821996688843,-0.037811703979969025,0.5333304405212402,0.701046347618103,-0.012884561903774738,0.5122211575508118,0.6842643022537231,0.011571220122277737,0.48696357011795044,0.6866024136543274,0.027416177093982697
thumbs_up,Left,0.3356943130493164,0.6167855858802795,-1.3297621892505163e-09,0.375560998916626,0.4804565906524658,0.011869420297443867,0.43388286232948303,0.3845483958721161,0.005708970129489899,0.4793563187122345,0.3023681044578552,-0.0007634203648194671,0.505760669708252,0.2344101071357727,-0.003574671922251582,0.5108012557029724,0.47891515493392944,-0.028636211529374123,0.5910793542861938,0.4973914623260498,-0.010871890000998974,0.560653030872345,0.49050626158714294,0.02070665918290615,0.5226651430130005,0.48614272475242615,0.04100644588470459,0.5100466012954712,0.5740482211112976,-0.035367563366889954,0.5844017267227173,0.5748282670974731,-0.01705954037606716,0.5545763969421387,0.5595437288284302,0.01593891903758049,0.5196006894111633,0.5578500032424927,0.037758756428956985,0.49945783615112305,0.6589366793632507,-0.03574928268790245,0.5643677711486816,0.6458156108856201,-0.012291419319808483,0.5396543741226196,0.6301147937774658,0.019688401371240616,0.510560154914856,0.6285173296928406,0.03803802654147148,0.4848308861255646,0.726793646812439,-0.03582742437720299,0.5321338772773743,0.7019385695457458,-0.009161540307104588,0.5109569430351257,0.6845913529396057,0.01661478728055954,0.48664265871047974,0.6845932602882385,0.03332581743597984
thumbs_up,Left,0.3345181941986084,0.6152572631835938,-1.5657177776517983e-09,0.3749416470527649,0.4801977574825287,0.01094880886375904,0.4340576231479645,0.38250797986984253,0.004018090199679136,0.4809057414531708,0.30113697052001953,-0.003221830353140831,0.5087840557098389,0.23640578985214233,-0.0067773363552987576,0.507158100605011,0.4767417013645172,-0.030396251007914543,0.5905494689941406,0.49631068110466003,-0.014189466834068298,0.5609635710716248,0.48991283774375916,0.016940902918577194,0.5229252576828003,0.4863961338996887,0.03716935217380524,0.5057324767112732,0.5716527104377747,-0.037300605326890945,0.583472490310669,0.5748879909515381,-0.020958133041858673,0.5526434779167175,0.5588343143463135,0.011639205738902092,0.5168740749359131,0.5568140745162964,0.03370756655931473,0.4952991008758545,0.657235860824585,-0.03799484297633171,0.5641829371452332,0.6461519002914429,-0.016469113528728485,0.5388140082359314,0.6296963691711426,0.015528076328337193,0.509203314781189,0.6282587051391602,0.034385330975055695,0.4811211824417114,0.7271170616149902,-0.0383935272693634,0.5327118039131165,0.7036747932434082,-0.013330680318176746,0.5109198689460754,0.6857737898826599,0.01249568723142147,0.4852171242237091,0.6862855553627014,0.0296144001185894
thumbs_up,Left,0.3333824872970581,0.6189152598381042,-1.5445126289037603e-09,0.3742702007293701,0.4817623496055603,0.012595191597938538,0.4335286617279053,0.384196400642395,0.006428833585232496,0.4800231158733368,0.30290597677230835,-0.00018808683671522886,0.5068356394767761,0.23569214344024658,-0.003091215854510665,0.5061345100402832,0.48025381565093994,-0.030098790302872658,0.5892294645309448,0.4968339800834656,-0.0130339739844203,0.5581419467926025,0.48883524537086487,0.019183797761797905,0.5196858644485474,0.48481279611587524,0.04009189084172249,0.5046148300170898,0.5756473541259766,-0.037723809480667114,0.58294278383255,0.5761051177978516,-0.02080451510846615,0.5525836944580078,0.5590670108795166,0.012965498492121696,0.5169634819030762,0.5572161674499512,0.035790227353572845,0.49396926164627075,0.6610572338104248,-0.03888252004981041,0.5633136630058289,0.6482663154602051,-0.016495073214173317,0.538176417350769,0.6308249235153198,0.016784939914941788,0.5087277293205261,0.629271388053894,0.036403775215148926,0.47955814003944397,0.7299137115478516,-0.03962433338165283,0.5315203666687012,0.7059815526008606,-0.01382980216294527,0.5101618766784668,0.6871918439865112,0.01275490503758192,0.48506325483322144,0.6870765686035156,0.030371397733688354
thumbs_up,Left,0.33532536029815674,0.6162299513816833,-1.492455048435204e-09,0.3749977648258209,0.4801029562950134,0.011714677326381207,0.4326547086238861,0.3812684416770935,0.005109745543450117,0.4789019823074341,0.2997629642486572,-0.0019530542194843292,0.5068288445472717,0.23548322916030884,-0.0052902610041201115,0.5060023069381714,0.47494858503341675,-0.029566753655672073,0.5896509289741516,0.4938410520553589,-0.013038133271038532,0.5608091354370117,0.4883165955543518,0.018428467214107513,0.5231029987335205,0.4862595498561859,0.038889721035957336,0.5046442151069641,0.569092869758606,-0.03684106841683388,0.5822674632072449,0.5717641115188599,-0.019822562113404274,0.5520488619804382,0.5567829608917236,0.013260426931083202,0.5163599848747253,0.5555325150489807,0.03554733097553253,0.49447259306907654,0.6544090509414673,-0.037910718470811844,0.56290203332901,0.642143189907074,-0.015917539596557617,0.5377370715141296,0.6264966726303101,0.016304127871990204,0.5082283616065979,0.6253153681755066,0.03528418019413948,0.48075419664382935,0.7245106101036072,-0.038627784699201584,0.5324241518974304,0.6997190117835999,-0.013624006882309914,0.5110672116279602,0.6819106340408325,0.01222641859203577,0.48560014367103577,0.6822889447212219,0.029462456703186035
thumbs_up,Left,0.33223724365234375,0.5915281176567078,-2.2605455285429343e-09,0.3720051944255829,0.46036431193351746,0.009306090883910656,0.43042829632759094,0.3634966015815735,0.002588993404060602,0.4763568341732025,0.2832310199737549,-0.004468367900699377,0.5046002268791199,0.21874114871025085,-0.007597984280437231,0.5076553225517273,0.4592716693878174,-0.026482148095965385,0.589531660079956,0.48114100098609924,-0.00959271565079689,0.5586296916007996,0.4761979579925537,0.021452536806464195,0.5198460221290588,0.4733286201953888,0.04140320420265198,0.5039635300636292,0.5506809949874878,-0.03316737338900566,0.5792324542999268,0.5556386709213257,-0.017323434352874756,0.5473495125770569,0.5402102470397949,0.014115344732999802,0.5110782384872437,0.5386961698532104,0.035762969404459,0.4912811815738678,0.6339902877807617,-0.03424046188592911,0.5595008134841919,0.6255294680595398,-0.014352606609463692,0.5330917835235596,0.6098408699035645,0.01619637757539749,0.5032973885536194,0.6081114411354065,0.03476903215050697,0.4748321771621704,0.7041004300117493,-0.0351739302277565,0.528803825378418,0.6833025217056274,-0.0125413928180933,0.5070189833641052,0.6656666994094849,0.012080678716301918,0.4805738627910614,0.6660397052764893,0.028943607583642006
thumbs_up,Left,0.32755887508392334,0.5461170077323914,-1.3579429802845766e-09,0.36900952458381653,0.4068169891834259,0.009302317164838314,0.4294466972351074,0.3092441260814667,0.00248903245665133,0.47694462537765503,0.22534388303756714,-0.0046765729784965515,0.5065311193466187,0.15181094408035278,-0.00799107737839222,0.5133292078971863,0.4021771550178528,-0.022186389192938805,0.5917862057685852,0.43147414922714233,-0.002909398404881358,0.5594072341918945,0.43030253052711487,0.027553154155611992,0.5209401845932007,0.4228898584842682,0.04652741923928261,0.5096041560173035,0.49810361862182617,-0.027672462165355682,0.5793647766113281,0.5120667219161987,-0.007295319344848394,0.5472937226295471,0.5015956163406372,0.023517316207289696,0.5108582973480225,0.4965212643146515,0.04340082034468651,0.4953083097934723,0.5857490301132202,-0.027666814625263214,0.5570439696311951,0.5844837427139282,-0.003569318214431405,0.53094881772995,0.5729329586029053,0.02561286836862564,0.5006976127624512,0.567041277885437,0.04219892993569374,0.477558434009552,0.6593390703201294,-0.02760201133787632,0.5253400206565857,0.6411164402961731,-0.0009191339486278594,0.5018449425697327,0.626205325126648,0.023209765553474426,0.4750101566314697,0.6233869791030884,0.038875605911016464
thumbs_up,Left,0.3661481738090515,0.49742528796195984,-7.164162596495771e-09,0.4116654694080353,0.36747485399246216,0.00972031895071268,0.47464704513549805,0.2699947655200958,0.0025892534758895636,0.5237782001495361,0.18593952059745789,-0.005709855351597071,0.5527719259262085,0.11136189103126526,-0.009871524758636951,0.5550140142440796,0.3606101870536804,-0.021035054698586464,0.6369423866271973,0.3953136205673218,-0.004421473480761051,0.6070436835289001,0.39301037788391113,0.02469903603196144,0.5656905770301819,0.3846355676651001,0.04310290142893791,0.5486900210380554,0.44997695088386536,-0.029161576181650162,0.6208827495574951,0.4713040888309479,-0.0124014001339674,0.5902652740478516,0.45758742094039917,0.017059488222002983,0.5515737533569336,0.4494149684906006,0.03696749359369278,0.5329585671424866,0.5336788892745972,-0.03216196224093437,0.600621223449707,0.5409724712371826,-0.011743488721549511,0.5756719708442688,0.5279443860054016,0.018184691667556763,0.5431879758834839,0.5200268626213074,0.03617280721664429,0.5130982398986816,0.6074814200401306,-0.03541268780827522,0.5697494149208069,0.6015180349349976,-0.012560801580548286,0.5487257242202759,0.5841203927993774,0.01215368416160345,0.5196388363838196,0.5768061876296997,0.02916898764669895
thumbs_up,Left,0.36198434233665466,0.5191441774368286,7.104227206511382e-10,0.4099295139312744,0.3948560357093811,0.02504454366862774,0.4719845950603485,0.30896782875061035,0.03302760049700737,0.5208220481872559,0.23825198411941528,0.03642414137721062,0.5503081679344177,0.17472513020038605,0.04311833530664444,0.5598436594009399,0.3763279914855957,0.030084632337093353,0.6165310144424438,0.4172765016555786,0.058369364589452744,0.5904414057731628,0.42732131481170654,0.08526068925857544,0.5592897534370422,0.41613495349884033,0.10116780549287796,0.5581094026565552,0.4622282385826111,0.019149452447891235,0.6046330332756042,0.49021387100219727,0.05101976543664932,0.5772929787635803,0.4877157211303711,0.07584306597709656,0.5460684299468994,0.47631239891052246,0.08987122029066086,0.5434947609901428,0.5451234579086304,0.01222408190369606,0.5882952213287354,0.5544897317886353,0.043450482189655304,0.5639073848724365,0.550432562828064,0.06799225509166718,0.5345659255981445,0.540601909160614,0.08036033064126968,0.5236212015151978,0.6145914196968079,0.0055298833176493645,0.5614455938339233,0.6120867133140564,0.03646738827228546,0.5402867197990417,0.6024046540260315,0.059715379029512405,0.5136741399765015,0.5949942469596863,0.07387175410985947
thumbs_up,Left,0.3606988489627838,0.6129764318466187,-1.761967793889596e-10,0.39883744716644287,0.49398449063301086,0.020321236923336983,0.4565238654613495,0.40814483165740967,0.03032824583351612,0.5021711587905884,0.34078657627105713,0.03585805743932724,0.529513955116272,0.28134530782699585,0.0442962571978569,0.5466601848602295,0.46174725890159607,0.04077449440956116,0.5952707529067993,0.5029782652854919,0.07033678144216537,0.5738810896873474,0.523558497428894,0.09490057080984116,0.548618495464325,0.521230161190033,0.10892587155103683,0.5507498979568481,0.5373832583427429,0.03215334936976433,0.5913037061691284,0.5716003179550171,0.06358946859836578,0.5657330751419067,0.5788224339485168,0.08393790572881699,0.5342023968696594,0.572304368019104,0.09589295834302902,0.540092945098877,0.61503666639328,0.025985071435570717,0.5790517330169678,0.635074257850647,0.05588318407535553,0.5547303557395935,0.63841313123703,0.07377410680055618,0.525592565536499,0.6295345425605774,0.08233106881380081,0.5235413908958435,0.6856338977813721,0.01940961182117462,0.5532954931259155,0.6938605308532715,0.04819076508283615,0.533106803894043,0.6909857988357544,0.06584431976079941,0.5084503293037415,0.684330403804779,0.07631632685661316
thumbs_up,Left,0.3631304204463959,0.532823920249939,-4.270364062364251e-09,0.39525774121284485,0.3953346014022827,0.007395470980554819,0.4569273293018341,0.29725706577301025,0.007842611521482468,0.5089172124862671,0.22683978080749512,0.0059816245920956135,0.5415722727775574,0.15992510318756104,0.007931879721581936,0.5555264353752136,0.37793776392936707,0.02136370539665222,0.6159919500350952,0.42644402384757996,0.04464524984359741,0.5940305590629578,0.4373539686203003,0.06904515624046326,0.5600317120552063,0.427815705537796,0.08407103270292282,0.553923487663269,0.4722983241081238,0.016951316967606544,0.5999525785446167,0.5061412453651428,0.04132000356912613,0.5719177722930908,0.5055134892463684,0.063557468354702,0.536270022392273,0.49399590492248535,0.07909731566905975,0.5366984009742737,0.5643541216850281,0.014037306420505047,0.5832183361053467,0.5796263217926025,0.03649503365159035,0.5602365732192993,0.5793680548667908,0.05809744447469711,0.5294279456138611,0.5683460235595703,0.07183477282524109,0.5140357613563538,0.6468778252601624,0.010023582726716995,0.5544697046279907,0.6473684906959534,0.03280007466673851,0.5348100066184998,0.6363364458084106,0.05252091586589813,0.5076053142547607,0.6239616274833679,0.0667395368218422
thumbs_up,Left,0.34679511189460754,0.49417680501937866,-1.408834576777096e-10,0.3841164708137512,0.34891194105148315,-0.0016317464178428054,0.4544147849082947,0.24334962666034698,-0.003196567762643099,0.513543426990509,0.16609996557235718,-0.0059673720970749855,0.5484983325004578,0.08986759185791016,-0.004712010268121958,0.5500132441520691,0.32398104667663574,0.017095640301704407,0.614431619644165,0.362385630607605,0.03866129368543625,0.5954607129096985,0.38027888536453247,0.06243617832660675,0.5653045773506165,0.37629830837249756,0.07699887454509735,0.5496606230735779,0.4234929084777832,0.01565026491880417,0.6034455895423889,0.4556838870048523,0.03956066444516182,0.5738693475723267,0.458482950925827,0.060694918036460876,0.5376056432723999,0.4461488723754883,0.07514683902263641,0.5331255793571472,0.5194780826568604,0.014505582861602306,0.5846164226531982,0.5340126156806946,0.03459097817540169,0.5584516525268555,0.5323039293289185,0.05332937836647034,0.5255564451217651,0.5177391767501831,0.06542862206697464,0.5104010701179504,0.6049897074699402,0.01119430921971798,0.551527202129364,0.6028994917869568,0.03254852071404457,0.5287387371063232,0.5898917317390442,0.050404760986566544,0.49942469596862793,0.5741596221923828,0.06326354295015335
thumbs_up,Left,0.3114967942237854,0.5104275941848755,1.3334657822383633e-09,0.35936906933784485,0.3702716529369354,0.016508562490344048,0.4318695664405823,0.27060145139694214,0.017218567430973053,0.49065032601356506,0.19706319272518158,0.013384795747697353,0.5288005471229553,0.12646746635437012,0.01310304831713438,0.5300599932670593,0.34355679154396057,0.02101106569170952,0.5925251841545105,0.4007474184036255,0.04339653253555298,0.5591228008270264,0.4163040816783905,0.06851451843976974,0.5244834423065186,0.39919257164001465,0.08292984217405319,0.526928722858429,0.4407424032688141,0.00827622227370739,0.5830500721931458,0.4881397485733032,0.031709328293800354,0.5446861386299133,0.4874187707901001,0.05606784299015999,0.5066564083099365,0.46696725487709045,0.07115709781646729,0.50804603099823,0.5370914340019226,-0.00154069100972265,0.5637069940567017,0.5595419406890869,0.021107550710439682,0.5288240909576416,0.555698573589325,0.046874091029167175,0.49361342191696167,0.5367240905761719,0.06140018254518509,0.4822249710559845,0.623962938785553,-0.012127361260354519,0.5263734459877014,0.6287248134613037,0.012772299349308014,0.4977595806121826,0.6174230575561523,0.036393292248249054,0.4662197530269623,0.6027631759643555,0.051696162670850754
thumbs_up,Left,0.30633553862571716,0.5595982670783997,-1.367966184773195e-09,0.34824761748313904,0.4125950336456299,0.02489233762025833,0.41743066906929016,0.30681249499320984,0.031140854582190514,0.47501128911972046,0.22869232296943665,0.03313439339399338,0.5091179609298706,0.15281766653060913,0.03833288699388504,0.5201414823532104,0.3757663667201996,0.021186215803027153,0.5874695181846619,0.4363812804222107,0.04764556512236595,0.5609273910522461,0.4572650194168091,0.07710909098386765,0.528221845626831,0.4422232508659363,0.09503278136253357,0.5210887789726257,0.47930365800857544,0.00854457076638937,0.5805089473724365,0.5286741256713867,0.037108372896909714,0.5447930097579956,0.5346947312355042,0.06722775846719742,0.5053035616874695,0.5158019065856934,0.08652421087026596,0.5052722692489624,0.5821830034255981,0.00036735236062668264,0.5606878995895386,0.607336699962616,0.02864026464521885,0.5286059379577637,0.6108702421188354,0.0586249902844429,0.49278074502944946,0.5940541625022888,0.0758838877081871,0.4822727143764496,0.6722856760025024,-0.007632722146809101,0.5253773331642151,0.6774615049362183,0.022182125598192215,0.4979657530784607,0.6717199683189392,0.047973133623600006,0.4672824442386627,0.6595308184623718,0.06490157544612885
thumbs_up,Left,0.30043551325798035,0.5599806308746338,-2.2419126555206503e-09,0.3425934314727783,0.4117456376552582,0.015274533070623875,0.4151726961135864,0.30597996711730957,0.01705481857061386,0.47612088918685913,0.229315847158432,0.015415403991937637,0.5110093355178833,0.15299704670906067,0.01755574531853199,0.5139139890670776,0.37582626938819885,0.014772849157452583,0.5875292420387268,0.4225168526172638,0.037527699023485184,0.5652194619178772,0.44493770599365234,0.06493990123271942,0.5305238366127014,0.4422091245651245,0.08182062208652496,0.5157827138900757,0.47775429487228394,0.004561572801321745,0.58135986328125,0.5178831219673157,0.028381314128637314,0.5481539964675903,0.5233880877494812,0.05418069288134575,0.5063235759735107,0.5130131244659424,0.07119408994913101,0.5019407272338867,0.5797208547592163,-0.0023341027554124594,0.5612622499465942,0.5994274616241455,0.020767783746123314,0.53043133020401,0.5994336009025574,0.046304453164339066,0.4930028021335602,0.5871182084083557,0.06151299923658371,0.4808681309223175,0.6724430918693542,-0.00988446269184351,0.5271384119987488,0.6718648672103882,0.015680518001317978,0.5009438395500183,0.6622193455696106,0.038518648594617844,0.4680604934692383,0.6525790691375732,0.05379593372344971
thumbs_up,Left,0.3102554380893707,0.5621697902679443,-2.9304600968060868e-09,0.35601285099983215,0.41932621598243713,0.01904556341469288,0.4253787398338318,0.3108360469341278,0.019618451595306396,0.48344850540161133,0.2324952781200409,0.015563239343464375,0.516435980796814,0.16412028670310974,0.015329858288168907,0.5186338424682617,0.37261641025543213,0.010685961693525314,0.5934419631958008,0.42010918259620667,0.029925037175416946,0.565312922000885,0.4418562650680542,0.05597851797938347,0.52857506275177,0.43550974130630493,0.07166708260774612,0.5198665857315063,0.4720180332660675,-0.003935182001441717,0.5899972319602966,0.5137110352516174,0.01535459142178297,0.5541480779647827,0.5223374366760254,0.0402822345495224,0.5123743414878845,0.5117564797401428,0.05672605708241463,0.5073276162147522,0.5739713311195374,-0.014591881074011326,0.571421205997467,0.5937981009483337,0.006529517937451601,0.5386340618133545,0.5972473621368408,0.03388001769781113,0.5013740062713623,0.5864365100860596,0.049824733287096024,0.4881991446018219,0.6682690978050232,-0.025637293234467506,0.5374687910079956,0.6680217385292053,-0.0006007918855175376,0.5093314051628113,0.6598484516143799,0.02373426780104637,0.4764688014984131,0.6511615514755249,0.03964964300394058
thumbs_up,Left,0.3066990077495575,0.5607337355613708,-6.216567260963757e-10,0.35220110416412354,0.41631245613098145,0.02239740639925003,0.4215463697910309,0.31133902072906494,0.026506656780838966,0.48122552037239075,0.23686900734901428,0.02627754956483841,0.5166774988174438,0.16468685865402222,0.029645811766386032,0.5200884938240051,0.3744017779827118,0.01986510492861271,0.5885817408561707,0.4229177236557007,0.04590760916471481,0.561919093132019,0.4477855861186981,0.0740644708275795,0.5289563536643982,0.43831560015678406,0.09046415239572525,0.5219078660011292,0.4725644588470459,0.006661319173872471,0.5828708410263062,0.5150676369667053,0.03541490435600281,0.548845112323761,0.5255297422409058,0.06305264681577682,0.5093534588813782,0.5129860639572144,0.079361192882061,0.5078576803207397,0.5728905200958252,-0.0023745931684970856,0.5635916590690613,0.5930776596069336,0.026088189333677292,0.5318823456764221,0.5983495712280273,0.053703103214502335,0.4960380494594574,0.585856556892395,0.06819888204336166,0.4868307113647461,0.6647946238517761,-0.011413023807108402,0.5297319889068604,0.6666022539138794,0.018256882205605507,0.5018147826194763,0.6603255867958069,0.04287825897336006,0.46998488903045654,0.6502328515052795,0.05811687186360359
thumbs_up,Left,0.30676865577697754,0.552043616771698,-9.701756065183531e-10,0.3536931872367859,0.41059982776641846,0.02297196537256241,0.42537936568260193,0.307807981967926,0.02657279185950756,0.48454803228378296,0.23535224795341492,0.025372060015797615,0.5181534290313721,0.16366800665855408,0.027661267668008804,0.519841194152832,0.3652644157409668,0.018412549048662186,0.5897212028503418,0.4239071011543274,0.041643865406513214,0.5630187392234802,0.44931963086128235,0.06797900795936584,0.5297308564186096,0.43877729773521423,0.0834038183093071,0.5205962061882019,0.4640023708343506,0.0038975889328867197,0.5842288732528687,0.5170847177505493,0.029042920097708702,0.5492292046546936,0.5269674062728882,0.0547187477350235,0.5095506906509399,0.5110803246498108,0.07038367539644241,0.5066455006599426,0.5655559301376343,-0.006374548189342022,0.5645843148231506,0.5935845375061035,0.020224781706929207,0.5324429273605347,0.5977815985679626,0.047493986785411835,0.4965827167034149,0.5820104479789734,0.06208305060863495,0.485886812210083,0.6595001220703125,-0.01670122519135475,0.5310420989990234,0.6661304235458374,0.012446843087673187,0.5033599138259888,0.6580190658569336,0.03710942715406418,0.47133669257164,0.6452330946922302,0.05241898447275162
thumbs_up,Left,0.30698826909065247,0.5564501285552979,-5.839743133506659e-10,0.3532727360725403,0.41250941157341003,0.022797811776399612,0.4245523512363434,0.3094913065433502,0.02736860327422619,0.4846329092979431,0.23781323432922363,0.027526646852493286,0.5189434289932251,0.16597068309783936,0.031347066164016724,0.5182583928108215,0.367412805557251,0.019239792600274086,0.5878813862800598,0.4198356568813324,0.0439312681555748,0.563586413860321,0.4496867060661316,0.07173731178045273,0.5321704149246216,0.44639113545417786,0.08823632448911667,0.519468367099762,0.46633997559547424,0.005795774981379509,0.5821628570556641,0.5153175592422485,0.03251049667596817,0.5481536984443665,0.5261493921279907,0.05981691554188728,0.5092260241508484,0.5127978920936584,0.07665831595659256,0.5058047771453857,0.5673227310180664,-0.0034636626951396465,0.5631608963012695,0.593675971031189,0.02374008297920227,0.531277596950531,0.5969730019569397,0.05156780406832695,0.49599042534828186,0.5817453265190125,0.0667426809668541,0.4855806827545166,0.6596056222915649,-0.012717830017209053,0.5294393301010132,0.6654050350189209,0.01659417152404785,0.501636266708374,0.6572831273078918,0.041464075446128845,0.4698238968849182,0.6452484130859375,0.057122427970170975
thumbs_up,Left,0.3006139397621155,0.557775616645813,-3.8211761532735977e-10,0.34801483154296875,0.4161875545978546,0.02422698400914669,0.42040175199508667,0.3141201138496399,0.028119124472141266,0.4804264307022095,0.2440122663974762,0.026888873428106308,0.5147864818572998,0.1710316240787506,0.028932493180036545,0.5126649141311646,0.3701772689819336,0.017780277878046036,0.5828242897987366,0.4200326204299927,0.0408235564827919,0.5570715665817261,0.45075371861457825,0.06744235008955002,0.5257242918014526,0.4461996853351593,0.08284886926412582,0.514087438583374,0.46806201338768005,0.0018470869399607182,0.5788993239402771,0.5126470327377319,0.026570379734039307,0.5440925359725952,0.52679044008255,0.053209930658340454,0.5050690770149231,0.5149235725402832,0.06936188787221909,0.5013054013252258,0.5680102109909058,-0.009810511954128742,0.561141312122345,0.591040849685669,0.015914741903543472,0.5275801420211792,0.5974067449569702,0.04425842687487602,0.4912954568862915,0.5840953588485718,0.059393953531980515,0.4818270206451416,0.6608028411865234,-0.021452581509947777,0.5281853675842285,0.6631949543952942,0.006526906508952379,0.49907559156417847,0.6567169427871704,0.031758446246385574,0.46605587005615234,0.6462455987930298,0.04746050760149956
thumbs_up,Left,0.3030676543712616,0.5529276728630066,-8.652853988877496e-10,0.3500598967075348,0.41327041387557983,0.021404672414064407,0.42162564396858215,0.3103315830230713,0.02199362963438034,0.48196232318878174,0.24019256234169006,0.017960568889975548,0.5185487270355225,0.17092421650886536,0.017302745953202248,0.5135170221328735,0.3641681671142578,0.009517285041511059,0.5859376192092896,0.4253099262714386,0.029324816539883614,0.5578092336654663,0.45315584540367126,0.05474725738167763,0.524079442024231,0.44211265444755554,0.06948522478342056,0.5136086940765381,0.4624984562397003,-0.006018484476953745,0.5811043977737427,0.5198245644569397,0.015250043012201786,0.5447429418563843,0.5318140387535095,0.04099626839160919,0.5049967169761658,0.5144925117492676,0.05674814432859421,0.4996345043182373,0.5644981265068054,-0.017099929973483086,0.5598638653755188,0.5966688394546509,0.006566712167114019,0.5261208415031433,0.602455735206604,0.03465443477034569,0.4905744791030884,0.5847570896148682,0.049741946160793304,0.4792366623878479,0.6595073342323303,-0.028228536248207092,0.5240646600723267,0.6697157621383667,-0.0010662636486813426,0.4943881034851074,0.6628222465515137,0.02379976212978363,0.4623143970966339,0.6489639282226562,0.03921739384531975
thumbs_up,Left,0.2970486283302307,0.5531523823738098,-4.759059257786191e-10,0.3463250994682312,0.41452720761299133,0.025534700602293015,0.42012259364128113,0.3134951591491699,0.027501482516527176,0.4815768599510193,0.24558931589126587,0.023926494643092155,0.5176903009414673,0.17263340950012207,0.02365078777074814,0.5127658843994141,0.36724191904067993,0.013899886049330235,0.5835914015769958,0.42617109417915344,0.03437672555446625,0.5571525692939758,0.45827966928482056,0.05970895290374756,0.5259040594100952,0.4508911669254303,0.07426133751869202,0.5121131539344788,0.46451589465141296,-0.004109939094632864,0.5775824785232544,0.52154940366745,0.01859471946954727,0.5415172576904297,0.5358741879463196,0.045324839651584625,0.502695620059967,0.5190292596817017,0.06136750802397728,0.4974100887775421,0.5657765865325928,-0.017576828598976135,0.557962954044342,0.5976768136024475,0.007325655315071344,0.5236856341362,0.6050427556037903,0.03719038888812065,0.4876052141189575,0.5877255201339722,0.05302736908197403,0.47644004225730896,0.6607437133789062,-0.030919939279556274,0.5234515070915222,0.6708965301513672,-0.002925232285633683,0.49338996410369873,0.6640280485153198,0.02355731464922428,0.46015313267707825,0.6498191952705383,0.039886265993118286
thumbs_up,Left,0.29857146739959717,0.550054669380188,-7.486045117133244e-10,0.34789803624153137,0.4111908972263336,0.026349127292633057,0.42079660296440125,0.3109826445579529,0.029407327994704247,0.48160627484321594,0.24431400001049042,0.027042308822274208,0.5180545449256897,0.1761060357093811,0.02782130055129528,0.514106810092926,0.36399710178375244,0.01420946791768074,0.5856323838233948,0.42778280377388,0.035677626729011536,0.556839108467102,0.45452454686164856,0.061794064939022064,0.5229556560516357,0.4413558840751648,0.07680007070302963,0.5135049223899841,0.4622323215007782,-0.003417693078517914,0.5797959566116333,0.5208051800727844,0.01934303529560566,0.543602466583252,0.5323519110679626,0.04580431804060936,0.503445029258728,0.5141660571098328,0.061806827783584595,0.49834227561950684,0.5642653703689575,-0.01614978536963463,0.5584064722061157,0.5970390439033508,0.008917100727558136,0.5246458053588867,0.6032902002334595,0.03815069422125816,0.4886694550514221,0.5856569409370422,0.05371107906103134,0.476347416639328,0.6593984365463257,-0.028530891984701157,0.5221260786056519,0.6700712442398071,-0.0005277016898617148,0.4926501214504242,0.6626952290534973,0.025313137099146843,0.460194855928421,0.6484057903289795,0.041315361857414246
thumbs_up,Left,0.293865442276001,0.5527187585830688,4.4729105835861205e-11,0.3442251980304718,0.41452091932296753,0.02653416246175766,0.4176790118217468,0.3156091570854187,0.02879679575562477,0.47910553216934204,0.25128254294395447,0.02520965412259102,0.5153290033340454,0.1825248897075653,0.024836260825395584,0.5078401565551758,0.3656095266342163,0.01241106167435646,0.5810058116912842,0.42426052689552307,0.03151306137442589,0.5536791682243347,0.4562375545501709,0.05719330161809921,0.5218113660812378,0.4484981298446655,0.07209955900907516,0.5068743824958801,0.4641205966472626,-0.006983393337577581,0.5755550861358643,0.5189399123191833,0.0130462646484375,0.5394445061683655,0.5326006412506104,0.04048182815313339,0.5007572174072266,0.5154250264167786,0.05758792534470558,0.4919045567512512,0.5655128955841064,-0.021812669932842255,0.5539077520370483,0.5974833965301514,0.0008218881557695568,0.5184193849563599,0.6039983034133911,0.031997207552194595,0.4824250638484955,0.5863354206085205,0.049238160252571106,0.4701917767524719,0.6604596972465515,-0.03653477132320404,0.5177293419837952,0.6704180240631104,-0.010464356280863285,0.48715779185295105,0.6630486249923706,0.01647387444972992,0.4540426731109619,0.6487218737602234,0.03361126035451889
thumbs_up,Left,0.29185423254966736,0.5487673878669739,-2.858112357895237e-10,0.3436504304409027,0.41279909014701843,0.02722683735191822,0.41913843154907227,0.31407320499420166,0.02895701676607132,0.48083528876304626,0.24850988388061523,0.024699609726667404,0.5169894099235535,0.17718276381492615,0.02364337630569935,0.5071724057197571,0.3644016981124878,0.011804251931607723,0.5806552171707153,0.4293072819709778,0.03076392225921154,0.5509479641914368,0.4575147032737732,0.056027185171842575,0.5174376368522644,0.4445130228996277,0.0705050379037857,0.5050914287567139,0.4623427093029022,-0.007933343760669231,0.5733743906021118,0.5228177309036255,0.01204065140336752,0.535293698310852,0.5347154140472412,0.03870140388607979,0.49540624022483826,0.5152117013931274,0.055148642510175705,0.4894292950630188,0.5638405680656433,-0.0227978378534317,0.5513638257980347,0.5996928811073303,0.0006961619947105646,0.5160711407661438,0.6060611009597778,0.03129751607775688,0.47989293932914734,0.5872494578361511,0.04781056568026543,0.46725332736968994,0.6589539051055908,-0.03742758557200432,0.5149686336517334,0.6721047759056091,-0.010024175979197025,0.48477667570114136,0.6644350290298462,0.016774507239460945,0.4521007835865021,0.6493561267852783,0.03340114653110504
thumbs_up,Left,0.293207049369812,0.5501153469085693,4.1714884324584034e-10,0.34354567527770996,0.41390934586524963,0.027360698208212852,0.4191957712173462,0.31606027483940125,0.027997693046927452,0.4820212721824646,0.25269389152526855,0.02267785184085369,0.5182488560676575,0.1821463704109192,0.020463503897190094,0.5081683993339539,0.36186617612838745,0.008220287039875984,0.5828716158866882,0.43446585536003113,0.025415558367967606,0.5524584650993347,0.4638226628303528,0.049974214285612106,0.5201144814491272,0.4470556974411011,0.0639912337064743,0.5055123567581177,0.45844343304634094,-0.01247234083712101,0.5748596787452698,0.526439905166626,0.006598755717277527,0.5355353355407715,0.5403369665145874,0.03397564962506294,0.4968516230583191,0.5178332328796387,0.050659406930208206,0.4895801544189453,0.5602734684944153,-0.028215479105710983,0.5528541207313538,0.6008939146995544,-0.005257417447865009,0.5167341828346252,0.6098324060440063,0.026575008407235146,0.4811476469039917,0.5894043445587158,0.043682973831892014,0.4677225947380066,0.656354546546936,-0.04371635243296623,0.5162848234176636,0.6740920543670654,-0.016543880105018616,0.48494651913642883,0.6677875518798828,0.010875307954847813,0.45273321866989136,0.6513265371322632,0.027789900079369545
thumbs_up,Left,0.2887223958969116,0.5494638085365295,-3.174435991848412e-10,0.34107914566993713,0.41454964876174927,0.028288567438721657,0.41587555408477783,0.31560516357421875,0.02943853661417961,0.47776466608047485,0.2507815957069397,0.02438703551888466,0.5149516463279724,0.18117350339889526,0.022364497184753418,0.5043006539344788,0.3643939793109894,0.00883011519908905,0.5791212916374207,0.4309088885784149,0.026690533384680748,0.5486755967140198,0.45910096168518066,0.051548734307289124,0.5145473480224609,0.44512611627578735,0.06565393507480621,0.5028997659683228,0.4607369303703308,-0.012152992188930511,0.5731165409088135,0.5208464860916138,0.0063170744106173515,0.535783052444458,0.5329977869987488,0.032908402383327484,0.49607113003730774,0.5138019919395447,0.04912322387099266,0.48788902163505554,0.5614259243011475,-0.02796022780239582,0.5507327318191528,0.5974708199501038,-0.005308207124471664,0.5155007839202881,0.6048321723937988,0.025931529700756073,0.4792347848415375,0.5871613621711731,0.04265085607767105,0.4661945700645447,0.6565346717834473,-0.043457385152578354,0.5144151449203491,0.670356810092926,-0.01685592532157898,0.4840816855430603,0.6629018187522888,0.010139523074030876,0.4516209363937378,0.6475802659988403,0.026833005249500275
thumbs_up,Left,0.2925935685634613,0.5453839898109436,-2.965709622326784e-10,0.345517635345459,0.41309797763824463,0.02786353789269924,0.4210470914840698,0.31636589765548706,0.026646673679351807,0.4832363426685333,0.25307536125183105,0.019298790022730827,0.5209673643112183,0.1852310299873352,0.015136909671127796,0.5066941976547241,0.36361342668533325,0.003668097546324134,0.5822618007659912,0.43729859590530396,0.01843717135488987,0.5514251589775085,0.46415284276008606,0.042382363229990005,0.5174170136451721,0.4454464316368103,0.056363873183727264,0.5027344226837158,0.4602269232273102,-0.017878064885735512,0.5752325057983398,0.5300321578979492,-0.0022184886038303375,0.5359297394752502,0.541546642780304,0.025011634454131126,0.4959149956703186,0.5176376104354858,0.04226516932249069,0.48628371953964233,0.561391294002533,-0.03412899002432823,0.5522384643554688,0.6038405895233154,-0.01319101732224226,0.5159944295883179,0.6105294823646545,0.019952241331338882,0.47937285900115967,0.5887683629989624,0.03839501738548279,0.4639768600463867,0.6565505862236023,-0.05002639815211296,0.5142331719398499,0.6748062968254089,-0.02346193790435791,0.482826828956604,0.6667777895927429,0.00499269412830472,0.45005202293395996,0.6490970849990845,0.02283143438398838
thumbs_up,Left,0.285561203956604,0.5504140853881836,-2.4554996924663897e-10,0.3400256037712097,0.4169258177280426,0.028180528432130814,0.41701579093933105,0.321065217256546,0.028840862214565277,0.480082631111145,0.2580057382583618,0.02341010794043541,0.5173710584640503,0.1864253282546997,0.02114688977599144,0.5044461488723755,0.3688008189201355,0.007229093927890062,0.5786445140838623,0.4341912865638733,0.02451051026582718,0.5486077666282654,0.4641255736351013,0.04958268254995346,0.5150785446166992,0.4519190788269043,0.06401543319225311,0.5015530586242676,0.4661584794521332,-0.013877232559025288,0.5704998970031738,0.5268778800964355,0.004579674918204546,0.5325711965560913,0.5396282076835632,0.03249248117208481,0.4929172396659851,0.5200720429420471,0.04965304583311081,0.4848064184188843,0.5672918558120728,-0.029816558584570885,0.5479210019111633,0.6035555005073547,-0.007546846754848957,0.5124700665473938,0.6101782321929932,0.025175539776682854,0.4760996699333191,0.5915807485580444,0.042961038649082184,0.46145668625831604,0.6625617742538452,-0.045462705194950104,0.5104098320007324,0.6761314868927002,-0.01896209456026554,0.47988033294677734,0.6677570343017578,0.009219680912792683,0.44671693444252014,0.6520002484321594,0.026807449758052826
thumbs_up,Left,0.2911606431007385,0.5417638421058655,-1.5531478880781435e-10,0.34654152393341064,0.4084344506263733,0.02779725193977356,0.422564834356308,0.31224340200424194,0.028682952746748924,0.485148161649704,0.25048601627349854,0.022936156019568443,0.523239254951477,0.1857752501964569,0.02008999139070511,0.5073729157447815,0.36577850580215454,0.01218083593994379,0.5812089443206787,0.4340457618236542,0.028875166550278664,0.5521847009658813,0.4573438763618469,0.05197370424866676,0.5192283987998962,0.4403912425041199,0.06509309262037277,0.5038578510284424,0.46126261353492737,-0.009139128029346466,0.5725513100624084,0.525417685508728,0.008568421006202698,0.5353072285652161,0.5331853628158569,0.0329018160700798,0.49550318717956543,0.5115119814872742,0.047729916870594025,0.48737508058547974,0.5606899857521057,-0.02569671906530857,0.5509702563285828,0.5996312499046326,-0.0038571117911487818,0.5155589580535889,0.6027531027793884,0.025898709893226624,0.47877395153045654,0.5823622345924377,0.04180798679590225,0.46452921628952026,0.6540876626968384,-0.042065877467393875,0.5146838426589966,0.6711575984954834,-0.015940526500344276,0.48372727632522583,0.6600930690765381,0.010680866427719593,0.4500768184661865,0.6422014236450195,0.027145320549607277
thumbs_up,Left,0.28931474685668945,0.5396242141723633,-1.0176358367086635e-10,0.34365135431289673,0.4074768126010895,0.03026692196726799,0.41858163475990295,0.31283891201019287,0.031123751774430275,0.48074913024902344,0.25236865878105164,0.025472288951277733,0.5190836191177368,0.18491896986961365,0.022824591025710106,0.5037533044815063,0.3620680570602417,0.0074681625701487064,0.5782243013381958,0.42964306473731995,0.024786991998553276,0.5483092665672302,0.4582343101501465,0.04989220201969147,0.5153608322143555,0.44457221031188965,0.06423655897378922,0.5004572868347168,0.4581771194934845,-0.014757515862584114,0.5706974267959595,0.5209895372390747,0.0035326869692653418,0.5331968069076538,0.5331262946128845,0.03140335902571678,0.4940841794013977,0.5130642652511597,0.04843487963080406,0.4840638339519501,0.5581857562065125,-0.0315358005464077,0.5477843284606934,0.5970685482025146,-0.008626013062894344,0.5121262669563293,0.6035165190696716,0.024348042905330658,0.4759901165962219,0.5842869877815247,0.042029526084661484,0.4613684117794037,0.6527260541915894,-0.0477900505065918,0.5110030770301819,0.6687639951705933,-0.02078695222735405,0.4807528257369995,0.6605689525604248,0.007439689710736275,0.4483722448348999,0.6444573998451233,0.024875827133655548
thumbs_up,Left,0.2903227210044861,0.5453155040740967,2.2546368938503036e-10,0.3439747989177704,0.412668913602829,0.024170560762286186,0.42088478803634644,0.31494593620300293,0.021845517680048943,0.48456940054893494,0.253173828125,0.013432628475129604,0.523512065410614,0.18683534860610962,0.008206763304769993,0.5033180713653564,0.36385881900787354,0.0038767571095377207,0.5794246792793274,0.4344746172428131,0.01723899133503437,0.5491048693656921,0.462539404630661,0.03960205242037773,0.5160706043243408,0.4465888440608978,0.05237269401550293,0.499186635017395,0.45906496047973633,-0.017182309180498123,0.5711013078689575,0.5275476574897766,-0.0029110279865562916,0.5313882231712341,0.5392428040504456,0.021936481818556786,0.4918937087059021,0.5162973999977112,0.03752705082297325,0.4830164909362793,0.5587365627288818,-0.03370453417301178,0.5487161874771118,0.6006498336791992,-0.014593962579965591,0.512413501739502,0.6072767972946167,0.015908099710941315,0.47634822130203247,0.5864379405975342,0.03262696787714958,0.46100473403930664,0.6534601449966431,-0.050318773835897446,0.5119743347167969,0.671199381351471,-0.025666726753115654,0.48090335726737976,0.6635627746582031,0.001035801600664854,0.44827327132225037,0.647054135799408,0.01762063056230545
thumbs_up,Left,0.28608059883117676,0.5464789867401123,1.4278558890801207e-10,0.3411373496055603,0.41451960802078247,0.02576611563563347,0.4186977446079254,0.3170557916164398,0.023617485538125038,0.4830109477043152,0.25647491216659546,0.01516637671738863,0.5234860777854919,0.19125118851661682,0.009900521486997604,0.5009185075759888,0.36529386043548584,0.003529641544446349,0.577617883682251,0.4357943534851074,0.01724766008555889,0.5473034381866455,0.46431034803390503,0.04033958166837692,0.514357328414917,0.4484882056713104,0.053529661148786545,0.49662700295448303,0.46084102988243103,-0.018427537754178047,0.5699417591094971,0.526992917060852,-0.0040049804374575615,0.5305410623550415,0.5387018322944641,0.02221822179853916,0.49094781279563904,0.5160918235778809,0.038688890635967255,0.47999778389930725,0.560646653175354,-0.035623952746391296,0.5472074747085571,0.6014007329940796,-0.016369737684726715,0.5106414556503296,0.6083081960678101,0.01577966846525669,0.47408562898635864,0.5883222222328186,0.03352051228284836,0.4573265314102173,0.6555691957473755,-0.052749257534742355,0.5097519159317017,0.672473132610321,-0.028212880715727806,0.47882750630378723,0.6644951105117798,-0.0005286384257487953,0.44594040513038635,0.6483029127120972,0.016788369044661522
thumbs_up,Left,0.2873220443725586,0.5430250763893127,3.7735048419307304e-10,0.3397863805294037,0.40843936800956726,0.026953473687171936,0.41497665643692017,0.31145498156547546,0.026880457997322083,0.47909116744995117,0.2520934045314789,0.020568642765283585,0.5209219455718994,0.19092288613319397,0.017071790993213654,0.5027329325675964,0.36222243309020996,0.009033514186739922,0.5784860849380493,0.43857452273368835,0.026052117347717285,0.5484426617622375,0.46376097202301025,0.049610037356615067,0.5159737467765808,0.4448528587818146,0.06274355202913284,0.49905556440353394,0.4588773548603058,-0.011902974918484688,0.5685136318206787,0.5297126173973083,0.006591562647372484,0.529930830001831,0.5379310250282288,0.031841665506362915,0.4910949468612671,0.5132970809936523,0.04684662073850632,0.48273760080337524,0.5587814450263977,-0.02793077565729618,0.5461701154708862,0.6016464829444885,-0.005442272871732712,0.5102297067642212,0.6062749028205872,0.024618040770292282,0.47434279322624207,0.5843156576156616,0.04038405045866966,0.4604698419570923,0.651931643486023,-0.04366867244243622,0.510977566242218,0.6711553335189819,-0.01769951544702053,0.4797644317150116,0.6623420715332031,0.008671415969729424,0.44669198989868164,0.6443833708763123,0.024858538061380386
thumbs_up,Left,0.28868478536605835,0.5436405539512634,4.6490344907113013e-10,0.3416478633880615,0.4094202518463135,0.027640249580144882,0.41598910093307495,0.31286194920539856,0.02787316031754017,0.47954824566841125,0.25323233008384705,0.02177899144589901,0.5203106999397278,0.18933454155921936,0.018690114840865135,0.5012029409408569,0.36115023493766785,0.008925961330533028,0.576289176940918,0.4297926425933838,0.02601008303463459,0.5470143556594849,0.4587981402873993,0.05024489387869835,0.5144656896591187,0.44488126039505005,0.06398282945156097,0.4984264075756073,0.4570809602737427,-0.012232458218932152,0.5687164664268494,0.5224575400352478,0.005654192995280027,0.5313098430633545,0.5344443321228027,0.0315767377614975,0.49229365587234497,0.5140140652656555,0.04741184040904045,0.4827585816383362,0.5572236776351929,-0.028378892689943314,0.546034574508667,0.5979940295219421,-0.006017058622092009,0.5104503035545349,0.6046230792999268,0.024893123656511307,0.47436895966529846,0.5853375196456909,0.04142816737294197,0.4610140919685364,0.6520127654075623,-0.04421767592430115,0.5101688504219055,0.6706023812294006,-0.017706865444779396,0.4797655940055847,0.6624475717544556,0.009202729910612106,0.44749191403388977,0.6457378268241882,0.025811031460762024
thumbs_up,Left,0.28399837017059326,0.5481005907058716,4.070690728941173e-10,0.33690229058265686,0.4150644838809967,0.02657279744744301,0.41369277238845825,0.3187924921512604,0.02601880580186844,0.47774118185043335,0.2593807578086853,0.019079582765698433,0.5169484615325928,0.19252163171768188,0.015294726938009262,0.4985803961753845,0.3648082911968231,0.007472016382962465,0.5746006965637207,0.43560948967933655,0.022452061995863914,0.5435148477554321,0.46499690413475037,0.04583199322223663,0.5103126764297485,0.4489296078681946,0.05911559611558914,0.49567481875419617,0.45963114500045776,-0.014305569231510162,0.5674676895141602,0.5257885456085205,0.0010575948981568217,0.5279178619384766,0.5392800569534302,0.026927558705210686,0.48818278312683105,0.5178925395011902,0.043222732841968536,0.4795076251029968,0.5590935349464417,-0.03140236437320709,0.5447012782096863,0.6004767417907715,-0.011702821590006351,0.508014976978302,0.6089465618133545,0.019581958651542664,0.4716338515281677,0.5895745158195496,0.03688712790608406,0.4568774402141571,0.6540006399154663,-0.0483977235853672,0.5065129399299622,0.6718879342079163,-0.023561952635645866,0.47545742988586426,0.6650034189224243,0.00343924667686224,0.4430997967720032,0.6487700939178467,0.02035519666969776
thumbs_up,Left,0.2869347035884857,0.5499566793441772,3.6824363003340466e-10,0.33920910954475403,0.4160877764225006,0.026107216253876686,0.41399601101875305,0.3170105814933777,0.02459532581269741,0.4778512120246887,0.2563946843147278,0.016836341470479965,0.5188631415367126,0.19393831491470337,0.012124435044825077,0.4973500967025757,0.36436784267425537,0.004599005915224552,0.5741713047027588,0.4361506998538971,0.01958010531961918,0.5431268215179443,0.46412429213523865,0.04308166354894638,0.5098310112953186,0.44636619091033936,0.056309353560209274,0.4936118423938751,0.46053966879844666,-0.017070366069674492,0.5661178827285767,0.5273087024688721,-0.0011543199652805924,0.5272828936576843,0.5391431450843811,0.02471209317445755,0.48799610137939453,0.516321063041687,0.04052339121699333,0.4778484106063843,0.560905396938324,-0.03385426104068756,0.543336033821106,0.6013616323471069,-0.013104286044836044,0.5068187117576599,0.608778178691864,0.018242154270410538,0.47052115201950073,0.5884848833084106,0.03508391231298447,0.4564600884914398,0.6561393141746521,-0.05046701431274414,0.5078418254852295,0.6729629039764404,-0.025283582508563995,0.4765308201313019,0.6658127903938293,0.0017682098550722003,0.44380471110343933,0.6495354175567627,0.018509525805711746
thumbs_up,Left,0.28282999992370605,0.5492916107177734,4.412541165788042e-10,0.3332761526107788,0.4160008132457733,0.02208002470433712,0.4090680778026581,0.315542995929718,0.01951058954000473,0.4739338755607605,0.2547879219055176,0.011163651011884212,0.5163217782974243,0.19255349040031433,0.005729946307837963,0.49535971879959106,0.36040619015693665,0.0037407781928777695,0.5727618336677551,0.4356577396392822,0.017560161650180817,0.5414350628852844,0.46395981311798096,0.03950394690036774,0.508574903011322,0.44483909010887146,0.05159915238618851,0.49229803681373596,0.45604845881462097,-0.016447236761450768,0.5643289685249329,0.524770200252533,-0.0018764639971777797,0.5240774154663086,0.536229133605957,0.021939227357506752,0.4851516783237457,0.5118140578269958,0.03643450513482094,0.47696998715400696,0.5563501715660095,-0.032320670783519745,0.541893720626831,0.5977252125740051,-0.01361694373190403,0.505054771900177,0.606049656867981,0.01539438497275114,0.46916407346725464,0.585400402545929,0.03100220113992691,0.45548737049102783,0.6517689824104309,-0.04835746809840202,0.5072211027145386,0.6690866947174072,-0.025453034788370132,0.4758753180503845,0.6629201769828796,-0.0002775558677967638,0.44318246841430664,0.6464636325836182,0.015383027493953705
